Rank,Movies,gross,theater sale,total gross,distributor,Year
1,The Avengers,"$623,357,910",5827.660000000001,835299599.4000001,Walt Disney Studios Motion Pictures,2012
2,The Dark Knight Rises,"$448,139,099",5901.360000000001,600506392.6600001,Warner Bros.,2012
3,The Hunger Games,"$408,010,692",5543.58,546734327.2800001,Lions Gate Films,2012
4,Skyfall,"$290,904,271",4724.84,407842771.18,Sony Pictures Entertainment (SPE),2012
5,The Twilight Saga: Breaking Dawn - Part 2,"$286,422,893",5453.8,391715147.58000004,Lions Gate Films,2012
6,The Amazing Spider-Man,"$262,030,663",5786.12,351121088.42,Sony Pictures Entertainment (SPE),2012
7,Brave,"$237,259,676",5579.76,317959497.38,Walt Disney Studios Motion Pictures,2012
8,The Hobbit: An Unexpected Journey,"$228,546,604",5494.0,406024781.12,Warner Bros.,2012
9,Ted,"$218,815,487",4426.02,293212752.58000004,Universal Pictures,2012
10,Madagascar 3: Europe's Most Wanted,"$216,391,482",5712.42,289964585.88,DreamWorks,2012
11,The Lorax,"$214,030,500",5050.46,286800870.0,Universal Pictures,2012
12,Men in Black 3,"$179,020,854",5692.320000000001,239887944.36,Sony Pictures Entertainment (SPE),2012
13,Wreck-It Ralph,"$175,990,019",5027.68,253826671.26000002,Walt Disney Studios Motion Pictures,2012
14,Ice Age: Continental Drift,"$161,139,599",5207.240000000001,216171269.62,Twentieth Century Fox,2012
15,Snow White and the Huntsman,"$155,332,381",5061.18,208145390.54000002,Universal Pictures,2012
16,Hotel Transylvania,"$145,321,690",4522.5,198739484.32000002,Sony Pictures Entertainment (SPE),2012
17,Taken 2,"$138,936,379",4966.04,187404744.58,Twentieth Century Fox,2012
18,21 Jump Street,"$138,447,667",4218.320000000001,185519873.78,Sony Pictures Entertainment (SPE),2012
19,Lincoln,"$134,189,097",3072.6200000000003,244158683.82000002,Walt Disney Studios Motion Pictures,2012
20,Prometheus,"$126,477,084",4612.280000000001,169479292.56,Twentieth Century Fox,2012
21,Safe House,"$126,373,434",4182.14,169340401.56,Universal Pictures,2012
22,The Vow,"$125,014,030",4070.92,167518800.20000002,Screen Gems,2012
23,Magic Mike,"$113,721,571",4180.8,152386905.14000002,Warner Bros.,2012
24,The Bourne Legacy,"$113,203,870",5029.02,151693185.8,Universal Pictures,2012
25,Argo,"$108,720,920",4350.9800000000005,182274174.02,Warner Bros.,2012
26,Journey 2: The Mysterious Island,"$103,860,290",4690.0,139172788.6,Warner Bros.,2012
27,Flight,"$91,978,551",3534.92,125654982.50000001,Paramount Pictures,2012
28,Think Like a Man,"$91,547,205",2749.6800000000003,122673254.7,Screen Gems,2012
29,Rise of the Guardians,"$91,337,659",4920.4800000000005,138573095.72,DreamWorks,2012
30,Mission: Impossible - Ghost Protocol,"$87,050,578",4763.700000000001,280593190.02000004,Paramount Pictures,2012
31,The Campaign,"$86,907,746",4424.68,116456379.64,Warner Bros.,2012
32,Life of Pi,"$85,639,816",3947.6400000000003,167482610.82000002,Twentieth Century Fox,2012
33,The Expendables 2,"$85,028,192",4495.7,113937777.28,Lions Gate Films,2012
34,Wrath of the Titans,"$83,670,083",4750.3,112117911.22000001,Warner Bros.,2012
35,Dark Shadows,"$79,727,149",5031.700000000001,106834379.66000001,Warner Bros.,2012
36,John Carter,"$73,078,100",5023.66,97924654.0,Walt Disney Studios Motion Pictures,2012
37,Les Misérables,"$72,967,240",3922.1800000000003,199405091.8,Universal Pictures,2012
38,Act of Valor,"$70,012,847",4091.0200000000004,93817214.98,Relativity Media,2012
39,Django Unchained,"$68,605,611",4036.0800000000004,218159281.56,The Weinstein Company,2012
40,Contraband,"$66,528,000",3845.8,89147520.0,Universal Pictures,2012
41,Looper,"$66,475,042",4010.6200000000003,89091514.7,TriStar Pictures,2012
42,Madea's Witness Protection,"$65,653,242",2895.7400000000002,87975344.28,Lions Gate Films,2012
43,Battleship,"$65,422,625",4960.68,87666317.5,Universal Pictures,2012
44,Mirror Mirror,"$64,935,167",4848.12,87013123.78,Relativity Media,2012
45,Chronicle,"$64,575,175",3896.7200000000003,86530734.5,Twentieth Century Fox,2012
46,Pitch Perfect,"$64,427,368",3734.5800000000004,87101464.62,Universal Pictures,2012
47,Hope Springs,"$63,536,011",3270.94,85138254.74000001,Sony Pictures Entertainment (SPE),2012
48,Sherlock Holmes: A Game of Shadows,"$62,796,789",4962.02,250376880.12,Warner Bros.,2012
49,Underworld: Awakening,"$62,321,039",4124.52,83510192.26,Screen Gems,2012
50,The Lucky One,"$60,457,138",4254.5,81012564.92,Warner Bros.,2012
51,The Dictator,"$59,650,222",4038.76,79931297.48,Paramount Pictures,2012
52,Total Recall,"$58,877,969",4825.34,78896478.46000001,Sony Pictures Entertainment (SPE),2012
53,Titanic2012 3D Release,"$57,884,114",4923.16,77564712.76,Paramount Pictures,2012
54,American Reunion,"$57,011,521",4292.02,76395438.14,Universal Pictures,2012
55,ParaNorman,"$55,995,988",4629.700000000001,75044088.34,Focus Features,2012
56,This Means War,"$54,760,791",4273.26,73379459.94,Twentieth Century Fox,2012
57,Project X,"$54,731,865",4093.7000000000003,73340699.10000001,Warner Bros.,2012
58,The Woman in Black,"$54,333,290",3827.0400000000004,72806608.60000001,CBS Films,2012
59,Paranormal Activity 4,"$53,886,994",4572.08,72205900.0,Paramount Pictures,2012
60,The Devil Inside,"$53,261,944",3418.34,71371004.96000001,Paramount Pictures,2012
61,The Girl with the Dragon Tattoo,"$52,177,103",3953.0000000000005,137371162.62,Sony Pictures Entertainment (SPE),2012
62,The Odd Life of Timothy Green,"$51,816,367",3640.78,69485532.5,Walt Disney Studios Motion Pictures,2012
63,Ghost Rider: Spirit of Vengeance,"$51,774,002",4253.16,69377162.68,Sony Pictures Entertainment (SPE),2012
64,The Grey,"$51,580,236",4298.72,69117516.24000001,Open Road Films (II),2012
65,Red Tails,"$49,876,377",3447.82,66834345.18000001,Twentieth Century Fox,2012
66,The Possession,"$49,130,154",3832.4,65834406.36000001,Lions Gate Films,2012
67,Diary of a Wimpy Kid: Dog Days,"$49,008,662",4557.34,65671607.080000006,Twentieth Century Fox,2012
68,Sinister,"$48,061,556",3406.28,64436450.02,Lions Gate Films,2012
69,Beauty and the Beast2012 3D Release,"$47,617,067",3517.5,63806869.78,Walt Disney Studios Motion Pictures,2012
70,Jack Reacher,"$47,550,642",4491.68,107294786.24000001,Paramount Pictures,2012
71,Savages,"$47,382,068",3530.9,63491971.120000005,Universal Pictures,2012
72,The Best Exotic Marigold Hotel,"$46,412,041",1739.3200000000002,62192134.940000005,Unkwon,2012
73,Moonrise Kingdom,"$45,512,466",1238.16,60986704.440000005,Focus Features,2012
74,Alvin and the Chipmunks: Chipwrecked,"$44,959,546",5003.56,178368394.28,Twentieth Century Fox,2012
75,The Three Stooges,"$44,338,224",4665.88,59413220.160000004,Twentieth Century Fox,2012
76,The Descendants,"$44,209,129",2730.92,110662774.4,Unkwon,2012
77,Here Comes the Boom,"$43,599,656",4038.76,60689026.120000005,Sony Pictures Entertainment (SPE),2012
78,War Horse,"$43,532,682",3827.0400000000004,107045737.86,Walt Disney Studios Motion Pictures,2012
79,Red Dawn,"$43,468,052",3726.5400000000004,60041089.220000006,FilmDistrict,2012
80,Star Wars: Episode I - The Phantom Menace2012 3D Release,"$43,456,382",3557.7000000000003,58231551.88,Twentieth Century Fox,2012
81,Resident Evil: Retribution,"$42,345,531",4041.44,56743011.54000001,Screen Gems,2012
82,The Cabin in the Woods,"$42,073,277",3766.7400000000002,56378191.18,Lions Gate Films,2012
83,What to Expect When You're Expecting,"$41,152,203",4048.1400000000003,55143952.02,Lions Gate Films,2012
84,Finding Nemo2012 3D Release,"$41,040,308",3891.36,55111899.220000006,Walt Disney Studios Motion Pictures,2012
85,End of Watch,"$40,766,734",3725.2000000000003,54944517.14,Open Road Films (II),2012
86,The Artist,"$40,075,103",2353.04,59860053.88,The Weinstein Company,2012
87,This Is 40,"$38,951,960",3927.5400000000004,90509636.7,Universal Pictures,2012
88,We Bought a Zoo,"$38,785,097",4247.8,101336897.0,Twentieth Century Fox,2012
89,Rock of Ages,"$38,518,613",4649.8,51614941.42,Warner Bros.,2012
90,Abraham Lincoln: Vampire Hunter,"$37,519,139",4166.06,50275646.260000005,Twentieth Century Fox,2012
91,Lawless,"$37,400,127",4204.92,50116170.18,The Weinstein Company,2012
92,That's My Boy,"$36,931,089",4060.2000000000003,49487659.260000005,Sony Pictures Entertainment (SPE),2012
93,Trouble with the Curve,"$35,763,137",4304.08,47922603.580000006,Warner Bros.,2012
94,The Watch,"$35,353,000",4245.12,47373020.0,Twentieth Century Fox,2012
95,Step Up Revolution,"$35,074,677",3492.0400000000004,47000067.18,Lions Gate Films,2012
96,Good Deeds,"$35,025,791",2856.88,46934559.940000005,Lions Gate Films,2012
97,Frankenweenie,"$34,713,382",4026.7000000000003,47290031.120000005,Walt Disney Studios Motion Pictures,2012
98,Parental Guidance,"$33,993,350",4513.12,103538176.64,Twentieth Century Fox,2012
99,The Adventures of Tintin,"$33,739,804",4136.58,103973053.54,Paramount Pictures,2012
100,2016: Obama's America,"$33,448,794",2702.78,44821775.24,Rocky Mountain Pictures,2012
101,House at the End of the Street,"$31,611,916",4131.22,42359967.440000005,Relativity Media,2012
102,Extremely Loud & Incredibly Close,"$31,579,958",3524.2000000000003,42676160.54,Warner Bros.,2012
103,The Pirates! Band of Misfits,"$31,051,126",4499.72,41608508.84,Sony Pictures Entertainment (SPE),2012
104,Joyful Noise,"$30,932,113",3664.9,41449031.42,Warner Bros.,2012
105,The Iron Lady,"$29,875,240",1666.96,40224109.28,The Weinstein Company,2012
106,Chimpanzee,"$28,972,764",2099.78,38823503.760000005,Walt Disney Studios Motion Pictures,2012
107,The Five-Year Engagement,"$28,835,528",3940.94,38639607.52,Universal Pictures,2012
108,Silver Linings Playbook,"$28,458,986",3764.0600000000004,177004563.72,The Weinstein Company,2012
109,Cloud Atlas,"$26,785,673",2710.82,36325084.480000004,Warner Bros.,2012
110,One for the Money,"$26,414,527",3667.5800000000004,35395466.18,Lions Gate Films,2012
111,Alex Cross,"$25,869,488",3404.94,34690472.080000006,Lions Gate Films,2012
112,Part of Me,"$25,326,071",3660.88,33936935.14,Paramount Pictures,2012
113,Hugo,"$25,241,242",3494.7200000000003,98978439.38000001,Paramount Pictures,2012
114,Sparkle,"$24,397,469",3006.96,32692608.46,TriStar Pictures,2012
115,The Guilt Trip,"$22,770,921",3257.5400000000004,49759848.1,Paramount Pictures,2012
116,Tinker Tailor Soldier Spy,"$20,582,787",1187.24,32360186.62,Focus Features,2012
117,Premium Rush,"$20,275,446",3021.7000000000003,27169097.64,Sony Pictures Entertainment (SPE),2012
118,Big Miracle,"$20,157,300",2858.2200000000003,27010782.0,Universal Pictures,2012
119,"Monsters, Inc.2012 3D Release","$20,013,980",3508.1200000000003,45617628.04,Walt Disney Studios Motion Pictures,2012
120,The Secret World of Arrietty,"$19,202,743",2039.48,25731675.62,Walt Disney Studios Motion Pictures,2012
121,Haywire,"$18,942,396",3270.94,25382810.64,Relativity Media,2012
122,Man on a Ledge,"$18,620,000",4017.32,24950800.0,Lions Gate Films,2012
123,A Thousand Words,"$18,450,127",2539.3,24723170.18,DreamWorks,2012
124,Chernobyl Diaries,"$18,119,640",3260.2200000000003,24280317.6,Warner Bros.,2012
125,Silent Hill: Revelation,"$17,529,157",3930.2200000000003,23489070.380000003,Open Road Films (II),2012
126,Wanderlust,"$17,450,535",2682.6800000000003,23383716.900000002,Universal Pictures,2012
127,The Perks of Being a Wallflower,"$17,328,057",998.3000000000001,23775550.32,Lions Gate Films,2012
128,Safe,"$17,142,080",3043.1400000000003,22970387.200000003,Lions Gate Films,2012
129,To Rome with Love,"$16,685,867",1080.04,22359061.78,Sony Pictures Classics,2012
130,The Raven,"$16,008,272",2960.0600000000004,21451084.48,Relativity Media,2012
131,The Master,"$15,959,567",1157.76,21945547.16,The Weinstein Company,2012
132,The Man with the Iron Fists,"$15,634,090",2508.48,20949680.6,Universal Pictures,2012
133,Seven Psychopaths,"$15,024,049",1983.2,20132225.66,CBS Films,2012
134,Killing Them Softly,"$14,836,630",3248.1600000000003,20134915.040000003,The Weinstein Company,2012
135,Lockout,"$14,326,864",3128.9,19197997.76,FilmDistrict,2012
136,Hit and Run,"$13,749,300",3845.8,18424062.0,Open Road Films (II),2012
137,Dredd,"$13,414,714",3426.38,17975716.76,Lions Gate Films,2012
138,Silent House,"$12,754,783",2846.1600000000003,17091409.220000003,Open Road Films (II),2012
139,Playing for Keeps,"$12,717,917",3805.6000000000004,17558384.48,FilmDistrict,2012
140,People Like Us,"$12,434,778",2753.7000000000003,16662602.520000001,Walt Disney Studios Motion Pictures,2012
141,Gone,"$11,682,205",2929.2400000000002,15654154.700000001,Lions Gate Films,2012
142,The Words,"$11,494,838",3753.34,15403082.920000002,CBS Films,2012
143,Beasts of the Southern Wild,"$11,249,128",426.12,17146299.64,Unkwon,2012
144,Anna Karenina,"$10,825,005",565.48,17173931.78,Focus Features,2012
145,To the Arctic 3D,"$10,518,625",69.68,19511522.92,Warner Bros.,2012
146,New Year's Eve,"$10,339,384",4696.700000000001,73089814.92,Warner Bros.,2012
147,The Intouchables,"$10,145,870",259.96000000000004,13666418.8,The Weinstein Company,2012
148,The Darkest Hour,"$9,771,010",3118.1800000000003,28734281.96,Summit Entertainment,2012
149,Fun Size,"$9,409,538",4041.44,12608780.92,Paramount Pictures,2012
150,Bernie,"$9,206,631",444.88000000000005,12336669.8,Millennium Entertainment,2012
151,Salmon Fishing in the Yemen,"$9,047,981",702.1600000000001,12124294.540000001,CBS Films,2012
152,Cirque du Soleil: Worlds Away,"$8,090,841",1125.6000000000001,16767235.08,Paramount Pictures,2012
153,Arbitrage,"$7,909,613",343.04,10612229.16,Roadside Attractions,2012
154,Friends with Kids,"$7,241,073",857.6,9716437.82,Roadside Attractions,2012
155,Seeking a Friend for the End of the World,"$7,078,738",2177.5,9485508.92,Focus Features,2012
156,A Separation,"$7,068,937",377.88,9512733.700000001,Sony Pictures Classics,2012
157,The Collection,"$6,842,058",1880.0200000000002,9168357.72,LD Entertainment,2012
158,The Muppets,"$6,835,954",4609.6,118765857.58000001,Walt Disney Studios Motion Pictures,2012
159,Born to Be Wild,"$6,498,379",278.72,34811265.04,Warner Bros.,2012
160,The Twilight Saga: Breaking Dawn - Part 1,"$6,445,179",5448.4400000000005,376924758.22,Summit Entertainment,2012
161,My Week with Marilyn,"$5,983,702",844.2,19564464.98,The Weinstein Company,2012
162,Chasing Mavericks,"$5,944,870",2720.2000000000003,8043693.04,Twentieth Century Fox,2012
163,Casa de mi Padre,"$5,909,483",636.5,7918707.220000001,Lions Gate Films,2012
164,Outlaws,"$5,672,846",1014.3800000000001,7601613.640000001,Arc Entertainment,2012
165,The Sessions,"$5,529,310",691.44,8043284.340000001,Unkwon,2012
166,Won't Back Down,"$5,310,554",3372.78,7116142.36,Twentieth Century Fox,2012
167,Hubble,"$5,275,577",202.34,70380691.36,Warner Bros.,2012
168,October Baby2012 Re-release,"$5,157,886",522.6,6911567.24,The Samuel Goldwyn Company,2012
169,Hitchcock,"$5,091,207",751.74,8051627.180000001,Unkwon,2012
170,Young Adult,"$5,004,756",1322.5800000000002,21857505.14,Paramount Pictures,2012
171,The Apparition,"$4,936,819",1085.4,6615337.46,Warner Bros.,2012
172,The Sitter,"$4,830,391",3687.6800000000003,40791376.84,Twentieth Century Fox,2012
173,A Dangerous Method,"$4,278,441",489.1,7644310.0600000005,Sony Pictures Classics,2012
174,"Jeff, Who Lives at Home","$4,269,426",687.4200000000001,5721030.840000001,Paramount Vantage,2012
175,Goon,"$4,168,528",324.28000000000003,5585827.5200000005,Magnolia Pictures,2012
176,The Raid: Redemption,"$4,105,187",1180.54,5500950.58,Sony Pictures Classics,2012
177,Safety Not Guaranteed,"$4,010,957",243.88000000000002,5374682.38,FilmDistrict,2012
178,Puss in Boots,"$4,009,554",5310.42,200009075.36,DreamWorks,2012
179,Bully2012 Re-release,"$3,863,446",352.42,5177017.640000001,The Weinstein Company,2012
180,Flying Monsters 3D with David Attenborough,"$3,825,431",36.18,7645871.16,National Geographic Entertainment,2012
181,The Cold Light of Day,"$3,763,583",2024.74,5043201.220000001,Lions Gate Films,2012
182,Nitro Circus: The Movie,"$3,377,618",1072.0,4526008.12,Arc Entertainment,2012
183,Atlas Shrugged II: The Strike,"$3,336,053",1356.0800000000002,4470311.0200000005,Atlas Distribution Company,2012
184,Last Ounce of Courage,"$3,328,674",1885.38,4461763.16,Rocky Mountain Pictures,2012
185,Pina,"$3,326,405",112.56,4723266.84,IFC Films,2012
186,Happy Feet Two,"$3,314,072",4838.740000000001,85768664.44000001,Warner Bros.,2012
187,Robot & Frank,"$3,298,969",280.06,4455550.92,The Samuel Goldwyn Company,2012
188,Raiders of the Lost Ark2012 IMAX Release,"$3,125,613",431.48,4188321.4200000004,Paramount Pictures,2012
189,Celeste & Jesse Forever,"$3,094,813",785.24,4147049.4200000004,Sony Pictures Classics,2012
190,Jab Tak Hai Jaan,"$3,047,539",219.76000000000002,4083702.2600000002,Yash Raj Films,2012
191,Albert Nobbs,"$3,014,696",328.3,4039692.64,Roadside Attractions,2012
192,Searching for Sugar Man,"$3,008,598",210.38000000000002,4952902.640000001,Sony Pictures Classics,2012
193,Talaash: The Answer Lies Within,"$2,853,901",230.48000000000002,3848421.04,Reliance Big Pictures,2012
194,Barfi!,"$2,804,874",176.88000000000002,3758531.16,UTV Motion Pictures,2012
195,Singin' in the Rain2012 Re-release,"$2,630,639",751.74,2155959.5,Warner Bros.,2012
196,Samsara,"$2,618,734",93.80000000000001,3581033.4200000004,Oscilloscope,2012
197,Girl in Progress,"$2,609,412",431.48,3496612.08,Lions Gate Films,2012
198,Jiro Dreams of Sushi,"$2,552,478",107.2,3420320.52,Magnolia Pictures,2012
199,Ruby Sparks,"$2,540,106",349.74,3403742.04,Unkwon,2012
200,Jack and Jill,"$2,459,220",4606.92,99371930.38000001,Sony Pictures Entertainment (SPE),2012
