Rank,Movies,gross,theater sale,total gross,distributor,Year
1,Finding Nemo,"$339,714,184",5719.75,567324013.26,Walt Disney Studios Motion Pictures,2003
2,Pirates of the Caribbean: The Curse of the Black Pearl,"$305,398,779",5704.719999999999,510041243.06,Walt Disney Studios Motion Pictures,2003
3,The Matrix Reloaded,"$281,576,461",6017.009999999999,470232689.87,Warner Bros.,2003
4,The Lord of the Rings: The Return of the King,"$249,445,927",6184.009999999999,629635632.75,New Line Cinema,2003
5,Bruce Almighty,"$242,829,261",5926.83,405524865.87,Universal Pictures,2003
6,X2,"$214,949,694",6260.83,358965988.97999996,Twentieth Century Fox,2003
7,Elf,"$167,547,000",5646.2699999999995,289575525.06,New Line Cinema,2003
8,Chicago,"$167,511,932",4510.67,285048155.06,Miramax,2003
9,Terminator 3: Rise of the Machines,"$150,371,112",5851.679999999999,251119757.04,Warner Bros.,2003
10,Bad Boys II,"$138,608,444",5347.34,231476101.48,Sony Pictures Entertainment (SPE),2003
11,The Matrix Revolutions,"$138,041,173",5848.34,232654293.16,Warner Bros.,2003
12,Anger Management,"$135,645,823",6105.5199999999995,226528524.41,Revolution Studios,2003
13,Bringing Down the House,"$132,716,848",4859.7,221636850.59,Walt Disney Studios Motion Pictures,2003
14,Hulk,"$132,177,234",6135.58,220735980.78,Universal Pictures,2003
15,2 Fast 2 Furious,"$127,154,901",5708.0599999999995,212348684.67,Universal Pictures,2003
16,The Lord of the Rings: The Two Towers,"$121,193,976",6048.74,567449101.27,New Line Cinema,2003
17,Seabiscuit,"$120,231,534",4296.91,200864016.17999998,Universal Pictures,2003
18,S.W.A.T.,"$116,934,650",5377.4,195280865.5,Sony Pictures Entertainment (SPE),2003
19,Spy Kids 3: Game Over,"$111,637,760",5657.96,186642509.94,Dimension Films,2003
20,Freaky Friday,"$110,100,826",5121.889999999999,184084654.44,Walt Disney Studios Motion Pictures,2003
21,Scary Movie 3,"$109,362,202",5853.349999999999,183705372.39,Dimension Films,2003
22,The Italian Job,"$106,128,601",4804.59,177234763.67,Paramount Pictures,2003
23,How to Lose a Guy in 10 Days,"$105,813,373",4881.41,176708332.91,Paramount Pictures,2003
24,American Wedding,"$104,565,114",5302.25,174623740.38,Universal Pictures,2003
25,Daddy Day Care,"$104,297,061",5798.24,174176091.87,Revolution Studios,2003
26,Daredevil,"$102,543,518",5801.58,171247675.06,Twentieth Century Fox,2003
27,Catch Me If You Can,"$102,042,590",5385.75,274907636.17,DreamWorks Distribution,2003
28,Charlie's Angels: Full Throttle,"$100,830,111",5819.95,168386285.37,Sony Pictures Entertainment (SPE),2003
29,The Cat in the Hat,"$98,050,995",5789.889999999999,168919305.95,Universal Pictures,2003
30,"Legally Blonde 2: Red, White & Blonde","$90,186,328",5636.25,150611167.76,Metro-Goldwyn-Mayer (MGM),2003
31,Freddy vs. Jason,"$82,618,358",5033.38,137979833.85,New Line Cinema,2003
32,Brother Bear,"$82,580,265",5060.099999999999,142511582.59,Walt Disney Studios Motion Pictures,2003
33,Master and Commander: The Far Side of the World,"$81,531,748",5178.67,156859626.4,Twentieth Century Fox,2003
34,The Texas Chainsaw Massacre,"$80,235,942",5040.0599999999995,134554663.85,New Line Cinema,2003
35,School of Rock,"$79,870,600",4928.17,135706165.59,Paramount Pictures,2003
36,The Last Samurai,"$79,722,506",4906.46,185582529.20999998,Warner Bros.,2003
37,Old School,"$75,585,093",4579.139999999999,126227105.30999999,DreamWorks Distribution,2003
38,Kill Bill: Vol. 1,"$69,709,607",5180.34,117065405.14999999,Miramax,2003
39,Holes,"$67,406,573",4094.8399999999997,112568976.91,Walt Disney Studios Motion Pictures,2003
40,The Haunted Mansion,"$67,016,288",5213.74,126664934.22,Walt Disney Studios Motion Pictures,2003
41,Kangaroo Jack,"$66,934,963",4756.16,111781388.21,Warner Bros.,2003
42,The League of Extraordinary Gentlemen,"$66,465,204",5013.34,110996890.67999999,Twentieth Century Fox,2003
43,Lara Croft: Tomb Raider - The Cradle of Life,"$65,660,196",5380.74,109652527.32,Paramount Pictures,2003
44,Something's Gotta Give,"$65,230,765",4802.92,208296992.45999998,Sony Pictures Entertainment (SPE),2003
45,About Schmidt,"$61,997,645",2070.7999999999997,108577199.28999999,New Line Cinema,2003
46,Shanghai Knights,"$60,476,906",4600.849999999999,100996376.24,Walt Disney Studios Motion Pictures,2003
47,Open Range,"$58,331,254",3787.56,97413194.17999999,Walt Disney Studios Motion Pictures,2003
48,Gothika,"$57,711,948",3977.94,99689948.6,Warner Bros.,2003
49,Love Actually,"$56,446,240",2862.3799999999997,99692560.47999999,Universal Pictures,2003
50,Once Upon a Time in Mexico,"$56,359,780",5492.63,94120832.6,Sony Pictures Entertainment (SPE),2003
51,Just Married,"$56,127,162",4624.23,93732360.53999999,Twentieth Century Fox,2003
52,Cheaper by the Dozen,"$55,618,744",5522.69,231486288.48,Twentieth Century Fox,2003
53,Mystic River,"$53,765,605",2640.27,150525768.97,Warner Bros.,2003
54,Bad Santa,"$52,849,000",4241.8,100300747.75999999,Dimension Films,2003
55,The Recruit,"$52,802,070",3967.9199999999996,88179573.8,Walt Disney Studios Motion Pictures,2003
56,Identity,"$52,180,374",4564.11,87106425.11999999,Sony Pictures Entertainment (SPE),2003
57,Underworld,"$51,791,168",4889.76,86791052.3,Screen Gems,2003
58,Radio,"$51,422,388",5133.58,87397342.46,Revolution Studios,2003
59,Runaway Jury,"$48,931,905",4701.05,82570858.75999999,Twentieth Century Fox,2003
60,Agent Cody Banks,"$47,938,330",5626.23,80057011.1,Metro-Goldwyn-Mayer (MGM),2003
61,The Jungle Book 2,"$47,906,341",4701.05,79995641.94,Walt Disney Studios Motion Pictures,2003
62,The Rundown,"$47,726,342",5267.179999999999,79702991.14,Universal Pictures,2003
63,Final Destination 2,"$46,977,989",4732.78,78425227.38,New Line Cinema,2003
64,Phone Booth,"$46,566,212",4156.63,77765574.03999999,Twentieth Century Fox,2003
65,28 Days Later,"$45,064,915",2349.69,75258408.05,Unkwon,2003
66,Tears of the Sun,"$43,734,892",4964.91,73037242.92,Revolution Studios,2003
67,Gangs of New York,"$43,461,051",3907.7999999999997,129946040.0,Miramax,2003
68,Under the Tuscan Sun,"$43,180,328",2840.67,72829907.41,Walt Disney Studios Motion Pictures,2003
69,Two Weeks Notice,"$43,153,532",4600.849999999999,155902601.17,Warner Bros.,2003
70,The Lizzie McGuire Movie,"$42,734,455",4717.75,71366539.85,Walt Disney Studios Motion Pictures,2003
71,Secondhand Lions,"$42,071,531",5073.46,70258468.13,New Line Cinema,2003
72,The Hours,"$41,168,679",1686.6999999999998,69598909.98,Paramount Pictures,2003
73,Out of Time,"$41,052,503",5136.92,68618371.14999999,Metro-Goldwyn-Mayer (MGM),2003
74,Rugrats Go Wild,"$39,402,572",5078.469999999999,65802295.239999995,Paramount Pictures,2003
75,Mona Lisa Smile,"$38,594,145",4532.38,106647773.14,Revolution Studios,2003
76,Head of State,"$38,125,247",3767.52,63669162.489999995,DreamWorks Distribution,2003
77,Good Boy,"$37,650,360",5385.75,62905135.82,Metro-Goldwyn-Mayer (MGM),2003
78,Uptown Girls,"$37,182,494",4166.65,62094764.98,Metro-Goldwyn-Mayer (MGM),2003
79,Matchstick Men,"$36,906,460",4527.37,61633788.199999996,Warner Bros.,2003
80,National Security,"$36,377,344",4557.429999999999,60756580.62,Sony Pictures Entertainment (SPE),2003
81,What a Girl Wants,"$36,105,433",4949.88,60296073.11,Warner Bros.,2003
82,Jeepers Creepers 2,"$35,666,252",5217.08,59564254.059999995,United Artists,2003
83,Intolerable Cruelty,"$35,267,692",4291.9,58997138.76,Universal Pictures,2003
84,Cradle 2 the Grave,"$34,712,347",4383.75,57969619.489999995,Warner Bros.,2003
85,Malibu's Most Wanted,"$34,432,201",4180.01,57501775.669999994,Warner Bros.,2003
86,The Hunted,"$34,244,097",4203.389999999999,57187641.989999995,Paramount Pictures,2003
87,Dreamcatcher,"$33,715,436",4918.15,56304778.12,Warner Bros.,2003
88,Darkness Falls,"$32,554,133",4784.55,54360831.32,Revolution Studios,2003
89,Bend It Like Beckham,"$32,543,449",1673.34,54347559.83,Unkwon,2003
90,The Pianist,"$32,366,947",1406.1399999999999,54396203.589999996,Focus Features,2003
91,Maid in Manhattan,"$31,880,424",5093.5,156998745.75,Revolution Studios,2003
92,The Core,"$31,186,896",5041.73,52082116.32,Paramount Pictures,2003
93,Lost in Translation,"$30,961,436",1472.9399999999998,74457706.50999999,Focus Features,2003
94,Hollywood Homicide,"$30,940,691",4742.8,51670953.97,Revolution Studios,2003
95,The Fighting Temptations,"$30,250,745",3383.42,50518744.15,Paramount Pictures,2003
96,Johnny English,"$28,082,366",3734.12,46897551.22,Universal Pictures,2003
97,Cold Mountain,"$28,051,514",4679.34,159712970.03,Miramax,2003
98,Honey,"$27,368,200",3293.24,50615056.39,Universal Pictures,2003
99,A Man Apart,"$26,798,622",4166.65,44649283.66,New Line Cinema,2003
100,Basic,"$26,793,311",4802.92,44744829.37,Sony Pictures Entertainment (SPE),2003
101,Stuck on You,"$26,763,656",5021.69,56500677.47,Twentieth Century Fox,2003
102,Sinbad: Legend of the Seven Seas,"$26,483,452",5153.62,44227364.839999996,DreamWorks Distribution,2003
103,Dumb and Dumberer: When Harry Met Lloyd,"$26,277,757",4357.03,43881696.55,New Line Cinema,2003
104,The Missing,"$25,904,967",4602.5199999999995,45108670.6,Revolution Studios,2003
105,Paycheck,"$25,022,077",4612.54,89830053.17,Paramount Pictures,2003
106,Bulletproof Monk,"$23,358,708",4934.849999999999,39009042.36,Metro-Goldwyn-Mayer (MGM),2003
107,Piglet's Big Movie,"$23,101,950",3480.2799999999997,38582716.41,Walt Disney Studios Motion Pictures,2003
108,Dickie Roberts: Former Child Star,"$22,738,671",3478.6099999999997,37973580.57,Paramount Pictures,2003
109,The Medallion,"$22,219,192",4428.84,37106050.64,TriStar Pictures,2003
110,Peter Pan,"$22,111,465",4697.71,80932555.36,Universal Pictures,2003
111,Biker Boyz,"$22,064,769",2954.23,36868209.24,DreamWorks Distribution,2003
112,Cold Creek Manor,"$21,386,011",3398.45,35714638.37,Walt Disney Studios Motion Pictures,2003
113,Cabin Fever,"$21,157,359",3515.35,35334173.96,Lions Gate Films,2003
114,Whale Rider,"$20,779,666",928.52,34702042.22,Newmarket Films,2003
115,The In-Laws,"$20,453,431",4428.84,34157229.769999996,Warner Bros.,2003
116,Looney Tunes: Back in Action,"$20,382,757",4848.01,35055577.879999995,Warner Bros.,2003
117,Down with Love,"$20,305,251",3545.41,33909769.17,Twentieth Century Fox,2003
118,The Life of David Gale,"$19,955,598",3345.0099999999998,33325848.66,Universal Pictures,2003
119,Timeline,"$19,068,097",4654.29,32534844.81,Paramount Pictures,2003
120,Harry Potter and the Chamber of Secrets,"$18,121,111",6148.94,437520764.94,Warner Bros.,2003
121,Adaptation.,"$17,946,961",1122.24,37572528.4,Sony Pictures Entertainment (SPE),2003
122,My Big Fat Greek Wedding,"$17,785,714",3366.72,403201807.35999995,IFC Films,2003
123,A Mighty Wind,"$17,781,006",1285.8999999999999,29694280.02,Warner Bros.,2003
124,The Wild Thornberrys,"$17,697,164",5030.04,66981523.989999995,Paramount Pictures,2003
125,Love Don't Cost a Thing,"$17,602,676",3079.48,36613457.42,Warner Bros.,2003
126,Deliver Us from Eva,"$17,539,222",1902.1299999999999,29347901.98,Focus Features,2003
127,Antwone Fisher,"$17,406,808",1705.07,35200502.15,Unkwon,2003
128,Drumline,"$17,282,795",3067.79,94186637.28,Twentieth Century Fox,2003
129,Space Station 3D,"$16,077,213",106.88,155951201.51,IMAX,2003
130,Confessions of a Dangerous Mind,"$15,986,590",2965.92,26732889.06,Miramax,2003
131,View from the Top,"$15,613,897",4188.36,26075380.0,Miramax,2003
132,My Boss's Daughter,"$15,548,548",3684.02,25969510.349999998,Dimension Films,2003
133,A Guy Thing,"$15,545,431",4208.4,25960869.77,Metro-Goldwyn-Mayer (MGM),2003
134,Wrong Turn,"$15,418,790",2697.0499999999997,25749379.3,Twentieth Century Fox,2003
135,Ghosts of the Abyss,"$15,259,623",161.98999999999998,28458254.57,Walt Disney Studios Motion Pictures,2003
136,Dirty Pretty Things,"$14,864,314",823.31,13547731.379999999,Miramax,2003
137,Alex & Emma,"$14,218,698",3857.7,23745225.66,Warner Bros.,2003
138,How to Deal,"$14,197,991",3872.73,23706029.09,New Line Cinema,2003
139,Gods and Generals,"$12,882,935",2560.1099999999997,21514499.779999997,Warner Bros.,2003
140,25th Hour,"$12,676,545",826.65,21851273.65,Walt Disney Studios Motion Pictures,2003
141,House of 1000 Corpses,"$12,631,898",1414.49,21100386.54,Lions Gate Films,2003
142,The Quiet American,"$12,488,421",661.3199999999999,21691297.669999998,Miramax,2003
143,Confidence,"$12,252,063",3124.5699999999997,20460238.8,Lions Gate Films,2003
144,Die Another Day,"$12,176,580",5639.59,268773372.13,Metro-Goldwyn-Mayer (MGM),2003
145,The Lion King2002 IMAX Release,"$11,977,577",110.22,26195979.05,Walt Disney Studios Motion Pictures,2003
146,The Hot Chick,"$11,085,987",3750.8199999999997,58586261.98,Walt Disney Studios Motion Pictures,2003
147,Winged Migration2003 Re-release,"$10,763,402",337.34,17976551.34,Sony Pictures Classics,2003
148,Narc,"$10,256,880",1372.74,17477650.529999997,Paramount Pictures,2003
149,House of the Dead,"$10,249,719",2571.7999999999997,17117030.73,Artisan Entertainment,2003
150,Swimming Pool,"$10,133,961",432.53,16917280.36,Focus Features,2003
151,Duplex,"$9,692,219",3658.97,16185865.45,Miramax,2003
152,Dark Blue,"$9,250,301",3633.92,15448002.67,United Artists,2003
153,The Divorce,"$9,081,057",1170.6699999999998,15165365.19,Unkwon,2003
154,Boat Trip,"$8,599,116",3011.0099999999998,14362210.42,Artisan Entertainment,2003
155,Seducing Doctor Lewis,"$8,025,397",133.6,15621751.139999999,Odeon,2003
156,Talk to Her2002 Re-release,"$7,772,256",425.84999999999997,15506733.229999999,Sony Pictures Classics,2003
157,Star Trek: Nemesis,"$7,760,057",4527.37,72234863.03,Paramount Pictures,2003
158,Tupac: Resurrection,"$7,718,961",1342.6799999999998,12890664.87,Paramount Pictures,2003
159,The Order,"$7,660,806",3298.25,12793546.02,Twentieth Century Fox,2003
160,It Runs in the Family,"$7,491,839",2015.6899999999998,12511371.129999999,Metro-Goldwyn-Mayer (MGM),2003
161,Willard,"$6,885,125",2942.54,11499768.629999999,New Line Cinema,2003
162,Bowling for Columbine,"$6,202,134",414.15999999999997,36031950.059999995,United Artists,2003
163,Nowhere in Africa,"$6,178,808",130.26,10320934.0,Zeitgeist Films,2003
164,Chasing Papi,"$6,130,049",976.9499999999999,10237181.83,Twentieth Century Fox,2003
165,Gigli,"$6,087,542",3699.0499999999997,10166195.139999999,Revolution Studios,2003
166,American Splendor,"$6,011,630",454.24,10038353.299999999,Fine Line Features,2003
167,Spellbound,"$5,728,581",195.39,9566730.27,THINKFilm,2003
168,T-Rex: Back to the Cretaceous,"$5,727,822",63.459999999999994,89102420.81,IMAX,2003
169,Far from Heaven,"$5,597,865",485.96999999999997,26556087.83,Focus Features,2003
170,21 Grams,"$5,564,820",686.37,27205094.919999998,Focus Features,2003
171,Luther,"$5,485,926",668.0,9671517.76,R.S. Entertainment,2003
172,Frida,"$5,372,495",1325.98,43227950.0,Miramax,2003
173,The Human Stain,"$5,353,851",647.9599999999999,8987786.36,Miramax,2003
174,Grind,"$5,123,696",3762.5099999999998,8556572.32,Warner Bros.,2003
175,Rabbit-Proof Fence,"$5,100,906",255.51,10353332.0,Miramax,2003
176,The Barbarian Invasions,"$5,037,785",223.78,8532407.42,Alliance Atlantis Vivafilm,2003
177,Big Fish,"$4,965,533",4198.38,111572187.31,Sony Pictures Entertainment (SPE),2003
178,From Justin to Kelly,"$4,928,883",3341.67,8231234.609999999,Twentieth Century Fox,2003
179,In the Cut,"$4,750,602",1377.75,7933505.34,Screen Gems,2003
180,Spirited Away,"$4,640,765",1192.3799999999999,16793284.529999997,Walt Disney Studios Motion Pictures,2003
181,Thirteen,"$4,601,043",405.81,7683741.81,Unkwon,2003
182,City of God,"$4,583,534",404.14,12632646.53,Miramax,2003
183,The Magdalene Sisters2003 Re-release,"$4,581,436",492.65,7655094.63,Miramax,2003
184,The Station Agent,"$4,464,135",330.65999999999997,9584757.92,Miramax,2003
185,Beyond Borders,"$4,430,101",3002.66,7398268.67,Paramount Pictures,2003
186,Treasure Planet,"$4,409,766",5389.09,63755227.61,Walt Disney Studios Motion Pictures,2003
187,The Real Cancun,"$3,823,269",3775.87,6388453.069999999,New Line Cinema,2003
188,Better Luck Tomorrow,"$3,802,390",646.29,6349991.3,Paramount Pictures,2003
189,In America,"$3,681,206",673.01,25951225.52,Unkwon,2003
190,Step Into Liquid,"$3,680,394",151.97,6148611.01,Artisan Entertainment,2003
191,Laurel Canyon,"$3,662,159",202.07,6117804.52,Sony Pictures Classics,2003
192,The Secret Lives of Dentists,"$3,618,566",302.27,6191267.819999999,Unkwon,2003
193,The Good Thief,"$3,517,797",370.74,5874720.989999999,Unkwon,2003
194,Analyze That,"$3,390,920",4400.45,53658147.089999996,Warner Bros.,2003
195,Anything Else,"$3,212,310",1725.11,5364557.7,DreamWorks Distribution,2003
196,Mambo Italiano2003 Re-release,"$3,205,730",305.61,5353569.1,IDP Distribution,2003
197,Capturing the Friedmans,"$3,119,113",130.26,5208918.71,Magnolia Pictures,2003
198,The Guru,"$3,095,506",163.66,5169495.02,Universal Pictures,2003
199,The Gospel of John,"$3,084,128",188.70999999999998,6795380.3,THINKFilm,2003
200,Mambo Italiano,"$3,047,296",167.0,5088984.319999999,Unkwon,2003
