Rank,Movies,gross,theater sale,total gross,distributor,Year
1,Finding Dory,"$486,295,561",5510.400000000001,622458318.08,Walt Disney Studios Motion Pictures,2016
2,Rogue One: A Star Wars Story,"$408,235,850",5320.96,681186974.72,Walt Disney Studios Motion Pictures,2016
3,Captain America: Civil War,"$408,084,349",5409.28,522347966.72,Walt Disney Studios Motion Pictures,2016
4,The Secret Life of Pets,"$368,384,330",5607.68,471531942.40000004,Universal Pictures,2016
5,The Jungle Book,"$364,001,123",5304.32,465921437.44,Walt Disney Studios Motion Pictures,2016
6,Deadpool,"$363,070,709",4935.68,464730507.52,Twentieth Century Fox,2016
7,Zootopia,"$341,268,248",5067.52,436823357.44,Walt Disney Studios Motion Pictures,2016
8,Batman v Superman: Dawn of Justice,"$330,360,194",5447.68,422861048.32,Warner Bros.,2016
9,Suicide Squad,"$325,100,054",5446.400000000001,416128069.12,Warner Bros.,2016
10,Star Wars: Episode VII - The Force Awakens,"$284,694,956",5291.52,1198927648.0,Walt Disney Studios Motion Pictures,2016
11,Doctor Strange,"$229,876,337",4968.96,297781657.6,Walt Disney Studios Motion Pictures,2016
12,Fantastic Beasts and Where to Find Them,"$222,675,573",5304.32,299568096.0,Warner Bros.,2016
13,Moana,"$206,477,478",4960.0,318409016.32,Walt Disney Studios Motion Pictures,2016
14,The Revenant,"$182,765,375",4750.08,235056504.32,Twentieth Century Fox,2016
15,Jason Bourne,"$162,434,410",5169.92,207916044.8,Universal Pictures,2016
16,Star Trek Beyond,"$158,848,340",5027.84,203325875.20000002,Paramount Pictures,2016
17,X-Men: Apocalypse,"$155,442,489",5315.84,198966385.92000002,Twentieth Century Fox,2016
18,Sing,"$152,853,995",5157.12,346106144.0,Universal Pictures,2016
19,Trolls,"$150,130,292",5204.4800000000005,196745041.92000002,Twentieth Century Fox,2016
20,Kung Fu Panda 3,"$143,528,619",5103.36,183716632.32,Twentieth Century Fox,2016
21,Ghostbusters,"$128,350,574",5072.64,164288734.72,Sony Pictures Entertainment (SPE),2016
22,Central Intelligence,"$127,440,871",4490.24,163124314.88,Warner Bros.,2016
23,The Legend of Tarzan,"$126,643,061",4596.4800000000005,162103118.08,Warner Bros.,2016
24,Sully,"$124,976,335",5062.400000000001,160089642.24,Warner Bros.,2016
25,Bad Moms,"$113,257,297",4115.2,144969340.16,STX Entertainment,2016
26,The Angry Birds Movie,"$107,509,366",5032.96,137611988.48,Sony Pictures Entertainment (SPE),2016
27,Independence Day: Resurgence,"$103,144,286",5286.400000000001,132024686.08,Twentieth Century Fox,2016
28,The Conjuring 2,"$102,470,008",4295.68,131161610.24000001,Warner Bros.,2016
29,Sausage Party,"$97,685,686",4012.8,125037678.08,Sony Pictures Entertainment (SPE),2016
30,The Magnificent Seven,"$93,420,253",4730.88,119593798.4,Sony Pictures Entertainment (SPE),2016
31,Arrival,"$91,676,099",3987.2000000000003,128699057.92,Paramount Pictures,2016
32,Ride Along 2,"$91,221,830",4085.76,116763942.4,Universal Pictures,2016
33,Don't Breathe,"$89,217,875",4331.52,114198880.0,Screen Gems,2016
34,Miss Peregrine's Home for Peculiar Children,"$86,945,137",4908.8,111670827.52,Twentieth Century Fox,2016
35,The Accountant,"$85,856,696",4354.56,110412857.60000001,Warner Bros.,2016
36,Daddy's Home,"$85,672,859",4458.24,192457135.36,Paramount Pictures,2016
37,Teenage Mutant Ninja Turtles: Out of the Shadows,"$82,051,601",5210.88,105026049.28,Paramount Pictures,2016
38,The Purge: Election Year,"$79,213,375",3610.88,101393120.0,Universal Pictures,2016
39,Alice Through the Looking Glass,"$77,041,381",4816.64,98612967.68,Walt Disney Studios Motion Pictures,2016
40,Pete's Dragon,"$76,233,151",4738.56,97578433.28,Walt Disney Studios Motion Pictures,2016
41,The Girl on the Train,"$75,395,035",4148.4800000000005,96505644.8,Universal Pictures,2016
42,Boo! A Madea Halloween,"$73,206,343",2942.7200000000003,93704119.04,Lions Gate Films,2016
43,Storks,"$72,414,850",5020.16,93029475.84,Warner Bros.,2016
44,10 Cloverfield Lane,"$72,082,998",4386.56,92266237.44,Paramount Pictures,2016
45,Lights Out,"$67,268,835",3628.8,86104108.8,Warner Bros.,2016
46,Allegiant,"$66,184,051",4787.2,84715585.28,Lions Gate Films,2016
47,Now You See Me 2,"$65,075,540",4136.96,83296691.2,Lions Gate Films,2016
48,Hacksaw Ridge,"$64,463,214",3802.88,86028307.2,Lions Gate Films,2016
49,Ice Age: Collision Course,"$64,063,008",5116.16,82000650.24,Twentieth Century Fox,2016
50,The Boss,"$63,285,885",4473.6,81005932.8,Universal Pictures,2016
51,London Has Fallen,"$62,524,260",4469.76,80031052.8,Focus Features,2016
52,Miracles from Heaven,"$61,705,123",4038.4,78982557.44,TriStar Pictures,2016
53,Deepwater Horizon,"$61,433,527",4355.84,78634914.56,Lions Gate Films,2016
54,My Big Fat Greek Wedding 2,"$59,689,605",4069.12,76402694.4,Universal Pictures,2016
55,Jack Reacher: Never Go Back,"$58,546,937",4838.400000000001,75132257.28,Paramount Pictures,2016
56,Me Before You,"$56,245,075",3535.36,71993696.0,Warner Bros.,2016
57,The BFG,"$55,483,770",4341.76,71019225.6,Walt Disney Studios Motion Pictures,2016
58,Neighbors 2: Sorority Rising,"$55,455,765",4372.4800000000005,70983379.2,Universal Pictures,2016
59,Passengers,"$55,380,209",4451.84,128018814.72,Sony Pictures Entertainment (SPE),2016
60,The Shallows,"$55,124,043",3791.36,70558775.04,Sony Pictures Entertainment (SPE),2016
61,Barbershop: The Next Cut,"$54,030,051",3425.28,69158465.28,Warner Bros.,2016
62,13 Hours,"$52,853,219",3733.76,67652120.32000001,Paramount Pictures,2016
63,Office Christmas Party,"$49,815,176",4108.8,70102392.32000001,Paramount Pictures,2016
64,The Huntsman: Winter's War,"$48,390,190",4866.56,61939443.2,Universal Pictures,2016
65,Kubo and the Two Strings,"$48,023,088",4197.12,61469552.64,Focus Features,2016
66,Warcraft,"$47,365,290",4359.68,60627571.2,Universal Pictures,2016
67,How to Be Single,"$46,843,513",4296.96,59959696.64,Warner Bros.,2016
68,The Big Short,"$46,264,692",3237.12,89932633.60000001,Paramount Pictures,2016
69,Mike and Dave Need Wedding Dates,"$46,009,673",3850.2400000000002,58892381.44,Twentieth Century Fox,2016
70,War Dogs,"$43,034,523",4170.24,55084189.44,Warner Bros.,2016
71,Almost Christmas,"$41,964,925",3045.12,53963238.4,Universal Pictures,2016
72,Money Monster,"$41,012,075",3973.12,52495456.0,TriStar Pictures,2016
73,The Hateful Eight,"$40,778,206",3760.64,69270292.48,The Weinstein Company,2016
74,Allied,"$39,541,921",4044.8,51325521.92,Paramount Pictures,2016
75,Nerve,"$38,583,626",3248.64,49387041.28,Lions Gate Films,2016
76,Sisters,"$37,921,265",3811.84,111417145.60000001,Universal Pictures,2016
77,Risen,"$36,880,033",3731.2000000000003,47206442.24,Sony Pictures Entertainment (SPE),2016
78,Assassin's Creed,"$36,415,167",3834.88,69949373.44,Twentieth Century Fox,2016
79,The Nice Guys,"$36,261,763",3667.2000000000003,46415056.64,Warner Bros.,2016
80,The Boy,"$35,819,556",3418.88,45849031.68,STX Entertainment,2016
81,Dirty Grandpa,"$35,593,113",3727.36,45559184.64,Lions Gate Films,2016
82,Ouija: Origin of Evil,"$35,144,505",4055.04,44984966.4,Universal Pictures,2016
83,The 5th Wave,"$34,916,787",3722.2400000000002,44693487.36,Sony Pictures Entertainment (SPE),2016
84,Inferno,"$34,221,651",4577.28,43959774.72,Sony Pictures Entertainment (SPE),2016
85,Mother's Day,"$32,492,859",4212.4800000000005,41590859.52,Open Road Films (II),2016
86,Gods of Egypt,"$31,153,464",3989.76,39876433.92,Lions Gate Films,2016
87,La La Land,"$30,980,271",4142.08,193410307.84,Lions Gate Films,2016
88,Why Him?,"$30,633,916",3850.2400000000002,77214446.08,Twentieth Century Fox,2016
89,"Hail, Caesar!","$30,498,085",2877.44,39037548.800000004,Universal Pictures,2016
90,Alvin and the Chipmunks: The Road Chip,"$30,311,560",4742.400000000001,109935343.36,Twentieth Century Fox,2016
91,When the Bough Breaks,"$29,747,603",2874.88,38076931.84,Screen Gems,2016
92,Zoolander 2,"$28,848,693",4375.04,36926327.04,Paramount Pictures,2016
93,Joy,"$28,141,138",3742.7200000000003,72257576.96000001,Twentieth Century Fox,2016
94,The Finest Hours,"$27,569,558",4023.04,35289034.24,Walt Disney Studios Motion Pictures,2016
95,Florence Foster Jenkins,"$27,383,770",1955.8400000000001,35051225.6,Paramount Pictures,2016
96,Manchester by the Sea,"$27,055,039",1552.64,61050074.88,Roadside Attractions,2016
97,Hell or High Water,"$27,007,844",1926.4,34570040.32,Lions Gate Films,2016
98,The Forest,"$26,594,261",3211.52,34040654.08,Focus Features,2016
99,Ben-Hur,"$26,410,477",3947.52,33805410.56,Paramount Pictures,2016
100,Fences,"$26,330,971",3031.04,73834117.12,Paramount Pictures,2016
101,The Witch,"$25,138,705",2821.12,32177542.400000002,A24,2016
102,Collateral Beauty,"$24,342,478",3875.84,39700506.88,Warner Bros.,2016
103,Bridget Jones's Baby,"$24,252,420",3750.4,31043097.6,Universal Pictures,2016
104,Kevin Hart: What Now?,"$23,591,043",3285.76,30196535.04,Universal Pictures,2016
105,Whiskey Tango Foxtrot,"$23,083,334",3088.64,29546667.52,Paramount Pictures,2016
106,Snowden,"$21,587,519",3127.04,27632024.32,Open Road Films (II),2016
107,Mechanic: Resurrection,"$21,218,403",2890.2400000000002,27159555.84,Lions Gate Films,2016
108,Free State of Jones,"$20,810,036",3603.2000000000003,26636846.080000002,STX Entertainment,2016
109,Blair Witch,"$20,777,061",3994.88,26594638.080000002,Lions Gate Films,2016
110,God's Not Dead 2,"$20,774,575",3096.32,26591456.0,Pure Flix Entertainment,2016
111,Keanu,"$20,591,853",3431.6800000000003,26357571.84,Warner Bros.,2016
112,Middle School: The Worst Years of My Life,"$20,007,149",3612.16,25609150.72,Lions Gate Films,2016
113,Nine Lives,"$19,700,032",2897.92,25216040.96,EuropaCorp,2016
114,Race,"$19,206,207",3055.36,24583944.96,Focus Features,2016
115,Spotlight,"$19,131,897",1570.56,57671393.28,Open Road Films (II),2016
116,Brooklyn,"$18,758,748",1231.3600000000001,49053111.04,Unkwon,2016
117,The Choice,"$18,730,891",3367.6800000000003,23975540.48,Lions Gate Films,2016
118,Eye in the Sky,"$18,704,595",1393.92,23941881.6,Bleecker Street Media,2016
119,Bad Santa 2,"$17,710,126",3769.6,22761187.84,Broad Green Pictures,2016
120,Masterminds,"$17,368,022",3893.76,22231068.16,Relativity Media,2016
121,Concussion,"$17,122,105",3636.48,44214366.72,Sony Pictures Entertainment (SPE),2016
122,Norm of the North,"$17,062,499",3086.08,21839998.72,Lions Gate Films,2016
123,The Birth of a Nation,"$15,861,566",2694.4,20302804.48,Unkwon,2016
124,Eddie the Eagle,"$15,789,389",2616.32,20210417.92,Twentieth Century Fox,2016
125,The Infiltrator,"$15,436,808",2049.28,19759114.240000002,Broad Green Pictures,2016
126,Keeping Up with the Joneses,"$14,904,426",3868.16,19077665.28,Twentieth Century Fox,2016
127,Criminal,"$14,708,696",3434.2400000000002,18827130.88,Lions Gate Films,2016
128,"Hello, My Name Is Doris","$14,444,999",1253.1200000000001,18489598.72,Roadside Attractions,2016
129,The Edge of Seventeen,"$14,394,402",2489.6,18472490.240000002,STX Entertainment,2016
130,Love & Friendship,"$14,016,568",1057.28,17941207.04,Roadside Attractions,2016
131,Point Break,"$13,197,946",3724.8,36841575.68,Warner Bros.,2016
132,Hillary's America: The Secret History of the Democratic Party,"$13,099,931",1557.76,16767911.68,Unkwon,2016
133,Triple 9,"$12,639,297",2822.4,16178300.16,Open Road Films (II),2016
134,The Light Between Oceans,"$12,545,979",1920.0,16058853.120000001,Walt Disney Studios Motion Pictures,2016
135,Moonlight,"$12,489,099",2001.92,35654312.96,A24,2016
136,The Good Dinosaur,"$12,370,650",4798.72,157551513.6,Walt Disney Studios Motion Pictures,2016
137,The Hunger Games: Mockingjay - Part 2,"$12,154,781",5344.0,360606594.56,Lions Gate Films,2016
138,Fifty Shades of Black,"$11,686,940",2656.0,14959283.200000001,Open Road Films (II),2016
139,No manches Frida,"$11,528,613",595.2,14756624.64,Pantelion Films,2016
140,Café Society,"$11,103,205",807.6800000000001,14212102.4,Lions Gate Films,2016
141,Pride and Prejudice and Zombies,"$10,938,134",3751.6800000000003,14000811.52,Screen Gems,2016
142,The Darkness,"$10,753,574",2264.32,13764574.72,BH Tilt,2016
143,Creed,"$10,382,416",4482.56,140502503.68,Warner Bros.,2016
144,Nocturnal Animals,"$10,107,726",1615.3600000000001,13649096.96,Focus Features,2016
145,The Lady in the Van,"$9,973,503",770.5600000000001,12827104.0,Sony Pictures Classics,2016
146,Room,"$9,816,901",1103.3600000000001,18787397.12,A24,2016
147,The Perfect Match,"$9,669,521",1184.0,12376986.88,Lions Gate Films,2016
148,Popstar: Never Stop Never Stopping,"$9,639,125",2960.64,12338080.0,Universal Pictures,2016
149,Hardcore Henry,"$9,252,038",3859.2000000000003,11842608.64,STX Entertainment,2016
150,Meet the Blacks,"$9,097,072",1299.2,11644252.16,Freestyle Releasing,2016
151,Carol,"$8,910,357",1011.2,16270708.48,The Weinstein Company,2016
152,Queen of Katwe,"$8,850,753",1611.52,11359217.92,Walt Disney Studios Motion Pictures,2016
153,Ratchet & Clank,"$8,821,329",3705.6,11291301.120000001,Focus Features,2016
154,The Lobster2016 Re-release,"$8,700,374",716.8000000000001,11136478.72,A24,2016
155,Dangal,"$8,354,643",432.64,15861454.08,UTV Motion Pictures,2016
156,A Beautiful Planet,"$8,222,609",198.4,20032787.2,IMAX,2016
157,The Wild Life,"$8,005,586",3191.04,10247150.08,Lions Gate Films,2016
158,Loving,"$7,456,108",732.16,9922520.32,Focus Features,2016
159,Shut In,"$6,894,711",2634.2400000000002,8832428.8,EuropaCorp,2016
160,The Brothers Grimsby,"$6,874,837",2860.8,8799791.36,Sony Pictures Entertainment (SPE),2016
161,The Danish Girl,"$6,607,578",1016.32,14225943.040000001,Focus Features,2016
162,The Young Messiah,"$6,490,401",2264.32,8307713.28,Focus Features,2016
163,Jackie,"$6,469,725",650.24,17869304.32,Unkwon,2016
164,Southside with You,"$6,304,223",1148.16,8069405.44,Roadside Attractions,2016
165,Captain Fantastic,"$5,879,835",704.0,7526188.8,Bleecker Street Media,2016
166,Sultan,"$5,599,781",362.24,7936000.0,Yash Raj Films,2016
167,Lion,"$5,303,700",2306.56,66225798.4,The Weinstein Company,2016
168,Hunt for the Wilderpeople,"$5,205,468",256.0,6662999.04,The Orchard,2016
169,Bleed for This,"$5,083,906",1982.72,6507399.68,Open Road Films (II),2016
170,Incarnate,"$4,799,774",2223.36,6143710.72,BH Tilt,2016
171,Absolutely Fabulous: The Movie,"$4,772,155",454.40000000000003,6108358.4,Unkwon,2016
172,Hands of Stone,"$4,712,792",2574.08,6032373.76,The Weinstein Company,2016
173,Don't Think Twice,"$4,417,667",224.0,5654613.76,The Film Arcade,2016
174,The Meddler2016 Re-release,"$4,367,218",593.92,5462039.04,Sony Pictures Classics,2016
175,Ae Dil Hai Mushkil,"$4,264,983",386.56,5459178.24,FIP,2016
176,A Hologram for the King,"$4,212,494",669.44,5391992.32,Roadside Attractions,2016
177,Swiss Army Man,"$4,210,454",814.08,5389381.12,A24,2016
178,45 Years,"$4,105,637",321.28000000000003,5436524.8,IFC Films,2016
179,Denial,"$4,073,490",829.44,5214065.92,Bleecker Street Media,2016
180,Morgan,"$3,915,251",2585.6,5011521.28,Twentieth Century Fox,2016
181,Kabali,"$3,903,095",302.08,4995961.600000001,Unkwon,2016
182,The Man Who Knew Infinity,"$3,866,794",368.64,4949496.32,IFC Films,2016
183,Where to Invade Next,"$3,827,261",394.24,4898894.08,Drafthouse Films,2016
184,Max Steel,"$3,818,664",2603.52,4887889.92,Open Road Films (II),2016
185,Batman: The Killing Joke,"$3,775,000",1696.0,4832000.0,Fathom Events,2016
186,Midnight Special,"$3,712,282",666.88,4751720.96,Warner Bros.,2016
187,Anomalisa,"$3,683,876",733.44,4811886.08,Paramount Pictures,2016
188,Rules Don't Apply,"$3,652,206",3054.08,4674823.68,Twentieth Century Fox,2016
189,Miss Sloane,"$3,484,995",2109.44,4480774.4,EuropaCorp,2016
190,Indignation,"$3,401,155",405.76,4353478.4,Roadside Attractions,2016
191,Everybody Wants Some!!,"$3,400,278",581.12,4352355.84,Paramount Pictures,2016
192,Maggie's Plan,"$3,351,735",428.8,4290220.8,Sony Pictures Classics,2016
193,A Man Called Ove,"$3,333,992",248.32,4453523.2,Music Box Films,2016
194,Sing Street,"$3,237,118",672.0,4143511.04,The Weinstein Company,2016
195,The Mermaid,"$3,232,685",135.68,4137836.8000000003,Sony Pictures Entertainment (SPE),2016
196,Green Room,"$3,220,371",994.5600000000001,4122074.88,A24,2016
197,Our Kind of Traitor,"$3,153,157",510.72,4036040.96,Roadside Attractions,2016
198,Compadres,"$3,127,773",471.04,4003549.44,Pantelion Films,2016
199,The Martian,"$3,088,310",4933.12,292395088.64,Twentieth Century Fox,2016
200,The Other Side of the Door,"$3,000,342",748.8000000000001,3840437.7600000002,Twentieth Century Fox,2016
