Rank,Movies,gross,theater sale,total gross,distributor,Year
1,Spider-Man 3,"$336,530,303",6399.5199999999995,498064848.44,Sony Pictures Entertainment (SPE),2007
2,Shrek the Third,"$322,719,944",6174.5599999999995,477625517.12,DreamWorks,2007
3,Transformers,"$319,246,193",5994.0,472484365.64,DreamWorks,2007
4,Pirates of the Caribbean: At World's End,"$309,420,425",6455.76,457942229.0,Walt Disney Studios Motion Pictures,2007
5,Harry Potter and the Order of the Phoenix,"$292,004,738",6341.8,432167012.24,Warner Bros.,2007
6,The Bourne Ultimatum,"$227,471,070",5477.48,336657183.6,Universal Pictures,2007
7,300,"$210,614,939",4854.4,311710109.71999997,Warner Bros.,2007
8,Ratatouille,"$206,445,654",5831.2,305539567.92,Walt Disney Studios Motion Pictures,2007
9,I Am Legend,"$199,345,154",5399.04,379461654.8,Warner Bros.,2007
10,The Simpsons Movie,"$183,135,014",5810.48,271039820.71999997,Twentieth Century Fox,2007
11,Wild Hogs,"$168,273,171",5033.48,249044854.0,Walt Disney Studios Motion Pictures,2007
12,Knocked Up,"$148,768,917",4403.0,220177997.16,Universal Pictures,2007
13,Alvin and the Chipmunks,"$147,077,315",5178.5199999999995,321643921.52,Twentieth Century Fox,2007
14,Rush Hour 3,"$140,121,341",5591.44,207386432.64,New Line Cinema,2007
15,Night at the Museum,"$135,041,114",5576.64,371277636.64,Twentieth Century Fox,2007
16,Live Free or Die Hard,"$134,529,403",5048.28,199103516.44,Twentieth Century Fox,2007
17,National Treasure: Book of Secrets,"$133,263,682",5671.36,325546890.2,Walt Disney Studios Motion Pictures,2007
18,Fantastic Four: Rise of the Silver Surfer,"$131,921,738",5865.24,195244172.24,Twentieth Century Fox,2007
19,American Gangster,"$129,078,590",4602.8,192643674.6,Universal Pictures,2007
20,Bee Movie,"$124,350,490",5896.32,187414289.96,DreamWorks,2007
21,Superbad,"$121,463,226",4542.12,179765574.48,Sony Pictures Entertainment (SPE),2007
22,I Now Pronounce You Chuck & Larry,"$120,059,556",5181.48,177688142.88,Universal Pictures,2007
23,Hairspray,"$118,868,940",4619.08,175930336.52,New Line Cinema,2007
24,Blades of Glory,"$118,245,842",5131.16,175519931.04,DreamWorks,2007
25,Ocean's Thirteen,"$117,154,724",5276.2,173388991.52,Warner Bros.,2007
26,Ghost Rider,"$115,802,987",5357.6,171387842.07999998,Sony Pictures Entertainment (SPE),2007
27,Enchanted,"$112,144,474",5520.4,189154747.76,Walt Disney Studios Motion Pictures,2007
28,Evan Almighty,"$100,462,298",5381.28,148684201.04,Universal Pictures,2007
29,Meet the Robinsons,"$97,822,171",5083.8,144776813.08,Walt Disney Studios Motion Pictures,2007
30,Norbit,"$95,673,607",4654.6,141596938.35999998,DreamWorks,2007
31,The Game Plan,"$88,814,831",4946.16,134159338.96,Walt Disney Studios Motion Pictures,2007
32,Bridge to Terabithia,"$82,272,442",4750.8,121763214.16,Walt Disney Studios Motion Pictures,2007
33,Beowulf,"$81,128,658",4808.5199999999995,121775256.92,Paramount Pictures,2007
34,Disturbia,"$80,209,692",4635.36,118710344.16,DreamWorks,2007
35,1408,"$71,985,628",4044.84,106538729.44,Unkwon,2007
36,Fred Claus,"$71,350,103",5332.44,106570029.96,Warner Bros.,2007
37,Dreamgirls,"$66,301,561",4139.56,152981614.88,DreamWorks,2007
38,The Pursuit of Happyness,"$65,154,789",4690.12,242078359.32,Sony Pictures Entertainment (SPE),2007
39,Saw IV,"$63,300,095",4710.84,93684140.6,Lions Gate Films,2007
40,Stomp the Yard,"$61,356,221",3210.12,90807207.08,Screen Gems,2007
41,The Golden Compass,"$59,861,000",5221.44,103759437.44,New Line Cinema,2007
42,Surf's Up,"$58,867,694",5225.88,87124187.12,Sony Pictures Entertainment (SPE),2007
43,Halloween,"$58,272,029",5143.0,86242602.92,Unkwon,2007
44,Why Did I Get Married?,"$55,204,525",3010.32,81702697.0,Lions Gate Films,2007
45,TMNT,"$54,149,098",4617.6,80140665.03999999,Warner Bros.,2007
46,3:10 to Yuma,"$53,606,916",4448.88,79338235.67999999,Lions Gate Films,2007
47,Resident Evil: Extinction,"$50,648,679",4215.04,74960044.92,Screen Gems,2007
48,Music and Lyrics,"$50,572,589",4373.4,74847431.72,Warner Bros.,2007
49,Are We Done Yet?,"$49,662,533",4357.12,73500548.84,Revolution Studios,2007
50,This Christmas,"$48,840,289",2843.08,72700462.32,Screen Gems,2007
51,Premonition,"$47,852,604",4189.88,70821853.92,Sony Pictures Entertainment (SPE),2007
52,The Kingdom,"$47,536,778",4197.28,70354431.44,Universal Pictures,2007
53,Shooter,"$47,003,582",4152.88,69565301.36,Paramount Pictures,2007
54,Dan in Real Life,"$46,864,245",2872.68,70511585.24,Walt Disney Studios Motion Pictures,2007
55,License to Wed,"$43,799,818",4018.2,64823730.64,Warner Bros.,2007
56,Underdog,"$43,760,605",4459.24,64765695.4,Walt Disney Studios Motion Pictures,2007
57,No Reservations,"$43,107,979",3589.0,63799808.92,Warner Bros.,2007
58,Because I Said So,"$42,674,040",3742.92,63157579.199999996,Universal Pictures,2007
59,No Country for Old Men,"$41,615,476",3014.7599999999998,109939765.0,Miramax,2007
60,Epic Movie,"$39,739,367",4203.2,58814263.16,Twentieth Century Fox,2007
61,30 Days of Night,"$39,569,000",4231.32,58562120.0,Sony Pictures Entertainment (SPE),2007
62,Hitman,"$39,219,918",3652.64,58737787.12,Twentieth Century Fox,2007
63,Michael Clayton,"$39,148,591",3825.7999999999997,72570145.36,Warner Bros.,2007
64,Fracture,"$39,012,844",3615.64,57742226.64,New Line Cinema,2007
65,Charlie Wilson's War,"$38,664,845",3839.12,98658420.6,Universal Pictures,2007
66,Stardust,"$38,634,938",3796.2,57179708.24,Paramount Pictures,2007
67,Pan's Labyrinth,"$37,065,974",1691.6399999999999,55699230.2,Picturehouse,2007
68,The Brave One,"$36,793,804",4198.76,54454829.92,Warner Bros.,2007
69,The Heartbreak Kid,"$36,787,257",4784.84,54445140.36,DreamWorks,2007
70,Freedom Writers,"$36,605,602",3383.2799999999997,54176290.96,Paramount Pictures,2007
71,Smokin' Aces,"$35,787,686",3284.12,52965775.28,Universal Pictures,2007
72,The Messengers,"$35,374,833",3742.92,52354752.839999996,Screen Gems,2007
73,The Number 23,"$35,189,000",4083.32,52085887.16,New Line Cinema,2007
74,Good Luck Chuck,"$35,017,297",3865.7599999999998,51825599.56,Lions Gate Films,2007
75,Children of Men,"$34,469,579",2255.52,52617526.839999996,Universal Pictures,2007
76,Breach,"$33,231,264",2227.4,49182270.72,Universal Pictures,2007
77,Zodiac,"$33,080,084",3520.92,48958524.32,Paramount Pictures,2007
78,Balls of Fury,"$32,887,212",4559.88,48672671.2,Rogue Pictures,2007
79,Mr. Bean's Holiday,"$32,589,350",2631.44,49287207.16,Universal Pictures,2007
80,Daddy's Little Girls,"$31,366,978",3124.2799999999997,46423127.44,Lions Gate Films,2007
81,Mr. Magorium's Wonder Emporium,"$31,049,456",4688.64,47451101.4,Twentieth Century Fox,2007
82,August Rush,"$30,098,712",3418.8,46862959.76,Warner Bros.,2007
83,Charlotte's Web,"$30,067,167",5542.6,122818847.84,Paramount Pictures,2007
84,28 Weeks Later,"$28,638,916",3411.4,42385595.68,Fox Atomic,2007
85,We Own the Night,"$28,563,179",3554.96,42273504.92,Sony Pictures Entertainment (SPE),2007
86,Mr. Brooks,"$28,549,298",3630.44,42252961.04,Metro-Goldwyn-Mayer (MGM),2007
87,Sweeney Todd: The Demon Barber of Fleet Street,"$28,284,597",2230.36,78289148.03999999,DreamWorks,2007
88,The Queen,"$28,243,685",2738.0,83533732.28,Miramax,2007
89,Aliens vs. Predator: Requiem,"$28,206,419",3873.16,61859657.68,Twentieth Century Fox,2007
90,Juno,"$27,926,452",3750.32,212372992.2,Unkwon,2007
91,Hannibal Rising,"$27,670,986",4444.44,40953059.28,Unkwon,2007
92,The Nanny Diaries,"$25,930,652",3901.2799999999997,38377364.96,Unkwon,2007
93,Mr. Woodcock,"$25,798,627",3310.7599999999998,38183239.28,New Line Cinema,2007
94,Nancy Drew,"$25,612,520",3865.7599999999998,37906529.6,Warner Bros.,2007
95,The Mist,"$25,300,068",3586.04,37880536.36,Unkwon,2007
96,P.S. I Love You,"$25,290,121",3657.08,79469795.84,Warner Bros.,2007
97,The Reaping,"$25,126,214",3852.44,37186796.72,Warner Bros.,2007
98,Grindhouse,"$25,037,897",3890.92,37056087.56,Unkwon,2007
99,The Good Shepherd,"$24,886,340",3330.0,88730195.8,Universal Pictures,2007
100,Sicko,"$24,540,079",1653.16,36319316.92,Lions Gate Films,2007
101,Across the Universe,"$24,343,673",1426.72,36028636.04,Revolution Studios,2007
102,Perfect Stranger,"$23,984,949",3938.2799999999997,35497724.52,Revolution Studios,2007
103,Hot Fuzz,"$23,641,691",1882.56,34983152.2,Rogue Pictures,2007
104,War,"$22,486,409",3369.96,33279885.32,Lions Gate Films,2007
105,Rocky Balboa,"$22,330,311",4468.12,104000995.64,Metro-Goldwyn-Mayer (MGM),2007
106,Happy Feet,"$22,032,690",5629.92,293040469.16,Warner Bros.,2007
107,Blood Diamond,"$21,651,382",2841.6,84919315.67999999,Warner Bros.,2007
108,The Last Mimzy,"$21,501,320",4465.16,31777149.56,New Line Cinema,2007
109,Amazing Grace,"$21,253,061",1719.76,31451010.84,IDP Distribution,2007
110,The Hills Have Eyes 2,"$20,804,166",3648.2,30790165.68,Fox Atomic,2007
111,The Invisible,"$20,578,909",2988.12,30456785.32,Walt Disney Studios Motion Pictures,2007
112,Reno 911!: Miami,"$20,342,161",3998.96,30106398.28,Twentieth Century Fox,2007
113,Gone Baby Gone,"$20,263,775",2535.24,30044322.64,Miramax,2007
114,Reign Over Me,"$19,661,987",2585.56,29099740.759999998,Sony Pictures Entertainment (SPE),2007
115,Vacancy,"$19,363,565",3775.48,28658076.2,Screen Gems,2007
116,Georgia Rule,"$19,103,072",3745.88,28272546.56,Universal Pictures,2007
117,Waitress,"$19,074,800",1046.36,28230704.0,Unkwon,2007
118,The Water Horse,"$19,060,024",4109.96,60600457.4,Revolution Studios,2007
119,Becoming Jane,"$18,667,765",1790.8,27633000.08,Miramax,2007
120,Eragon,"$18,609,729",4484.4,111044641.24,Twentieth Century Fox,2007
121,We Are Marshall,"$18,417,052",3856.88,64447138.72,Warner Bros.,2007
122,Next,"$18,211,013",4044.84,26952299.24,Paramount Pictures,2007
123,Hostel: Part II,"$17,609,452",3478.0,26061988.96,Lions Gate Films,2007
124,Eastern Promises,"$17,266,000",2083.84,25553680.0,Focus Features,2007
125,Into the Wild,"$17,016,349",976.8,27164446.88,Paramount Vantage,2007
126,Notes on a Scandal,"$16,896,774",1009.36,25914974.64,Unkwon,2007
127,Dead Silence,"$16,809,076",2672.88,24877432.48,Universal Pictures,2007
128,The Hitcher,"$16,471,663",4197.28,24379982.28,Rogue Pictures,2007
129,Elizabeth: The Golden Age,"$16,383,509",2968.88,24247593.32,Universal Pictures,2007
130,Happily N'Ever After,"$15,589,393",3523.88,23072301.64,Lions Gate Films,2007
131,Catch and Release,"$15,539,051",2400.56,22997795.48,Sony Pictures Entertainment (SPE),2007
132,Alpha Dog,"$15,242,450",1912.16,22658210.96,Universal Pictures,2007
133,Arthur and the Invisibles,"$15,132,763",3327.04,22396489.24,Unkwon,2007
134,The Invasion,"$15,074,191",4108.48,22309802.68,Warner Bros.,2007
135,Lions for Lambs,"$14,934,940",3279.68,22204223.919999998,United Artists,2007
136,The Great Debaters,"$14,692,291",1909.2,44749882.36,Unkwon,2007
137,The Nightmare Before Christmas2008 3D Release,"$14,486,897",834.72,21440607.56,Walt Disney Studios Motion Pictures,2007
138,Babel,"$14,477,699",1851.48,50768198.76,Paramount Vantage,2007
139,Awake,"$14,061,840",2994.04,21278253.04,Unkwon,2007
140,The Last King of Scotland,"$13,987,084",799.2,26057892.32,Unkwon,2007
141,Hot Rod,"$13,938,332",3858.36,20628731.36,Paramount Pictures,2007
142,Firehouse Dog,"$13,932,383",4263.88,20619926.84,Twentieth Century Fox,2007
143,Casino Royale,"$13,914,016",5095.64,247820020.8,Sony Pictures Entertainment (SPE),2007
144,The Namesake,"$13,569,248",495.8,20082487.04,Unkwon,2007
145,Letters from Iwo Jima,"$13,439,713",1155.8799999999999,20359001.36,Warner Bros.,2007
146,The Comebacks,"$13,349,927",4161.76,19757891.96,Fox Atomic,2007
147,Daddy Day Camp,"$13,235,267",3451.36,19588195.16,Revolution Studios,2007
148,The Holiday,"$13,195,764",3993.04,93572776.52,Sony Pictures Entertainment (SPE),2007
149,Walk Hard: The Dewey Cox Story,"$13,075,101",3922.0,27109383.48,Sony Pictures Entertainment (SPE),2007
150,Shoot 'Em Up,"$12,808,249",3119.84,18954565.72,New Line Cinema,2007
151,I Think I Love My Wife,"$12,550,605",2655.12,18574895.4,Unkwon,2007
152,Evening,"$12,491,578",1448.92,18488871.88,Focus Features,2007
153,Atonement,"$12,038,713",2072.0,75372059.16,Focus Features,2007
154,The Departed,"$12,024,702",4465.16,195928786.2,Warner Bros.,2007
155,Deep Sea,"$11,779,806",69.56,68690880.36,Warner Bros.,2007
156,Sydney White,"$11,730,515",3116.88,17600774.2,Universal Pictures,2007
157,The Darjeeling Limited,"$11,688,596",1033.04,17616018.2,Unkwon,2007
158,The Lives of Others,"$11,279,373",383.32,16703445.76,Sony Pictures Classics,2007
159,In the Land of Women,"$11,052,958",3189.4,16358377.84,Warner Bros.,2007
160,The Astronaut Farmer,"$11,003,643",3189.4,16285391.64,Warner Bros.,2007
161,Dragon Wars: D-War,"$10,976,790",3369.96,16247027.08,Freestyle Releasing,2007
162,Primeval,"$10,597,734",3617.12,15684646.32,Walt Disney Studios Motion Pictures,2007
163,La Vie En Rose,"$10,317,536",263.44,15246524.879999999,Picturehouse,2007
164,Pathfinder,"$10,232,081",2598.88,15143479.879999999,Twentieth Century Fox,2007
165,Bratz,"$10,010,209",2233.32,14815109.32,Lions Gate Films,2007
166,Rendition,"$9,737,921",3330.0,14409346.6,New Line Cinema,2007
167,Death Sentence,"$9,534,258",2698.04,14110701.84,Twentieth Century Fox,2007
168,Once,"$9,439,923",222.0,13971086.04,Unkwon,2007
169,Black Snake Moan,"$9,396,870",1854.44,13907367.6,Paramount Vantage,2007
170,A Mighty Heart,"$9,176,787",2005.3999999999999,13581644.76,Paramount Vantage,2007
171,The Seeker: The Dark Is Rising,"$8,794,452",4696.04,13015788.959999999,Twentieth Century Fox,2007
172,Death at a Funeral,"$8,579,033",479.52,12699033.44,Metro-Goldwyn-Mayer (MGM),2007
173,Apocalypto,"$8,212,399",3648.2,75282619.8,Walt Disney Studios Motion Pictures,2007
174,Code Name: The Cleaner,"$8,135,361",2569.2799999999997,12039835.52,New Line Cinema,2007
175,Delta Farce,"$8,130,530",2857.88,12033184.4,Lions Gate Films,2007
176,Space Station 3D,"$7,924,229",94.72,138208250.44,IMAX,2007
177,Volver,"$7,745,994",1019.72,19091803.16,Sony Pictures Classics,2007
178,Bella,"$7,604,523",676.36,11944394.76,Roadside Attractions,2007
179,The Painted Veil,"$7,563,049",424.76,11929520.76,Warner Independent Pictures (WIP),2007
180,El cantante,"$7,556,712",802.16,11183933.76,Picturehouse,2007
181,Martian Child,"$7,499,980",2989.6,11100458.8,New Line Cinema,2007
182,I Know Who Killed Me,"$7,498,716",1953.6,11098099.68,Sony Pictures Entertainment (SPE),2007
183,The Condemned,"$7,371,706",3418.8,10910124.879999999,Lions Gate Films,2007
184,The Hoax,"$7,164,561",1582.12,10604192.6,Miramax,2007
185,Pride,"$7,057,600",2246.64,10445248.0,Lions Gate Films,2007
186,Bug,"$7,025,810",2458.2799999999997,10398198.8,Lions Gate Films,2007
187,Redline,"$6,881,022",2378.36,10183912.56,Chicago Pictures,2007
188,In the Valley of Elah,"$6,765,023",1447.44,10031056.68,Warner Independent Pictures (WIP),2007
189,Before the Devil Knows You're Dead,"$6,417,429",475.08,10484655.959999999,THINKFilm,2007
190,The Last Legion,"$5,933,494",2962.96,8781571.12,The Weinstein Company,2007
191,Feel the Noise,"$5,898,393",1509.6,8729621.64,Unkwon,2007
192,The Kite Runner,"$5,849,481",1058.2,23384115.44,Paramount Vantage,2007
193,Sea Monsters: A Prehistoric Adventure,"$5,846,578",372.96,35144177.68,National Geographic Entertainment,2007
194,Lucky You,"$5,758,950",3737.0,8523246.0,Warner Bros.,2007
195,Who's Your Caddy?,"$5,713,425",1508.12,8455869.0,Unkwon,2007
196,Lars and the Real Girl,"$5,695,030",475.08,8839868.32,Metro-Goldwyn-Mayer (MGM),2007
197,Magnificent Desolation: Walking on the Moon,"$5,568,672",121.36,50523535.519999996,IMAX,2007
198,Aqua Teen Hunger Force Colon Movie Film for Theaters,"$5,520,131",1297.96,8170144.64,First Look International,2007
199,Rescue Dawn,"$5,490,423",747.4,8125826.04,Metro-Goldwyn-Mayer (MGM),2007
200,The Perfect Holiday,"$5,453,295",1934.36,8602915.88,Yari Film Group Releasing,2007
