Rank,Movies,gross,theater sale,total gross,distributor,Year
1,How the Grinch Stole Christmas,"$251,628,705",5828.24,465480236.75,Universal Pictures,2000
2,Mission: Impossible II,"$215,409,889",6567.51,385583701.31,Paramount Pictures,2000
3,Gladiator,"$186,610,052",5706.52,335992714.33,DreamWorks Distribution,2000
4,The Perfect Storm,"$182,618,434",6098.53,326886996.86,Warner Bros.,2000
5,Meet the Parents,"$161,146,255",4827.63,297576840.55,Universal Pictures,2000
6,X-Men,"$157,299,718",5570.4800000000005,281566495.22,Twentieth Century Fox,2000
7,Scary Movie,"$157,019,771",5908.79,281065390.09000003,Miramax,2000
8,What Lies Beneath,"$155,359,812",5235.75,278281188.29,DreamWorks Distribution,2000
9,Dinosaur,"$137,748,063",5941.01,246569032.77,Walt Disney Studios Motion Pictures,2000
10,Erin Brockovich,"$125,595,205",5495.3,224815416.95000002,Universal Pictures,2000
11,Nutty Professor II: The Klumps,"$123,305,415",5819.29,220724703.1,Universal Pictures,2000
12,Charlie's Angels,"$122,693,797",5436.2300000000005,224296925.55,Sony Pictures Entertainment (SPE),2000
13,Big Momma's House,"$117,559,438",5108.66,210431394.02,Twentieth Century Fox,2000
14,Remember the Titans,"$113,546,621",5017.37,207022004.29,Walt Disney Studios Motion Pictures,2000
15,The Patriot,"$113,330,342",5479.1900000000005,202861312.18,Sony Pictures Entertainment (SPE),2000
16,What Women Want,"$110,187,917",5534.68,327232955.53000003,Paramount Pictures,2000
17,Chicken Run,"$106,834,564",5285.87,191233869.56,DreamWorks Distribution,2000
18,Gone in 60 Seconds,"$101,648,571",5529.31,181950942.09,Walt Disney Studios Motion Pictures,2000
19,Cast Away,"$100,628,725",5479.1900000000005,418201534.18,Twentieth Century Fox,2000
20,"Me, Myself & Irene","$90,570,999",5525.7300000000005,162122088.21,Twentieth Century Fox,2000
21,Space Cowboys,"$90,107,204",5074.650000000001,161931943.67000002,Warner Bros.,2000
22,Scream 3,"$89,143,175",6205.93,159566283.25,Dimension Films,2000
23,Unbreakable,"$88,304,876",4847.32,170070296.81,Walt Disney Studios Motion Pictures,2000
24,U-571,"$77,122,415",5047.8,138049122.85,Universal Pictures,2000
25,Hollow Man,"$73,209,340",5291.24,131044718.60000001,Sony Pictures Entertainment (SPE),2000
26,Stuart Little,"$72,701,240",5640.29,250663306.93,Sony Pictures Entertainment (SPE),2000
27,Shaft,"$70,334,258",4355.07,125898321.82000001,Paramount Pictures,2000
28,The Green Mile,"$69,839,360",5146.25,244874459.46,Warner Bros.,2000
29,The Kid,"$69,691,949",4193.97,124748588.71000001,Walt Disney Studios Motion Pictures,2000
30,Rugrats in Paris,"$68,941,692",5257.2300000000005,136948883.24,Paramount Pictures,2000
31,Road Trip,"$68,540,777",4750.66,122687990.83,DreamWorks Distribution,2000
32,Bring It On,"$68,337,590",4414.14,122398410.0,Universal Pictures,2000
33,Rules of Engagement,"$61,335,230",5763.8,109790061.7,Paramount Pictures,2000
34,The Cell,"$61,334,059",4432.04,109787965.61,New Line Cinema,2000
35,Mission to Mars,"$60,883,407",5550.79,108981298.53,Walt Disney Studios Motion Pictures,2000
36,Coyote Ugly,"$60,786,269",4768.56,108807421.51,Walt Disney Studios Motion Pictures,2000
37,Snow Day,"$60,020,107",4863.43,107435991.53,Paramount Pictures,2000
38,Fantasia 2000,"$59,809,390",2350.27,108573201.8,Walt Disney Studios Motion Pictures,2000
39,American Beauty,"$59,267,786",3562.1,232872915.79,DreamWorks Distribution,2000
40,Next Friday,"$57,328,603",2541.8,102618199.37,New Line Cinema,2000
41,The Whole Nine Yards,"$57,262,492",5208.900000000001,102499860.68,Warner Bros.,2000
42,Shanghai Noon,"$56,937,502",4924.29,101918128.58,Walt Disney Studios Motion Pictures,2000
43,Romeo Must Die,"$55,973,336",4727.39,100192271.44,Warner Bros.,2000
44,102 Dalmatians,"$55,552,178",4840.16,119853076.54,Walt Disney Studios Motion Pictures,2000
45,The Cider House Rules,"$54,535,422",3111.02,103005714.68,Miramax,2000
46,Final Destination,"$53,331,147",4630.7300000000005,95462753.13,New Line Cinema,2000
47,The Talented Mr. Ripley,"$51,726,616",4240.51,145523894.35,Paramount Pictures,2000
48,Galaxy Quest,"$51,665,118",4385.5,128135209.64,DreamWorks Distribution,2000
49,The Road to El Dorado,"$50,863,742",5769.17,91046098.18,DreamWorks Distribution,2000
50,The Hurricane,"$50,336,689",3844.92,90751641.39,Universal Pictures,2000
51,Vertical Limit,"$49,834,850",4657.58,123946507.61,Sony Pictures Entertainment (SPE),2000
52,Men of Honor,"$47,357,207",3916.52,87385868.59,Twentieth Century Fox,2000
53,Toy Story 2,"$46,009,125",5830.03,440075400.41,Walt Disney Studios Motion Pictures,2000
54,The Tigger Movie,"$45,554,533",5044.22,81542614.07000001,Walt Disney Studios Motion Pictures,2000
55,Frequency,"$45,010,278",4709.49,80568397.62,New Line Cinema,2000
56,The Replacements,"$44,737,059",4929.66,80079335.61,Warner Bros.,2000
57,Pokémon the Movie 2000,"$43,758,684",4926.08,78328044.36,Warner Bros.,2000
58,Miss Congeniality,"$41,784,460",4775.72,191185723.93,Warner Bros.,2000
59,Any Given Sunday,"$39,882,713",4483.95,135200189.28,Warner Bros.,2000
60,The Beach,"$39,785,027",4630.7300000000005,71215198.33,Twentieth Century Fox,2000
61,The Exorcist2000 Director's Cut,"$39,671,011",3057.32,71011109.69,Warner Bros.,2000
62,Pitch Black,"$39,240,659",3454.7000000000003,70240779.61,USA Films,2000
63,The Emperor's New Groove,"$38,960,149",5167.7300000000005,159851809.73,Walt Disney Studios Motion Pictures,2000
64,The Family Man,"$38,817,090",4369.39,135670015.95,Universal Pictures,2000
65,Little Nicky,"$38,801,062",5208.900000000001,70641947.25,New Line Cinema,2000
66,The Original Kings of Comedy,"$38,182,790",1936.78,68347194.1,Paramount Pictures,2000
67,Autumn in New York,"$37,761,915",4084.78,67593827.85,Metro-Goldwyn-Mayer (MGM),2000
68,Bedazzled,"$37,472,420",4602.09,67817694.2,Twentieth Century Fox,2000
69,28 Days,"$37,170,488",4516.17,66535173.52,Sony Pictures Entertainment (SPE),2000
70,Keeping the Faith,"$37,047,880",3886.09,66315705.2,Walt Disney Studios Motion Pictures,2000
71,Bounce,"$36,637,217",3630.12,65881465.52,Miramax,2000
72,Hanging Up,"$36,050,230",4686.22,64529911.7,Sony Pictures Entertainment (SPE),2000
73,The Flintstones in Viva Rock Vegas,"$35,268,275",5593.75,63130212.25,Universal Pictures,2000
74,The Skulls,"$35,046,120",4324.64,62732554.800000004,Universal Pictures,2000
75,Mysteries of Egypt,"$34,271,224",48.33,72662339.94,IMAX,2000
76,The 6th Day,"$34,259,361",4503.64,61941661.2,Sony Pictures Entertainment (SPE),2000
77,My Dog Skip,"$34,134,641",4172.49,61101007.39,Warner Bros.,2000
78,Where the Heart Is,"$33,772,838",4365.81,60453380.02,Twentieth Century Fox,2000
79,"Dude, Where's My Car?","$33,113,843",3759.0,83646342.0,Twentieth Century Fox,2000
80,Pay It Forward,"$32,960,771",3812.7000000000003,60000134.120000005,Warner Bros.,2000
81,Return to Me,"$32,722,798",4152.8,58573808.42,Metro-Goldwyn-Mayer (MGM),2000
82,Almost Famous,"$31,932,799",4048.98,58237381.5,DreamWorks Distribution,2000
83,The Legend of Bagger Vance,"$30,688,488",3869.98,55345310.72,DreamWorks Distribution,2000
84,The Art of War,"$30,208,599",4707.7,54073392.21,Warner Bros.,2000
85,Bless the Child,"$29,381,494",4517.96,52592874.26,Paramount Pictures,2000
86,The Watcher,"$28,946,615",4970.83,51814440.85,Universal Pictures,2000
87,"Girl, Interrupted","$28,562,738",3463.65,51753636.34,Sony Pictures Entertainment (SPE),2000
88,Love & Basketball,"$27,459,615",2228.55,49152710.85,New Line Cinema,2000
89,High Fidelity,"$27,287,137",2203.4900000000002,48843975.230000004,Walt Disney Studios Motion Pictures,2000
90,Book of Shadows: Blair Witch 2,"$26,437,094",5942.8,47322398.26,Artisan Entertainment,2000
91,Proof of Life,"$26,380,380",4841.95,58352086.49,Warner Bros.,2000
92,The Adventures of Rocky & Bullwinkle,"$26,005,820",4442.78,46550417.800000004,Universal Pictures,2000
93,Nurse Betty,"$25,170,054",2668.89,45054396.660000004,USA Films,2000
94,Bicentennial Man,"$24,838,165",4952.93,104220711.19,Walt Disney Studios Motion Pictures,2000
95,Deuce Bigalow: Male Gigolo,"$23,565,651",3869.98,117314371.45,Walt Disney Studios Motion Pictures,2000
96,Reindeer Games,"$23,244,837",3945.16,41830501.050000004,Miramax,2000
97,Titan A.E.,"$22,753,426",4967.25,40728632.54,Twentieth Century Fox,2000
98,Boys and Girls,"$21,799,652",3560.31,39021377.08,Dimension Films,2000
99,Magnolia,"$21,540,572",1943.94,40196197.04,New Line Cinema,2000
100,Battlefield Earth,"$21,471,685",5919.53,38434316.15,Warner Bros.,2000
101,Urban Legends: Final Cut,"$21,468,807",4544.81,38429164.53,Sony Pictures Entertainment (SPE),2000
102,Down to You,"$20,069,008",3585.37,35923524.32,Miramax,2000
103,Wonder Boys,"$19,272,097",2701.11,34714467.03,Paramount Pictures,2000
104,Anna and the King,"$18,745,638",3816.28,70281521.8,Twentieth Century Fox,2000
105,The Ninth Gate,"$18,661,336",3032.26,33403791.44,Artisan Entertainment,2000
106,Dracula 2000,"$18,347,231",3945.16,59110752.93,Miramax,2000
107,The Contender,"$17,793,086",2933.81,31992174.17,DreamWorks Distribution,2000
108,The Sixth Sense,"$17,392,617",5049.59,525376262.68,Walt Disney Studios Motion Pictures,2000
109,Small Time Crooks,"$17,266,359",1585.94,30906782.61,DreamWorks Distribution,2000
110,Red Planet,"$17,224,802",4838.37,31290793.1,Warner Bros.,2000
111,Center Stage,"$17,200,925",2695.7400000000002,30789655.75,Sony Pictures Entertainment (SPE),2000
112,Best in Show,"$17,077,142",889.63,33500551.68,Warner Bros.,2000
113,Boiler Room,"$16,970,581",2389.65,30377339.990000002,New Line Cinema,2000
114,Billy Elliot,"$16,875,428",912.9,39371520.77,Focus Features,2000
115,Lost Souls,"$16,815,253",3526.3,30099302.87,New Line Cinema,2000
116,Eye of the Beholder,"$16,500,786",3134.29,29536406.94,Destination Films,2000
117,Thomas and the Magic Railroad,"$15,891,056",3776.9,28520975.740000002,Destination Films,2000
118,Loser,"$15,618,626",3608.64,27957340.54,Sony Pictures Entertainment (SPE),2000
119,Drowning Mona,"$15,506,764",3545.9900000000002,27757107.560000002,Destination Films,2000
120,Bait,"$15,325,127",4210.08,27431977.330000002,Warner Bros.,2000
121,American Psycho,"$15,070,285",2223.18,26975810.150000002,Lions Gate Films,2000
122,Get Carter,"$14,967,182",4143.85,26791255.78,Warner Bros.,2000
123,The Next Best Thing,"$14,941,324",3642.65,26833141.78,Paramount Pictures,2000
124,Man on the Moon,"$14,682,505",3721.41,61947299.7,Universal Pictures,2000
125,Snow Falling on Cedars,"$14,316,301",2067.45,25807491.47,Universal Pictures,2000
126,Michael Jordan to the Max,"$14,289,413",100.24000000000001,33384432.59,IMAX,2000
127,Supernova,"$14,230,455",4081.2000000000003,25472514.45,Metro-Goldwyn-Mayer (MGM),2000
128,Dungeons & Dragons,"$13,964,757",3719.62,27551626.3,New Line Cinema,2000
129,The Ladies Man,"$13,616,610",3656.9700000000003,24373731.900000002,Paramount Pictures,2000
130,The Little Vampire,"$13,572,400",3596.11,24294596.0,New Line Cinema,2000
131,Dr. T & the Women,"$13,113,041",2665.31,23472343.39,Artisan Entertainment,2000
132,The Crew,"$13,023,075",2711.85,23311304.25,Walt Disney Studios Motion Pictures,2000
133,Everest,"$13,008,988",110.98,156049692.21,MacGillivray Freeman Films,2000
134,Angela's Ashes,"$12,903,522",1099.06,23345380.48,Paramount Pictures,2000
135,Highlander: Endgame,"$12,811,858",2767.34,22933225.82,Miramax,2000
136,Ready to Rumble,"$12,394,327",4627.150000000001,22185845.330000002,Warner Bros.,2000
137,"Crouching Tiger, Hidden Dragon","$12,187,815",3628.33,229261180.88,Sony Pictures Classics,2000
138,Saving Grace,"$12,178,602",1566.25,21799697.580000002,Fine Line Features,2000
139,The Legend of Drunken Master,"$11,555,430",2407.55,20684219.7,Miramax,2000
140,The World Is Not Enough,"$11,365,512",5661.77,227229194.36,Metro-Goldwyn-Mayer (MGM),2000
141,Here on Earth,"$10,522,168",3066.27,18834680.72,Twentieth Century Fox,2000
142,Lucky Numbers,"$10,042,516",4525.12,17976103.64,Paramount Pictures,2000
143,Godzilla 2000: Millennium,"$10,037,390",3778.69,17966928.1,Sony Pictures Entertainment (SPE),2000
144,3 Strikes,"$9,832,166",1213.6200000000001,17599577.14,Metro-Goldwyn-Mayer (MGM),2000
145,Digimon: The Movie,"$9,631,153",3266.75,17239763.87,Twentieth Century Fox,2000
146,The End of the Affair,"$9,551,124",1231.52,19381790.64,Sony Pictures Entertainment (SPE),2000
147,Sleepy Hollow,"$9,454,475",5493.51,180917988.58,Paramount Pictures,2000
148,Boys Don't Cry,"$8,926,795",653.35,20657686.53,Unkwon,2000
149,Whatever It Takes,"$8,745,680",4066.88,15654767.200000001,Sony Pictures Entertainment (SPE),2000
150,Cirque du Soleil: Journey of Man,"$8,665,626",39.38,27973106.86,Sony Pictures Classics,2000
151,Play It to the Bone,"$8,430,780",2842.52,15097121.34,Walt Disney Studios Motion Pictures,2000
152,T-Rex: Back to the Cretaceous,"$8,260,384",68.02,95504989.97,IMAX,2000
153,Galapagos,"$7,801,785",25.060000000000002,33348365.88,IMAX,2000
154,Screwed,"$7,027,345",3152.19,12578947.55,Universal Pictures,2000
155,All the Pretty Horses,"$6,817,435",2851.4700000000003,27817231.87,Miramax,2000
156,I Dreamed of Africa,"$6,651,522",3780.48,11906224.38,Sony Pictures Entertainment (SPE),2000
157,All About My Mother,"$6,385,732",259.55,14807409.84,Sony Pictures Classics,2000
158,Sunshine,"$6,377,468",273.87,9122317.93,Paramount Classics,2000
159,What Planet Are You From?,"$6,291,602",4023.92,11261967.58,Sony Pictures Entertainment (SPE),2000
160,Croupier,"$6,201,143",252.39000000000001,11100045.97,Unkwon,2000
161,Topsy-Turvy,"$6,068,998",400.96000000000004,11113300.92,USA Films,2000
162,The Way of the Gun,"$6,055,661",2801.35,10839633.19,Artisan Entertainment,2000
163,Where the Money Is,"$5,661,798",2753.02,10134618.42,USA Films,2000
164,The in Crowd,"$5,280,035",2429.03,9451262.65,Warner Bros.,2000
165,Black & White,"$5,277,299",2298.36,9446365.21,Sony Pictures Entertainment (SPE),2000
166,Gossip,"$5,108,820",2729.75,9144787.8,Warner Bros.,2000
167,Woman on Top,"$5,020,111",1943.94,8985998.69,Unkwon,2000
168,End of Days,"$4,988,944",4747.08,119731386.97,Universal Pictures,2000
169,Being John Malkovich,"$4,980,937",1127.7,40925836.84,USA Films,2000
170,The Virgin Suicides,"$4,906,229",492.25,8782149.91,Paramount Classics,2000
171,Duets,"$4,739,023",1043.57,8482851.17,Walt Disney Studios Motion Pictures,2000
172,Held Up,"$4,705,631",1231.52,8423079.49,Trimark Pictures,2000
173,The Tao of Steve,"$4,342,203",338.31,7772543.37,Sony Pictures Classics,2000
174,Dancer in the Dark,"$4,184,036",225.54,7489424.44,Fine Line Features,2000
175,East Is East,"$4,177,818",281.03000000000003,7478294.22,Miramax,2000
176,Whipped,"$4,159,986",2829.9900000000002,7446374.94,Destination Films,2000
177,Finding Forrester,"$4,026,419",3583.58,92730438.06,Sony Pictures Entertainment (SPE),2000
178,You Can Count on Me,"$3,671,059",268.5,16856079.16,Paramount Classics,2000
179,CyberWorld,"$3,640,193",68.02,20144481.0,IMAX,2000
180,Chocolat,"$3,471,055",3451.12,128001759.77,Miramax,2000
181,Extreme,"$3,468,653",37.59,22330557.88,IMAX,2000
182,Price of Glory,"$3,440,228",1444.53,6158008.12,New Line Cinema,2000
183,Sweet and Lowdown,"$3,438,209",427.81,7512656.850000001,Sony Pictures Classics,2000
184,Island of the Sharks,"$3,428,031",30.43,19078723.95,IMAX,2000
185,Ghost Dog: The Way of the Samurai,"$3,308,029",195.11,5921371.91,Artisan Entertainment,2000
186,The Big Kahuna,"$3,165,544",553.11,5666323.76,Lions Gate Films,2000
187,Beautiful,"$3,157,348",1156.34,5651652.92,Destination Films,2000
188,Siegfried & Roy: The Magic Box,"$3,069,116",39.38,9363996.57,IMAX,2000
189,The Insider,"$3,064,931",3300.76,52070942.480000004,Walt Disney Studios Motion Pictures,2000
190,The Bone Collector,"$3,059,175",4695.17,119068392.45,Universal Pictures,2000
191,Quills,"$3,015,756",399.17,12646944.28,Unkwon,2000
192,Isn't She Great,"$2,962,465",1342.5,5302812.350000001,Universal Pictures,2000
193,Up at the Villa,"$2,933,161",200.48000000000002,5250358.19,USA Films,2000
194,Requiem for a Dream,"$2,813,757",166.47,6507512.78,Artisan Entertainment,2000
195,Alien Adventure,"$2,806,793",17.9,16038013.36,Unkwon,2000
196,Double Jeopardy,"$2,754,826",5373.58,208967388.82,Paramount Pictures,2000
197,Africa's Elephant Kingdom,"$2,706,607",26.85,24138964.45,IMAX,2000
198,God's Army,"$2,693,795",89.5,4721529.54,Unkwon,2000
199,Wolves,"$2,643,337",28.64,8612194.78,IMAX,2000
200,Mansfield Park,"$2,634,754",272.08,8548766.13,Miramax,2000
