Rank,Movies,gross,theater sale,total gross,distributor,Year
1,Shrek 2,"$441,226,247",6883.49,719198782.6099999,DreamWorks Distribution,2004
2,Spider-Man 2,"$373,585,825",6790.58,608944894.75,Sony Pictures Entertainment (SPE),2004
3,The Passion of the Christ,"$370,274,604",5555.04,603547604.52,Newmarket Films,2004
4,Harry Potter and the Prisoner of Azkaban,"$249,541,069",6283.65,406751942.46999997,Warner Bros.,2004
5,The Incredibles,"$248,939,765",6410.79,426148979.96,Walt Disney Studios Motion Pictures,2004
6,The Day After Tomorrow,"$186,740,799",5613.719999999999,304387502.37,Twentieth Century Fox,2004
7,The Bourne Supremacy,"$176,241,941",5385.5199999999995,287274363.83,Universal Pictures,2004
8,Shark Tale,"$160,531,869",6634.099999999999,262204910.04,DreamWorks Distribution,2004
9,The Polar Express,"$151,621,905",5949.5,265323833.54,Warner Bros.,2004
10,National Treasure,"$150,121,985",5286.089999999999,282004497.21999997,Walt Disney Studios Motion Pictures,2004
11,"I, Robot","$144,801,023",5695.219999999999,236025667.48999998,Twentieth Century Fox,2004
12,Troy,"$133,378,256",5559.929999999999,217406557.27999997,Warner Bros.,2004
13,Meet the Fockers,"$132,859,765",5793.0199999999995,455195690.79999995,Universal Pictures,2004
14,The Lord of the Rings: The Return of the King,"$127,581,398",6035.889999999999,614554539.75,New Line Cinema,2004
15,50 First Dates,"$120,908,074",5887.5599999999995,197080160.61999997,Sony Pictures Entertainment (SPE),2004
16,Van Helsing,"$120,177,084",5835.4,195888646.92,Universal Pictures,2004
17,Fahrenheit 9/11,"$119,200,156",3277.93,194287476.73,Lions Gate Films,2004
18,Dodgeball: A True Underdog Story,"$114,326,736",4922.599999999999,186352579.67999998,Twentieth Century Fox,2004
19,The Village,"$114,197,520",6084.79,186141957.6,Walt Disney Studios Motion Pictures,2004
20,The Grudge,"$110,359,362",5457.24,179885760.06,Sony Pictures Entertainment (SPE),2004
21,Collateral,"$101,005,703",5224.15,164639295.89,DreamWorks Distribution,2004
22,Ocean's Twelve,"$100,416,657",5362.7,204637176.39999998,Warner Bros.,2004
23,The Princess Diaries 2: Royal Engagement,"$95,170,481",5688.7,155127884.03,Walt Disney Studios Motion Pictures,2004
24,Starsky & Hutch,"$88,237,754",5191.549999999999,143827539.01999998,Warner Bros.,2004
25,Along Came Polly,"$88,097,164",4974.759999999999,143598377.32,Universal Pictures,2004
26,Mean Girls,"$86,058,055",4978.0199999999995,140274629.64999998,Paramount Pictures,2004
27,Anchorman: The Legend of Ron Burgundy,"$85,288,303",5059.5199999999995,139019933.89,DreamWorks Distribution,2004
28,A Series of Unfortunate Events,"$84,757,072",5905.49,193374314.86999997,Paramount Pictures,2004
29,Scooby-Doo 2: Monsters Unleashed,"$84,216,833",5398.5599999999995,137273437.79,Warner Bros.,2004
30,Cheaper by the Dozen,"$82,995,800",5390.41,225941706.72,Twentieth Century Fox,2004
31,The SpongeBob SquarePants Movie,"$81,106,338",5390.41,139231320.44,Paramount Pictures,2004
32,The Notebook,"$81,001,255",3786.49,132032912.80999999,New Line Cinema,2004
33,Alien vs. Predator,"$80,282,231",5543.629999999999,130860036.52999999,Twentieth Century Fox,2004
34,Man on Fire,"$77,911,774",4867.179999999999,126996191.61999999,Twentieth Century Fox,2004
35,The Terminal,"$77,872,883",4749.82,126932799.28999999,DreamWorks Distribution,2004
36,Garfield,"$75,369,589",5134.5,122852430.07,Twentieth Century Fox,2004
37,Ladder 49,"$73,740,094",5315.429999999999,121502982.41,Walt Disney Studios Motion Pictures,2004
38,Christmas with the Kranks,"$72,095,903",5568.08,120262278.57,Revolution Studios,2004
39,Ray,"$71,278,355",4032.62,122790507.99999999,Universal Pictures,2004
40,White Chicks,"$70,831,760",4564.0,115455768.8,Sony Pictures Entertainment (SPE),2004
41,Cold Mountain,"$67,581,356",4567.259999999999,155887509.67,Miramax,2004
42,Hidalgo,"$67,303,450",4995.95,109704623.5,Walt Disney Studios Motion Pictures,2004
43,The Forgotten,"$67,133,509",5124.719999999999,109427619.66999999,Revolution Studios,2004
44,Kill Bill: Vol. 2,"$66,211,165",5008.99,107919338.28999999,Miramax,2004
45,The Manchurian Candidate,"$65,955,630",4673.21,107507676.89999999,Paramount Pictures,2004
46,Barbershop 2: Back in Business,"$65,111,277",4418.929999999999,106131381.50999999,Metro-Goldwyn-Mayer (MGM),2004
47,Miracle,"$64,378,093",4490.65,104936291.58999999,Walt Disney Studios Motion Pictures,2004
48,Big Fish,"$61,844,175",4097.82,108899799.58999999,Sony Pictures Entertainment (SPE),2004
49,Friday Night Lights,"$61,255,921",4896.5199999999995,99847151.22999999,Universal Pictures,2004
50,Hellboy,"$59,623,958",4960.089999999999,97187051.53999999,Revolution Studios,2004
51,Something's Gotta Give,"$59,497,973",4687.88,203307842.94,Sony Pictures Entertainment (SPE),2004
52,The Stepford Wives,"$59,484,742",4982.91,96960129.46,Paramount Pictures,2004
53,Dawn of the Dead,"$59,020,957",4479.24,96204159.91,Universal Pictures,2004
54,Without a Paddle,"$58,085,096",4492.28,94816003.00999999,Paramount Pictures,2004
55,The Butterfly Effect,"$57,939,826",4246.15,94440069.58999999,New Line Cinema,2004
56,The Chronicles of Riddick,"$57,761,012",4493.91,94150449.55999999,Universal Pictures,2004
57,13 Going on 30,"$57,231,747",5628.389999999999,93287747.61,Revolution Studios,2004
58,Shall We Dance,"$57,004,141",4143.46,94361449.8,Miramax,2004
59,Saw,"$55,185,045",4021.2099999999996,89951623.35,Lions Gate Films,2004
60,Hero,"$53,707,388",3545.2499999999995,87547330.97,Miramax,2004
61,King Arthur,"$51,882,244",5030.179999999999,84568057.72,Walt Disney Studios Motion Pictures,2004
62,A Cinderella Story,"$51,438,175",4278.75,83844225.25,Warner Bros.,2004
63,Resident Evil: Apocalypse,"$51,201,453",5352.92,83458368.39,Screen Gems,2004
64,Home on the Range,"$50,030,461",4984.54,81549651.42999999,Walt Disney Studios Motion Pictures,2004
65,Secret Window,"$48,022,900",4919.339999999999,78277327.0,Sony Pictures Entertainment (SPE),2004
66,Walking Tall,"$46,437,717",4622.679999999999,75693478.71,Metro-Goldwyn-Mayer (MGM),2004
67,Blade: Trinity,"$45,688,172",4746.5599999999995,85431406.78,New Line Cinema,2004
68,Napoleon Dynamite,"$44,374,626",1674.01,72601758.28,Unkwon,2004
69,Exorcist: The Beginning,"$41,821,986",4585.19,68169837.17999999,Warner Bros.,2004
70,You Got Served,"$40,363,810",3167.0899999999997,65793010.3,Screen Gems,2004
71,Catwoman,"$40,202,379",5080.71,65529877.769999996,Warner Bros.,2004
72,The Ladykillers,"$39,799,191",2590.0699999999997,64872681.33,Walt Disney Studios Motion Pictures,2004
73,Bridget Jones: The Edge of Reason,"$39,778,585",4030.99,65568730.449999996,Universal Pictures,2004
74,Sky Captain and the World of Tomorrow,"$37,762,677",5167.099999999999,61553163.51,Paramount Pictures,2004
75,Raising Helen,"$37,486,512",4435.23,61103014.559999995,Walt Disney Studios Motion Pictures,2004
76,Mystic River,"$36,369,586",2577.0299999999997,146920361.32999998,Warner Bros.,2004
77,Taxi2004 Re-release,"$36,311,572",4891.63,59676037.58,Twentieth Century Fox,2004
78,Eternal Sunshine of the Spotless Mind,"$34,400,739",2211.91,56072490.629999995,Focus Features,2004
79,Monster,"$34,310,570",1781.59,56184812.3,Newmarket Films,2004
80,Alexander,"$33,963,605",3985.35,55904421.33,Warner Bros.,2004
81,The Punisher,"$33,812,504",4317.87,55110608.06999999,Lions Gate Films,2004
82,Team America: World Police,"$32,736,542",4270.599999999999,53441300.62,Paramount Pictures,2004
83,Taking Lives,"$32,682,342",4409.15,53272217.45999999,Warner Bros.,2004
84,Anacondas: The Hunt for the Blood Orchid,"$32,238,923",4735.15,52549444.489999995,Screen Gems,2004
85,Cellular,"$32,005,186",4503.69,52165900.599999994,New Line Cinema,2004
86,The Last Samurai,"$31,404,757",4788.94,181137438.69,Warner Bros.,2004
87,Johnson Family Vacation,"$31,203,964",2161.3799999999997,50862461.32,Unkwon,2004
88,Open Water,"$30,612,360",4415.67,49895706.69,Lions Gate Films,2004
89,Calendar Girls,"$29,976,515",1576.2099999999998,50598067.169999994,Walt Disney Studios Motion Pictures,2004
90,Confessions of a Teenage Drama Queen,"$29,331,068",4079.89,47809640.839999996,Walt Disney Studios Motion Pictures,2004
91,Paycheck,"$28,768,374",4502.0599999999995,87678435.13,Paramount Pictures,2004
92,The Prince and Me,"$28,176,497",4418.929999999999,45927690.11,Paramount Pictures,2004
93,After the Sunset,"$28,064,533",4594.969999999999,46179909.79,New Line Cinema,2004
94,Garden State,"$26,745,860",1325.1899999999998,43655175.08,Unkwon,2004
95,Spanglish,"$26,486,622",4216.8099999999995,69644796.47,Sony Pictures Entertainment (SPE),2004
96,Peter Pan,"$26,351,143",4585.19,78994051.03999999,Universal Pictures,2004
97,Fat Albert,"$26,180,374",4472.719999999999,78429604.86,Twentieth Century Fox,2004
98,Closer,"$25,757,869",1789.7399999999998,55400043.91,Sony Pictures Entertainment (SPE),2004
99,Jersey Girl,"$25,293,276",2968.23,41187095.91,Miramax,2004
100,Mona Lisa Smile,"$25,266,797",4423.82,104093335.46,Revolution Studios,2004
101,Twisted,"$25,198,598",4407.5199999999995,41073714.739999995,Paramount Pictures,2004
102,The Aviator,"$24,088,726",4123.9,167254837.89999998,Miramax,2004
103,Around the World in 80 Days,"$24,008,137",4565.63,39133263.309999995,Walt Disney Studios Motion Pictures,2004
104,Agent Cody Banks 2: Destination London,"$23,630,159",4845.99,38517159.169999994,Metro-Goldwyn-Mayer (MGM),2004
105,Ella Enchanted,"$22,948,987",3502.87,37356970.809999995,Miramax,2004
106,Finding Neverland,"$22,675,510",2299.93,84239399.19,Miramax,2004
107,The Alamo,"$22,414,961",4252.67,36536386.43,Walt Disney Studios Motion Pictures,2004
108,Mr. 3000,"$21,811,187",4459.679999999999,35552234.809999995,Walt Disney Studios Motion Pictures,2004
109,Torque,"$21,215,059",4014.6899999999996,34580546.169999994,Warner Bros.,2004
110,Sideways,"$20,868,408",2911.18,116550856.58999999,Unkwon,2004
111,Little Black Book,"$20,698,668",3985.35,33738828.839999996,Revolution Studios,2004
112,Yu-Gi-Oh!: The Movie - Pyramid of Light,"$19,765,868",3929.93,32218364.839999996,Warner Bros.,2004
113,NASCAR: The IMAX Experience,"$19,541,074",118.99,35181644.53,Warner Bros.,2004
114,Two Brothers,"$19,176,754",3555.0299999999997,31258109.02,Universal Pictures,2004
115,Harold & Kumar Go to White Castle,"$18,249,648",3525.6899999999996,29748396.499999996,New Line Cinema,2004
116,Laws of Attraction,"$17,795,140",3991.87,29130145.65,New Line Cinema,2004
117,EuroTrip,"$17,771,387",4146.719999999999,28967360.81,DreamWorks Distribution,2004
118,My Baby's Daddy,"$17,669,609",2360.24,28800986.709999997,Miramax,2004
119,Seed of Chucky,"$17,083,364",3361.06,27846483.159999996,Rogue Pictures,2004
120,Win a Date with Tad Hamilton!,"$17,071,962",4577.04,27827298.06,DreamWorks Distribution,2004
121,Wimbledon,"$17,001,133",3323.5699999999997,27711846.79,Universal Pictures,2004
122,Catch That Kid,"$16,703,799",4642.24,27227192.369999997,Twentieth Century Fox,2004
123,The Whole Ten Yards,"$16,328,471",4326.0199999999995,26615407.729999997,Warner Bros.,2004
124,Vanity Fair,"$16,134,657",1718.02,26302455.88,Focus Features,2004
125,Paparazzi,"$15,714,234",3509.39,25614201.419999998,Twentieth Century Fox,2004
126,The Motorcycle Diaries,"$15,575,375",443.35999999999996,27353660.81,Focus Features,2004
127,The Girl Next Door,"$14,589,444",3501.24,23780793.72,Twentieth Century Fox,2004
128,Flight of the Phoenix,"$14,559,140",4244.5199999999995,34244963.4,Twentieth Century Fox,2004
129,Welcome to Mooseport,"$14,470,947",4674.84,23587643.61,Twentieth Century Fox,2004
130,Godsend,"$14,378,469",3786.49,23438994.13,Lions Gate Films,2004
131,Soul Plane,"$14,190,750",2552.58,23130922.5,Metro-Goldwyn-Mayer (MGM),2004
132,Dirty Dancing: Havana Nights,"$14,161,656",3328.4599999999996,23083391.7,Lions Gate Films,2004
133,New York Minute,"$14,071,441",4899.78,22936448.83,Warner Bros.,2004
134,Lost in Translation,"$13,614,949",1437.6599999999999,72674288.39,Focus Features,2004
135,Envy,"$13,598,653",3985.35,22106589.75,DreamWorks Distribution,2004
136,Shaun of the Dead,"$13,542,662",1100.25,22074884.619999997,Rogue Pictures,2004
137,De-Lovely,"$13,456,633",668.3,21934311.79,United Artists,2004
138,Alfie,"$13,381,998",3610.45,21841693.56,Paramount Pictures,2004
139,Wicker Park,"$13,001,257",4234.74,21192048.91,Metro-Goldwyn-Mayer (MGM),2004
140,The Phantom of the Opera,"$12,956,893",2469.45,83568168.44999999,Warner Bros.,2004
141,Darkness,"$12,872,058",2800.3399999999997,36126410.46,Dimension Films,2004
142,I Heart Huckabees,"$12,576,126",1468.6299999999999,20840254.16,Unkwon,2004
143,Master and Commander: The Far Side of the World,"$12,396,172",5054.63,153102509.6,Twentieth Century Fox,2004
144,Breakin' All the Rules,"$12,264,319",2148.3399999999997,19990839.97,Screen Gems,2004
145,Chasing Liberty,"$12,195,626",3911.9999999999995,19878870.38,Warner Bros.,2004
146,In America,"$11,858,450",656.89,25329639.279999997,Unkwon,2004
147,The Cookout,"$11,814,019",2123.89,19256850.97,Lions Gate Films,2004
148,Surviving Christmas,"$11,663,156",4490.65,19010944.279999997,DreamWorks Distribution,2004
149,Super Size Me,"$11,535,710",374.9,18804369.49,IDP Distribution,2004
150,The Life Aquatic with Steve Zissou,"$11,361,325",1801.1499999999999,39153256.89,Walt Disney Studios Motion Pictures,2004
151,Girl with a Pearl Earring,"$11,070,310",655.26,19023682.73,Lions Gate Films,2004
152,21 Grams,"$10,835,411",669.93,26553475.88,Focus Features,2004
153,Raise Your Voice,"$10,413,484",4109.23,16971527.4,New Line Cinema,2004
154,The Perfect Score,"$10,391,003",3599.04,16937334.89,Paramount Pictures,2004
155,Space Station 3D,"$10,241,152",104.32,152215843.39,IMAX,2004
156,House of Sand and Fog,"$10,094,363",974.7399999999999,21255669.439999998,DreamWorks Distribution,2004
157,What the #$*! Do We (K)now!?,"$10,040,325",237.98,17835958.779999997,Unkwon,2004
158,Bugs!,"$9,694,425",53.79,31073576.72,SK Films,2004
159,Sleepover,"$9,436,390",3597.41,15381315.7,Metro-Goldwyn-Mayer (MGM),2004
160,Superbabies: Baby Geniuses 2,"$9,219,388",2079.8799999999997,15027602.44,Triumph Releasing Corporation,2004
161,First Daughter,"$9,055,921",3716.3999999999996,14761151.229999999,Twentieth Century Fox,2004
162,Saved!,"$8,940,582",964.9599999999999,14573148.659999998,United Artists,2004
163,The Haunted Mansion,"$8,830,978",5088.86,123631043.58,Walt Disney Studios Motion Pictures,2004
164,Suspect Zero,"$8,725,813",2446.6299999999997,14223075.19,Paramount Pictures,2004
165,Connie and Carla,"$8,085,771",1656.08,13179806.729999999,Universal Pictures,2004
166,Bad Santa,"$7,211,279",4140.2,97898334.64,Dimension Films,2004
167,Stuck on You,"$7,069,085",4901.41,55147367.83,Twentieth Century Fox,2004
168,The Cooler,"$6,882,556",665.04,13515262.36,Lions Gate Films,2004
169,Thunderbirds,"$6,880,917",3361.06,11215894.709999999,Universal Pictures,2004
170,Woman Thou Art Loosed,"$6,879,730",849.2299999999999,11213959.899999999,Magnolia Pictures,2004
171,Maria Full of Grace,"$6,529,624",207.01,10643287.12,Fine Line Features,2004
172,Teacher's Pet,"$6,491,969",3304.0099999999998,10581909.469999999,Walt Disney Studios Motion Pictures,2004
173,The Big Bounce,"$6,489,476",3755.5199999999995,10577845.879999999,Warner Bros.,2004
174,Kinsey,"$6,326,263",958.4399999999999,16715615.77,Unkwon,2004
175,The Triplets of Belleville,"$6,245,780",754.6899999999999,11421652.87,Sony Pictures Classics,2004
176,Against the Ropes,"$5,884,190",2609.6299999999997,9591229.7,Paramount Pictures,2004
177,Elf,"$5,852,220",5511.03,282639584.34,New Line Cinema,2004
178,Before Sunset,"$5,820,649",332.52,9487657.87,Warner Independent Pictures (WIP),2004
179,The Clearing,"$5,763,875",731.87,9395116.25,Unkwon,2004
180,Never Die Alone,"$5,645,298",1890.8,9201835.74,Unkwon,2004
181,The Young Black Stallion,"$5,242,131",83.13,11004764.069999998,Walt Disney Studios Motion Pictures,2004
182,Club Dread,"$5,001,708",2945.41,8152784.039999999,Unkwon,2004
183,Birth,"$4,762,995",896.4999999999999,8304911.9399999995,New Line Cinema,2004
184,Touching the Void,"$4,593,598",223.30999999999997,7487564.739999999,IFC Films,2004
185,Spartan,"$4,434,432",1356.1599999999999,7228124.159999999,Warner Bros.,2004
186,Love Don't Cost a Thing,"$4,321,550",3005.72,35736488.379999995,Warner Bros.,2004
187,A Day Without a Mexican,"$4,195,471",174.41,6813220.699999999,Televisa Cine,2004
188,Good Bye Lenin!,"$4,064,200",203.75,6624646.0,Sony Pictures Classics,2004
189,The Fog of War,"$4,020,568",425.42999999999995,6843662.579999999,Sony Pictures Classics,2004
190,Camping sauvage,"$3,894,585",161.36999999999998,6348173.55,Alliance Atlantis Vivafilm,2004
191,The Door in the Floor,"$3,842,119",218.42,6283037.119999999,Focus Features,2004
192,Benji: Off the Leash!,"$3,817,362",1429.51,6222300.06,Unkwon,2004
193,House of Flying Daggers,"$3,564,467",1938.07,18011653.22,Sony Pictures Classics,2004
194,Being Julia,"$3,518,676",534.64,12614649.87,Sony Pictures Classics,2004
195,City of God,"$3,499,198",394.46,12330068.17,Miramax,2004
196,Love Actually,"$3,249,904",2793.8199999999997,97304714.72,Universal Pictures,2004
197,The Cat in the Hat,"$3,098,290",5651.21,164873334.54999998,Universal Pictures,2004
198,Honey,"$2,940,217",3214.3599999999997,49402719.70999999,Universal Pictures,2004
199,Clifford's Really Big Movie,"$2,922,354",767.7299999999999,4763437.02,Warner Bros.,2004
200,Veer Zaara,"$2,863,026",143.44,4789807.16,Yash Raj Films,2004
