Rank,Movies,gross,theater sale,total gross,distributor,Year
1,The Dark Knight,"$530,924,926",6243.38,762683861.9399999,Warner Bros.,2008
2,Iron Man,"$318,313,199",5940.219999999999,455603900.18,Paramount Pictures,2008
3,Indiana Jones and the Kingdom of the Crystal Skull,"$317,101,119",6097.5199999999995,453454600.16999996,Paramount Pictures,2008
4,Hancock,"$227,946,274",5669.95,325963171.82,Sony Pictures Entertainment (SPE),2008
5,WALL·E,"$223,790,612",5708.5599999999995,320045674.52,Walt Disney Studios Motion Pictures,2008
6,Kung Fu Panda,"$215,434,591",5914.48,308071465.13,DreamWorks,2008
7,Madagascar: Escape 2 Africa,"$175,687,934",5812.95,257415658.5,DreamWorks,2008
8,Twilight,"$170,672,976",5218.07,275660891.21999997,Summit Entertainment,2008
9,Quantum of Solace,"$165,258,802",5006.429999999999,240766850.60999998,Sony Pictures Entertainment (SPE),2008
10,Horton Hears a Who!,"$154,529,439",5664.23,220977097.76999998,Twentieth Century Fox,2008
11,Sex and the City,"$152,647,258",4754.75,218285578.94,Warner Bros.,2008
12,Mamma Mia!,"$144,130,063",4567.42,206105990.09,Universal Pictures,2008
13,The Chronicles of Narnia: Prince Caspian,"$141,621,490",5618.469999999999,202518730.7,Walt Disney Studios Motion Pictures,2008
14,The Incredible Hulk,"$134,806,913",5016.44,192773885.59,Universal Pictures,2008
15,Wanted,"$134,508,551",4554.55,192347227.92999998,Universal Pictures,2008
16,Get Smart,"$130,319,208",5598.45,186356467.44,Warner Bros.,2008
17,Juno,"$115,568,813",3623.62,205198228.95,Unkwon,2008
18,Four Christmases,"$114,136,302",5062.2,171808837.2,Warner Bros.,2008
19,Tropic Thunder,"$110,515,313",4966.389999999999,158036897.59,DreamWorks,2008
20,Bolt,"$105,380,479",5225.219999999999,163096617.97,Walt Disney Studios Motion Pictures,2008
21,The Mummy: Tomb of the Dragon Emperor,"$102,491,776",5402.54,146563239.68,Universal Pictures,2008
22,Journey to the Center of the Earth,"$101,704,370",4046.8999999999996,145437249.1,Warner Bros.,2008
23,Eagle Eye,"$101,198,986",5168.0199999999995,145060262.48999998,DreamWorks,2008
24,Step Brothers,"$100,468,793",4550.26,143670373.98999998,Sony Pictures Entertainment (SPE),2008
25,You Don't Mess with the Zohan,"$100,018,837",4956.38,143026936.91,Sony Pictures Entertainment (SPE),2008
26,"10,000 BC","$94,784,201",4939.219999999999,135541407.43,Warner Bros.,2008
27,Beverly Hills Chihuahua,"$93,034,296",4631.7699999999995,135155594.85999998,Walt Disney Studios Motion Pictures,2008
28,The Bucket List,"$92,719,141",4168.45,133657097.86,Warner Bros.,2008
29,High School Musical 3: Senior Year,"$89,682,061",5185.179999999999,129499964.88,Walt Disney Studios Motion Pictures,2008
30,Pineapple Express,"$87,341,380",4392.96,124898173.39999999,Sony Pictures Entertainment (SPE),2008
31,National Treasure: Book of Secrets,"$86,700,433",5479.759999999999,314548684.45,Walt Disney Studios Motion Pictures,2008
32,21,"$81,159,365",4221.36,116057891.94999999,Sony Pictures Entertainment (SPE),2008
33,What Happens in Vegas,"$80,277,646",4654.65,114797033.78,Twentieth Century Fox,2008
34,Jumper,"$80,172,128",4904.9,114646143.03999999,Twentieth Century Fox,2008
35,Cloverfield,"$80,048,433",4877.73,114469259.19,Paramount Pictures,2008
36,27 Dresses,"$76,808,654",4395.82,109836375.22,Twentieth Century Fox,2008
37,Hellboy II: The Golden Army,"$75,986,503",4593.16,108660699.28999999,Universal Pictures,2008
38,Marley & Me,"$72,444,071",5012.15,204709863.92999998,Twentieth Century Fox,2008
39,Vantage Point,"$72,266,306",4523.09,103340817.58,Sony Pictures Entertainment (SPE),2008
40,The Spiderwick Chronicles,"$71,195,053",5501.21,101808925.78999999,Paramount Pictures,2008
41,Alvin and the Chipmunks,"$70,249,659",5003.57,310777572.82,Twentieth Century Fox,2008
42,Fool's Gold,"$70,231,041",4468.75,100430388.63,Warner Bros.,2008
43,The Day the Earth Stood Still,"$67,286,845",5090.8,113494778.53999999,Twentieth Century Fox,2008
44,Role Models,"$66,367,815",4001.14,96230806.1,Universal Pictures,2008
45,Hannah Montana and Miley Cyrus: Best of Both Worlds Concert,"$65,281,781",982.41,93352946.83,Walt Disney Studios Motion Pictures,2008
46,The Happening,"$64,506,874",4269.98,92244829.82,Twentieth Century Fox,2008
47,Forgetting Sarah Marshall,"$63,172,463",4106.96,90336622.08999999,Universal Pictures,2008
48,Baby Mama,"$60,494,212",3756.6099999999997,86506723.16,Universal Pictures,2008
49,Burn After Reading,"$60,355,347",3799.5099999999998,86308146.21,Focus Features,2008
50,Yes Man,"$60,029,690",4910.62,139698095.68,Warner Bros.,2008
51,Step Up 2: The Streets,"$58,016,931",3615.04,82965429.69,Walt Disney Studios Motion Pictures,2008
52,I Am Legend,"$57,047,856",5216.639999999999,366642004.3,Warner Bros.,2008
53,Saw V,"$56,746,769",4410.12,81147879.67,Lions Gate Films,2008
54,Bedtime Stories,"$56,700,912",5268.12,157445824.25,Walt Disney Studios Motion Pictures,2008
55,The Curious Case of Benjamin Button,"$52,666,148",4272.84,182338336.17999998,Paramount Pictures,2008
56,The Strangers,"$52,597,610",3542.1099999999997,75214582.3,Rogue Pictures,2008
57,The Forbidden Kingdom,"$52,075,270",4505.929999999999,74467636.1,Lions Gate Films,2008
58,The House Bunny,"$48,237,389",3951.0899999999997,68979466.27,Sony Pictures Entertainment (SPE),2008
59,Nim's Island,"$48,006,762",5030.74,68649669.66,Twentieth Century Fox,2008
60,Made of Honor,"$46,012,734",4026.8799999999997,65798209.62,Sony Pictures Entertainment (SPE),2008
61,Seven Pounds,"$45,938,985",3943.94,100031108.32,Sony Pictures Entertainment (SPE),2008
62,College Road Trip,"$45,610,425",3869.58,65222907.75,Walt Disney Studios Motion Pictures,2008
63,Australia,"$45,135,608",3891.0299999999997,70862222.86,Twentieth Century Fox,2008
64,The Sisterhood of the Traveling Pants 2,"$44,089,964",3881.02,63048648.519999996,Warner Bros.,2008
65,Speed Racer,"$43,945,766",5156.58,62842445.379999995,Warner Bros.,2008
66,Prom Night,"$43,869,350",4034.0299999999997,62733170.5,Screen Gems,2008
67,Rambo,"$42,754,105",3952.52,61138370.15,Lions Gate Films,2008
68,"Sweet Carolina, Roscoe Jenkins","$42,436,517",3413.41,60684219.309999995,Universal Pictures,2008
69,Meet the Browns,"$41,975,388",2882.8799999999997,60024804.839999996,Lions Gate Films,2008
70,Nights in Rodanthe,"$41,745,871",3866.72,59846442.37,Warner Bros.,2008
71,Valkyrie,"$40,901,858",4058.3399999999997,118801301.19,United Artists,2008
72,Max Payne,"$40,662,868",4834.83,58185831.989999995,Twentieth Century Fox,2008
73,Righteous Kill,"$40,081,410",4507.36,57316416.3,Overture Films,2008
74,There Will Be Blood,"$39,858,999",2316.6,57518195.019999996,Paramount Vantage,2008
75,Lakeview Terrace,"$39,263,506",3680.8199999999997,56146813.58,Screen Gems,2008
76,Body of Lies,"$39,203,583",3881.02,56334372.379999995,Warner Bros.,2008
77,Atonement,"$38,888,354",2002.0,72825705.81,Focus Features,2008
78,Meet the Spartans,"$38,233,676",3779.49,54674156.68,Twentieth Century Fox,2008
79,Harold & Kumar Escape from Guantanamo Bay,"$38,108,728",3639.35,54495481.04,Warner Bros.,2008
80,First Sunday,"$37,931,869",3164.5899999999997,54242572.669999994,Screen Gems,2008
81,The Secret Life of Bees,"$37,443,851",2330.9,54011331.66,Unkwon,2008
82,The Family That Preys,"$37,105,289",2960.1,53060563.269999996,Lions Gate Films,2008
83,Death Race,"$36,316,032",3697.98,51931925.76,Universal Pictures,2008
84,Changeling,"$35,598,217",2711.2799999999997,51107916.86,Universal Pictures,2008
85,Star Wars: The Clone Wars,"$35,161,554",4936.36,50281022.22,Warner Bros.,2008
86,The Tale of Despereaux,"$34,019,390",4443.01,72754317.35,Universal Pictures,2008
87,Semi-Pro,"$33,540,654",4463.03,47875968.14,New Line Cinema,2008
88,Fireproof,"$33,185,636",1294.1499999999999,47842533.309999995,The Samuel Goldwyn Company,2008
89,Drillbit Taylor,"$32,862,104",4377.23,46992808.72,Paramount Pictures,2008
90,No Country for Old Men,"$32,712,541",2912.91,106225583.75,Miramax,2008
91,"Definitely, Maybe","$32,241,649",3174.6,46105558.07,Universal Pictures,2008
92,The Love Guru,"$32,235,793",4307.16,46097183.989999995,Paramount Pictures,2008
93,Quarantine,"$31,691,811",3522.0899999999997,45319289.73,Screen Gems,2008
94,Transporter 3,"$31,675,631",3755.18,45352538.66,Lions Gate Films,2008
95,Nick and Norah's Infinite Playlist,"$31,487,293",3462.0299999999997,45026828.989999995,Sony Pictures Entertainment (SPE),2008
96,The Eye,"$31,418,697",3532.1,44928736.71,Lions Gate Films,2008
97,Leatherheads,"$31,373,938",4001.14,44864731.339999996,Universal Pictures,2008
98,Zack and Miri Make a Porno,"$31,213,743",3911.0499999999997,44984862.78,The Weinstein Company,2008
99,Mirrors,"$30,691,439",3809.52,43888757.769999996,Twentieth Century Fox,2008
100,Space Chimps,"$30,105,968",3629.3399999999997,43051534.239999995,Twentieth Century Fox,2008
101,The Bank Job,"$30,060,660",2306.5899999999997,42986743.8,Lions Gate Films,2008
102,Untraceable,"$28,687,835",3386.24,41023604.05,Screen Gems,2008
103,P.S. I Love You,"$28,405,687",3533.5299999999997,76785005.44,Warner Bros.,2008
104,Charlie Wilson's War,"$27,996,250",3709.4199999999996,95325365.85,Universal Pictures,2008
105,The Women,"$26,902,075",4282.849999999999,38469967.25,Picturehouse,2008
106,One Missed Call,"$26,890,041",3203.2,38452758.629999995,Warner Bros.,2008
107,The Other Boleyn Girl,"$26,814,957",1733.1599999999999,38345388.51,Sony Pictures Entertainment (SPE),2008
108,Street Kings,"$26,418,667",3530.67,37778693.809999995,Unkwon,2008
109,Shutter,"$25,928,550",3941.08,37077826.5,Twentieth Century Fox,2008
110,Superhero Movie,"$25,874,034",4239.95,37009927.24,Unkwon,2008
111,W.,"$25,534,493",2931.5,36514324.99,Lions Gate Films,2008
112,Never Back Down,"$24,850,922",3902.47,35536818.46,Summit Entertainment,2008
113,Sweeney Todd: The Demon Barber of Fleet Street,"$24,613,476",2155.0099999999998,75644244.39,DreamWorks,2008
114,Traitor,"$23,530,831",3014.44,33649088.33,Overture Films,2008
115,Vicky Cristina Barcelona,"$22,772,748",1038.18,33199893.869999997,Unkwon,2008
116,Babylon A.D.,"$22,532,572",4897.75,32221577.959999997,Twentieth Century Fox,2008
117,Slumdog Millionaire,"$22,227,362",4208.49,202087497.04,Unkwon,2008
118,The Water Horse,"$21,886,231",3971.1099999999997,58553144.65,Revolution Studios,2008
119,The X Files: I Want to Believe,"$20,982,478",4554.55,30004943.54,Twentieth Century Fox,2008
120,Mad Money,"$20,668,843",3532.1,29556445.49,Overture Films,2008
121,Appaloosa,"$20,072,553",1844.6999999999998,28902293.419999998,Warner Bros.,2008
122,Igor,"$19,445,931",3347.6299999999997,27925900.86,Metro-Goldwyn-Mayer (MGM),2008
123,My Best Friend's Girl,"$19,219,250",3769.48,27483527.5,Lions Gate Films,2008
124,Kit Kittredge: An American Girl,"$17,657,973",2644.0699999999997,25250901.39,Picturehouse,2008
125,The Ruins,"$17,432,844",4024.02,24928966.919999998,DreamWorks,2008
126,88 Minutes,"$17,213,467",3100.24,24615257.81,Sony Pictures Entertainment (SPE),2008
127,Swing Vote,"$16,289,867",3164.5899999999997,23294509.81,Walt Disney Studios Motion Pictures,2008
128,Pride and Glory,"$15,740,721",3696.5499999999997,22509231.029999997,Warner Bros.,2008
129,Enchanted,"$15,662,788",5333.9,182764384.66,Walt Disney Studios Motion Pictures,2008
130,The Great Debaters,"$15,544,116",1844.6999999999998,43238062.01,Unkwon,2008
131,Bangkok Dangerous,"$15,298,133",3795.22,21876330.189999998,Lions Gate Films,2008
132,Milk,"$14,594,325",1261.26,45533057.57,Focus Features,2008
133,Sea Monsters: A Prehistoric Adventure,"$14,470,286",360.35999999999996,33956874.379999995,National Geographic Entertainment,2008
134,Disaster Movie,"$14,190,901",3778.06,20292988.43,Lions Gate Films,2008
135,The Duchess,"$13,848,978",1726.01,19804038.54,Paramount Vantage,2008
136,Aliens vs. Predator: Requiem,"$13,590,647",3742.31,59769804.379999995,Twentieth Century Fox,2008
137,The Haunting of Molly Hartley,"$13,482,372",3792.3599999999997,19390531.16,Freestyle Releasing,2008
138,Ghost Town,"$13,367,624",2162.16,19115702.32,DreamWorks,2008
139,The Spirit,"$13,067,406",3587.87,28322848.84,Lions Gate Films,2008
140,Religulous,"$13,011,160",812.24,18605958.8,Lions Gate Films,2008
141,The Pirates Who Don't Do Anything,"$12,981,269",1916.1999999999998,18563214.669999998,Universal Pictures,2008
142,Under the Same Moon,"$12,590,147",649.22,18003910.21,The Weinstein Company,2008
143,Fly Me to the Moon 3D,"$12,518,732",1019.5899999999999,19758284.259999998,Summit Entertainment,2008
144,Miss Pettigrew Lives for a Day,"$12,313,694",770.77,17608582.419999998,Focus Features,2008
145,Soul Men,"$12,017,328",2928.64,17277819.13,Unkwon,2008
146,Doubt,"$11,810,755",1840.4099999999999,47828452.1,Miramax,2008
147,Meet Dave,"$11,803,254",4305.73,16878653.22,Twentieth Century Fox,2008
148,The Longshots,"$11,537,046",2987.27,16497975.78,Unkwon,2008
149,Be Kind Rewind,"$11,184,916",1158.3,15980484.52,New Line Cinema,2008
150,Doomsday,"$11,008,770",2771.3399999999997,15742541.1,Rogue Pictures,2008
151,Stop-Loss,"$10,915,744",1866.1499999999999,15609513.92,Paramount Pictures,2008
152,The Golden Compass,"$10,244,179",5045.04,100254051.03999999,New Line Cinema,2008
153,Rachel Getting Married,"$10,104,295",559.13,18299482.63,Sony Pictures Classics,2008
154,Penelope,"$10,011,996",1726.01,14317154.28,Summit Entertainment,2008
155,The Kite Runner,"$9,950,597",1022.4499999999999,22594111.54,Paramount Vantage,2008
156,Michael Clayton,"$9,885,291",3696.5499999999997,70118451.25999999,Warner Bros.,2008
157,The Express,"$9,793,406",4018.2999999999997,14004570.58,Universal Pictures,2008
158,U2,"$9,642,269",980.9799999999999,14819577.629999999,National Geographic Entertainment,2008
159,Smart People,"$9,511,289",1600.1699999999998,13601143.27,Miramax,2008
160,The Visitor,"$9,427,089",386.09999999999997,13480737.27,Overture Films,2008
161,The Boy in the Striped Pajamas,"$8,721,222",970.9699999999999,12936003.08,Miramax,2008
162,Sex Drive,"$8,402,485",3462.0299999999997,12015553.549999999,Summit Entertainment,2008
163,Punisher: War Zone,"$8,050,977",3586.44,11512897.11,Lions Gate Films,2008
164,Miracle at St. Anna,"$7,919,117",1694.55,11324337.309999999,Walt Disney Studios Motion Pictures,2008
165,City of Ember,"$7,849,215",2892.89,11258400.01,Twentieth Century Fox,2008
166,Cadillac Records,"$7,844,196",1002.43,11719637.93,Sony Pictures Entertainment (SPE),2008
167,In Bruges,"$7,800,824",331.76,11155178.32,Focus Features,2008
168,Expelled: No Intelligence Allowed,"$7,644,696",1504.36,11040296.41,Rocky Mountain Pictures,2008
169,Over Her Dead Body,"$7,564,149",2827.1099999999997,10816048.1,New Line Cinema,2008
170,Nothing Like the Holidays,"$7,163,279",2389.5299999999997,10730342.48,Overture Films,2008
171,How She Move,"$7,070,641",2189.33,10111016.629999999,Paramount Vantage,2008
172,An American Carol,"$7,013,191",2343.77,10028863.129999999,Vivendi Entertainment,2008
173,The Orphanage,"$6,897,589",1011.01,10240636.12,Picturehouse,2008
174,Strange Wilderness,"$6,575,282",1731.73,9402653.26,Paramount Classics,2008
175,Brideshead Revisited,"$6,432,256",716.43,9198126.08,Miramax,2008
176,The Rocker,"$6,409,528",3981.12,9165625.04,Twentieth Century Fox,2008
177,Tell No One,"$6,143,704",160.16,8833384.56,Music Box Films,2008
178,Run Fatboy Run,"$6,003,262",1620.1899999999998,8584664.66,Picturehouse,2008
179,Gran Torino,"$5,881,093",4354.349999999999,211776281.85999998,Warner Bros.,2008
180,Mongol: The Rise of Genghis Khan,"$5,705,761",361.78999999999996,8159238.2299999995,Picturehouse,2008
181,RocknRolla,"$5,700,626",1181.1799999999998,8151895.18,Warner Bros.,2008
182,Shine a Light,"$5,505,267",396.10999999999996,7872531.81,Paramount Vantage,2008
183,The Counterfeiters,"$5,488,570",243.1,7848655.1,Sony Pictures Classics,2008
184,Walk Hard: The Dewey Cox Story,"$5,242,050",3789.5,26193525.93,Sony Pictures Entertainment (SPE),2008
185,Dolphins and Whales 3D: Tribes of the Ocean,"$5,215,033",60.059999999999995,11032444.28,3D Entertainment,2008
186,The Diving Bell and the Butterfly,"$5,101,666",304.59,8584614.61,Miramax,2008
187,Hamlet 2,"$4,886,216",2283.71,6987288.88,Focus Features,2008
188,Magnificent Desolation: Walking on the Moon,"$4,875,063",117.25999999999999,48816659.32,IMAX,2008
189,The Savages,"$4,808,372",287.43,9471007.26,Unkwon,2008
190,In the Name of the King: A Dungeon Siege Tale,"$4,774,473",2333.7599999999998,6829188.08,Freestyle Releasing,2008
191,College,"$4,694,636",3037.3199999999997,6713329.4799999995,Metro-Goldwyn-Mayer (MGM),2008
192,Deception,"$4,598,506",2861.43,6575863.58,Twentieth Century Fox,2008
193,Flash of Genius,"$4,442,377",1570.1399999999999,6352599.109999999,Universal Pictures,2008
194,Space Station 3D,"$4,397,599",91.52,133539052.78999999,IMAX,2008
195,Frost/Nixon,"$4,369,220",1580.1499999999999,26629504.33,Universal Pictures,2008
196,Persepolis,"$4,310,455",766.48,6357431.08,Sony Pictures Classics,2008
197,Witless Protection,"$4,161,625",1936.22,5951123.75,Lions Gate Films,2008
198,Bottle Shock,"$4,078,607",573.43,5832408.01,Freestyle Releasing,2008
199,Young@Heart,"$3,992,189",303.15999999999997,5708830.27,Unkwon,2008
200,Charlie Bartlett,"$3,951,699",1604.46,5650929.569999999,Metro-Goldwyn-Mayer (MGM),2008
