Rank,Movies,gross,theater sale,total gross,distributor,Year
1,Top Gun: Maverick,"$718,318,561",4751,754669462.0500001,Paramount Pictures,2022
2,Black Panther: Wakanda Forever,"$436,499,646",4396,476520513.0,Walt Disney Studios Motion Pictures,2022
3,Doctor Strange in the Multiverse of Madness,"$411,331,607",4534,431898187.35,Walt Disney Studios Motion Pictures,2022
4,Avatar: The Way of Water,"$401,007,908",4340,718279555.35,20th Century Studios,2022
5,Jurassic World Dominion,"$376,851,080",4697,395693634.0,Universal Pictures,2022
6,Minions: The Rise of Gru,"$369,695,210",4427,388179970.5,Universal Pictures,2022
7,The Batman,"$369,345,583",4417,387812862.15000004,Warner Bros.,2022
8,Thor: Love and Thunder,"$343,256,830",4375,360419671.5,Walt Disney Studios Motion Pictures,2022
9,Spider-Man: No Way Home,"$231,808,708",4336,845033150.85,Sony Pictures Entertainment (SPE),2022
10,Sonic the Hedgehog 2,"$190,872,904",4258,200416549.20000002,Paramount Pictures,2022
11,Black Adam,"$168,054,237",4402,176559716.55,Warner Bros.,2022
12,Elvis,"$151,040,048",3932,158592050.4,Warner Bros.,2022
13,Uncharted,"$148,649,929",4275,156081261.0,Sony Pictures Entertainment (SPE),2022
14,Nope,"$123,277,080",3807,129440934.0,Universal Pictures,2022
15,Lightyear,"$118,307,188",4255,124222547.4,Walt Disney Studios Motion Pictures,2022
16,Smile,"$105,935,048",3659,111231800.4,Paramount Pictures,2022
17,The Lost City,"$105,344,029",4283,110611230.45,Paramount Pictures,2022
18,Bullet Train,"$103,368,602",4357,108537032.10000001,Sony Pictures Entertainment (SPE),2022
19,The Bad Guys,"$97,233,630",4042,102095311.5,Universal Pictures,2022
20,Fantastic Beasts: The Secrets of Dumbledore,"$95,850,844",4245,100643386.2,Warner Bros.,2022
21,DC League of Super-Pets,"$93,657,117",4332,98339972.85000001,Warner Bros.,2022
22,Where the Crawdads Sing,"$90,230,760",3650,94742298.0,Sony Pictures Entertainment (SPE),2022
23,The Black Phone,"$90,123,230",3156,94629391.5,Universal Pictures,2022
24,Sing 2,"$86,307,835",3892,170930539.5,Universal Pictures,2022
25,Scream,"$81,641,405",3666,85723475.25,Paramount Pictures,2022
26,Morbius,"$73,865,530",4268,77558806.5,Columbia Pictures,2022
27,Everything Everywhere All at Once,"$68,649,964",2220,81051374.25,A24,2022
28,Ticket to Paradise,"$68,205,760",4066,71689784.25,Universal Pictures,2022
29,The Woman King,"$67,178,268",3765,70694536.5,TriStar Pictures,2022
30,Halloween Ends,"$64,079,860",3901,67283853.0,Universal Pictures,2022
31,Dog,"$61,778,069",3827,64866972.45,United Artists Releasing,2022
32,Jackass Forever,"$57,743,451",3653,60630623.550000004,Paramount Pictures,2022
33,Puss in Boots: The Last Wish,"$55,665,155",4121,194812112.25,Universal Pictures,2022
34,Violent Night,"$46,778,450",3723,52560275.25,Universal Pictures,2022
35,"Lyle, Lyle, Crocodile","$46,703,141",4350,49232863.050000004,Sony Pictures Entertainment (SPE),2022
36,Death on the Nile,"$45,630,104",3420,47911609.2,20th Century Studios,2022
37,Don't Worry Darling,"$45,309,403",4121,47574873.15,Warner Bros.,2022
38,Downton Abbey: A New Era,"$44,141,550",3830,46348627.5,Focus Features,2022
39,Barbarian,"$40,842,944",2890,42885091.2,20th Century Studios,2022
40,Dragon Ball Super: Super Hero,"$38,112,140",3018,40017747.0,Crunchyroll,2022
41,Strange World,"$36,848,924",4174,39867411.15,Walt Disney Studios Motion Pictures,2022
42,The Menu,"$35,721,551",3228,40426181.25,Searchlight Pictures,2022
43,Jujutsu Kaisen 0,"$34,542,754",2418,36269891.7,Crunchyroll,2022
44,The Northman,"$34,233,110",3284,35944765.5,Focus Features,2022
45,The Bob's Burgers Movie,"$31,933,830",3425,33530521.5,20th Century Studios,2022
46,Beast,"$31,846,530",3754,33438856.5,Universal Pictures,2022
47,The Invitation,"$25,100,080",3117,26355084.0,Sony Pictures Entertainment (SPE),2022
48,Avatar2022  Re-release,"$24,714,024",2040,25949725.2,Walt Disney Pictures,2022
49,Ambulance,"$22,781,115",3412,23920170.75,Universal Pictures,2022
50,Marry Me,"$22,438,180",3643,23560089.0,Universal Pictures,2022
51,The King's Man,"$20,917,649",3180,39035191.65,20th Century Studios,2022
52,Father Stu,"$20,884,796",2705,21929035.8,Sony Pictures Entertainment (SPE),2022
53,The Unbearable Weight of Massive Talent,"$20,300,157",3036,21315164.85,Lions Gate Films,2022
54,Devotion,"$19,837,942",3458,21537534.900000002,Columbia Pictures,2022
55,Prey for the Devil,"$19,802,293",2980,20792407.650000002,Lions Gate Films,2022
56,Moonfall,"$19,060,660",3446,20013693.0,Lions Gate Films,2022
57,Paws of Fury: The Legend of Hank,"$17,811,382",3481,18701951.1,Paramount Pictures,2022
58,Amsterdam,"$14,947,969",3005,15695367.450000001,Walt Disney Studios Motion Pictures,2022
59,The Chosen Season 3: Episode 1 & 2,"$14,612,089",2021,15342693.450000001,Fathom Events,2022
60,The 355,"$14,570,455",3145,15298977.75,Universal Pictures,2022
61,American Underdog,"$14,301,214",2813,27840554.700000003,Lions Gate Films,2022
62,Glass Onion,"$13,280,000",696,13944000.0,Netflix,2022
63,Whitney Houston: I Wanna Dance with Somebody,"$13,256,913",3625,24893484.0,TriStar Pictures,2022
64,Easter Sunday,"$13,013,690",3176,13664374.5,Universal Pictures,2022
65,One Piece Film: Red,"$12,775,324",2367,13414090.200000001,Crunchyroll,2022
66,Licorice Pizza,"$11,873,858",1977,18183907.35,United Artists Releasing,2022
67,The Fabelmans,"$11,807,395",1962,18216392.25,Universal Pictures,2022
68,X,"$11,765,309",2920,12353574.450000001,A24,2022
69,Bros,"$11,628,165",3356,12209573.25,Universal Pictures,2022
70,Bodies Bodies Bodies,"$11,446,602",2541,12018932.1,A24,2022
71,RRR,"$11,113,000",1200,15225000.0,Sarigama Cinemas,2022
72,Terrifier 2,"$10,640,105",1550,11172110.25,Cinedigm Entertainment Group,2022
73,Mrs. Harris Goes to Paris,"$10,433,915",1001,10955610.75,Focus Features,2022
74,West Side Story,"$10,361,074",2820,40456838.1,20th Century Studios,2022
75,Firestarter,"$9,739,250",3413,10226212.5,Universal Pictures,2022
76,Blacklight,"$9,591,094",2772,10070648.700000001,Briarcliff Entertainment,2022
77,See How They Run,"$9,586,237",2502,10065548.85,Walt Disney Studios Motion Pictures,2022
78,The Matrix Resurrections,"$9,552,171",3552,39571145.25,Warner Bros.,2022
79,Pearl,"$9,423,445",2982,9894617.25,A24,2022
80,Spider-Man: No Way Home2022 Re-release,"$9,321,593",3935,9787672.65,Sony Pictures Entertainment (SPE),2022
81,Redeeming Love,"$9,214,020",1963,9674721.0,Universal Pictures,2022
82,Babylon,"$9,082,897",3351,16119027.75,Paramount Pictures,2022
83,The Banshees of Inisherin,"$9,026,965",1205,11111379.3,Searchlight Pictures,2022
84,Till,"$9,000,202",2136,9450212.1,United Artists Releasing,2022
85,Three Thousand Years of Longing,"$8,286,741",2436,8701078.05,United Artists Releasing,2022
86,Brahmastra Part One: Shiva,"$7,839,108",810,8231063.4,Walt Disney Studios Motion Pictures,2022
87,Bones and All,"$7,834,907",2727,8226652.350000001,United Artists Releasing,2022
88,Memory,"$7,329,043",2555,7695495.15,Open Road Films (II),2022
89,Fall,"$7,240,521",1548,7602547.050000001,Lions Gate Films,2022
90,Men,"$7,018,995",2212,7967245.65,A24,2022
91,Ghostbusters: Afterlife,"$6,981,615",4315,135828603.75,Sony Pictures Entertainment (SPE),2022
92,BTS Permission to Dance on Stage - Seoul: Live Viewing,"$6,840,000",803,7182000.0,Trafalgar Releasing,2022
93,Marcel the Shell with Shoes On,"$6,333,702",821,6650387.100000001,A24,2022
94,She Said,"$5,825,995",2023,6117294.75,Universal Pictures,2022
95,Tár,"$5,579,775",1090,7112332.5,Focus Features,2022
96,I Heard the Bells,"$5,563,323",1204,5926309.2,Fathom Events,2022
97,Encanto,"$5,465,293",3980,100898303.10000001,Walt Disney Studios Motion Pictures,2022
98,Orphan: First Kill,"$5,413,227",557,5683888.350000001,Paramount Pictures,2022
99,House of Gucci,"$5,392,076",3477,56500052.7,United Artists Releasing,2022
100,The Whale,"$5,334,196",1721,18336811.5,A24,2022
101,Lifemark,"$5,180,537",1531,5439563.850000001,Fathom Events,2022
102,Jaws2022 Re-release,"$5,100,765",1246,5355803.25,Universal Pictures,2022
103,The Cursed,"$4,588,389",1695,4817808.45,LD Entertainment,2022
104,Nightmare Alley,"$4,459,805",2145,11905012.35,Searchlight Pictures,2022
105,Vengeance,"$4,330,720",1003,4547256.0,Focus Features,2022
106,Ponniyin Selvan: Part I,"$4,282,000",500,4496100.0,Sarigama Cinemas,2022
107,Moonage Daydream,"$4,210,870",733,4429871.25,Neon,2022
108,Triangle of Sadness,"$4,117,418",610,4838500.8,Neon,2022
109,Belle,"$4,018,313",1338,4219228.65,GKIDS,2022
110,Family Camp,"$3,973,263",1057,4171926.1500000004,Roadside Attractions,2022
111,Cyrano,"$3,873,124",797,4066780.2,United Artists Releasing,2022
112,Laal Singh Chaddha,"$3,401,324",517,3571390.2,Paramount Pictures,2022
113,The Outfit,"$3,344,040",1328,3511242.0,Focus Features,2022
114,Clerks III,"$3,118,952",5,4896261.3,Fathom Events,2022
115,The Worst Person in the World,"$3,034,775",554,3186513.75,Neon,2022
116,K.G.F: Chapter 2,"$2,874,000",Unkwon,3017700.0,Viva Pictures,2022
117,Breaking,"$2,806,359",909,2946676.95,Bleecker Street Media,2022
118,A Journal for Jordan,"$2,639,255",2500,6872432.7,Sony Pictures Entertainment (SPE),2022
119,Honk for Jesus. Save Your Soul.,"$2,561,270",1882,2689333.5,Focus Features,2022
120,Mack & Rita,"$2,540,965",1930,2668013.25,Gravitas Premiere,2022
121,Studio 666,"$2,513,963",2306,2639661.15,Open Road Films (II),2022
122,Crimes of the Future,"$2,452,882",773,2575526.1,Neon,2022
123,Belfast,"$2,364,945",1255,9713413.5,Focus Features,2022
124,Gigi & Nate,"$2,280,814",1220,2394854.7,Roadside Attractions,2022
125,The Good House,"$2,219,760",1061,2330748.0,Roadside Attractions,2022
126,Parallel Mothers,"$2,200,702",684,2412376.0500000003,Sony Pictures Classics,2022
127,Emily the Criminal,"$2,170,275",483,2264110.8000000003,Roadside Attractions,2022
128,Umma,"$2,121,025",805,2227076.25,Stage 6 Films,2022
129,The Wolf and the Lion,"$2,072,173",1005,2175781.65,Blue Fox Entertainment,2022
130,E.T. the Extra-Terrestrial2022 Re-release,"$2,030,725",793,2132261.25,Universal Pictures,2022
131,Drive My Car,"$2,019,670",213,2469852.0,Janus Films,2022
132,Jeepers Creepers: Reborn,"$2,013,935",996,2134709.85,Fathom Events,2022
133,Watcher,"$1,961,207",764,2059267.35,IFC Films,2022
134,Mr. Malcolm's List,"$1,885,718",1384,1980003.9000000001,Bleecker Street Media,2022
135,Armageddon Time,"$1,860,050",1006,1953052.5,Focus Features,2022
136,Radhe Shyam,"$1,860,000",800,1953000.0,Unkwon,2022
137,Vikram,"$1,770,000",465,1858500.0,Prime Media Pictures,2022
138,The King's Daughter,"$1,758,961",2170,1846911.1500000001,Gravitas Ventures,2022
139,2022 Oscar Nominated Short Films: Live Action/2022 Oscar Nominated Short Films: Animation/2022 Oscar Nominated Short Films: Documentary2022 Oscar Nominated Short Films,"$1,645,735",355,1891728.3,ShortsTV,2022
140,Infinite Storm,"$1,600,543",1525,1680570.1500000001,Bleecker Street Media,2022
141,Vikram Vedha,"$1,589,362",558,1668830.1,Reliance Entertainment,2022
142,The Duke,"$1,526,970",353,1603318.5,Sony Pictures Classics,2022
143,Running the Bases,"$1,511,980",1080,1587579.0,UP2U Films,2022
144,¿Y cómo es él?,"$1,500,636",325,1575667.8,Lions Gate Films,2022
145,The Kashmir Files,"$1,485,000",230,1559250.0,Zee Studios,2022
146,2000 Mules,"$1,465,513",415,1538788.6500000001,D'Souza Media,2022
147,It's a Wonderful Life75th Anniversary,"$1,439,250",960,1511625.1500000001,Fathom Events,2022
148,The Godfather2022  Re-release,"$1,414,662",596,1485395.1,Paramount Pictures,2022
149,Spoiler Alert,"$1,384,003",783,1453203.1500000001,Focus Features,2022
150,Medieval,"$1,374,325",1311,1443041.25,The Avenue Entertainment,2022
151,Rogue One: A Star Wars Story2022 Re-release,"$1,362,667",255,1430800.35,Walt Disney Studios Motion Pictures,2022
152,Decision to Leave,"$1,353,860",169,2288857.2,MUBI,2022
153,Howl's Moving Castle2022 Re-release,"$1,212,525",868,1273151.25,Fathom Events,2022
154,F3: Fun and Frustration,"$1,195,000",400,1254750.0,Unkwon,2022
155,Dune,"$1,151,687",4125,113744221.5,Warner Bros.,2022
156,Aftersun,"$1,119,759",97,1741729.5,A24,2022
157,After Ever Happy,"$1,072,750",1144,1126387.5,Fathom Events,2022
158,Fire of Love,"$1,064,079",191,1176432.6,Neon,2022
159,"Hallelujah: Leonard Cohen, a Journey, a Song","$1,062,353",168,1115733.1500000001,Sony Pictures Entertainment (SPE),2022
160,The Contractor,"$1,035,265",489,1087028.25,STX Entertainment,2022
161,Jug Jugg Jeeyo,"$1,033,000",318,1084650.0,Unkwon,2022
162,'83,"$1,030,739",486,4258443.0,Reliance Entertainment,2022
163,Coldplay Music of The Spheres Live Broadcast from Buenos Aires,"$1,015,000",833,1065750.0,Trafalgar Releasing,2022
164,The Beatles: Get Back - The Rooftop Concert,"$976,712",179,1025547.6000000001,IMAX,2022
165,Venom: Let There Be Carnage,"$941,330",4225,224227884.3,Sony Pictures Entertainment (SPE),2022
166,Man of God,"$920,561",830,966589.05,Fathom Events,2022
167,Empire of Light,"$916,603",436,1236455.85,Searchlight Pictures,2022
168,Johnny Cash: The Redemption of an American Icon,"$840,580",1087,882609.0,Fathom Events,2022
169,The Tiger Rising,"$835,162",872,876920.1000000001,Variance Films,2022
170,Hansan: Rising Dragon,"$834,704",32,909182.4,Well Go USA Entertainment,2022
171,Acharya,"$832,000",396,873600.0,Prime Media Pictures,2022
172,Petite Maman,"$829,065",224,870518.25,Neon,2022
173,Evangelion: 3.0+1.01 Thrice Upon a Time,"$810,744",745,851281.2000000001,Fathom Events,2022
174,The Roundup,"$801,281",22,853501.9500000001,Capelight Pictures,2022
175,Star Trek II: The Wrath of Khan2022 Re-release,"$794,943",967,834690.15,Fathom Events,2022
176,"The Metropolitan Opera HD Live: Kevin Puts: The Hours, Libretto by Greg Pierce","$791,374",826,830942.7000000001,Fathom Events,2022
177,The Phantom of the Open,"$747,675",501,786129.75,Sony Pictures Classics,2022
178,Saint Michael Meet the Angel,"$643,828",811,676019.4,Fathom Events,2022
179,Ante Sundharaniki,"$621,000",350,651000.0,Unkwon,2022
180,Unsilenced,"$613,621",186,644302.05,Zhen Pictures,2022
181,HIT: The 2nd Case,"$600,000",280,630000.0,Unkwon,2022
182,Official Competition,"$593,790",173,623479.5,IFC Films,2022
183,Gangubai Kathiawadi,"$592,000",Unkwon,621600.0,Paramount Pictures International,2022
184,Cuando sea joven,"$588,028",315,617429.4,Pantelion Films,2022
185,The Mean One,"$585,025",162,642873.0,Atlas Distribution Company,2022
186,"Confess, Fletch","$538,842",516,565784.1,Paramount Pictures,2022
187,Call Jane,"$512,770",1068,538408.5,Roadside Attractions,2022
188,The Quintessential Quintuplets Movie,"$502,000",910,527100.0,Crunchyroll,2022
189,God's Country,"$493,679",785,518362.95,IFC Films,2022
190,Deep in the Heart: A Texas Wildlife Story,"$480,240",69,504252.0,Unkwon,2022
191,The Railway Children Return,"$466,391",923,489710.55000000005,Blue Fox Entertainment,2022
192,Vivo,"$454,807",705,477547.35000000003,Fathom Events,2022
193,Selena2022  Re-release,"$444,681",427,466915.05000000005,Unkwon,2022
194,Eiffel,"$436,023",308,467054.7,Blue Fox Entertainment,2022
195,Brian and Charles,"$430,635",279,452166.75,Focus Features,2022
196,King Richard,"$408,056",3302,15885749.25,Warner Bros.,2022
197,Superspreader,"$399,370",235,419338.5,Unkwon,2022
198,The Inspection,"$385,627",144,409950.45,A24,2022
199,Alice,"$372,529",169,391695.15,Roadside Attractions,2022
200,Emergency Declaration,"$372,123",42,432805.80000000005,Well Go USA Entertainment,2022
