Rank,Movies,gross,theater sale,total gross,distributor,Year
1,Avatar,"$466,141,929",4880.009999999999,1057170255.9899999,Twentieth Century Fox,2010
2,Toy Story 3,"$415,004,880",5679.48,585156880.8,Walt Disney Studios Motion Pictures,2010
3,Alice in Wonderland,"$334,191,110",5271.99,471209465.09999996,Walt Disney Studios Motion Pictures,2010
4,Iron Man 2,"$312,433,331",6189.9,440530996.71,Paramount Pictures,2010
5,The Twilight Saga: Eclipse,"$300,531,751",6299.879999999999,423749768.90999997,Summit Entertainment,2010
6,Inception,"$292,558,188",5346.719999999999,412532434.95,Warner Bros.,2010
7,Harry Potter and the Deathly Hallows: Part 1,"$280,230,127",5816.25,417336460.04999995,Warner Bros.,2010
8,Despicable Me,"$251,083,040",5078.82,354634718.84999996,Universal Pictures,2010
9,Shrek Forever After,"$238,736,787",6184.259999999999,336618869.66999996,DreamWorks,2010
10,How to Train Your Dragon,"$217,581,231",5724.599999999999,306789535.71,DreamWorks,2010
11,The Karate Kid,"$176,591,618",5273.4,248994181.38,Sony Pictures Entertainment (SPE),2010
12,Clash of the Titans,"$163,214,888",5360.82,230132992.07999998,Warner Bros.,2010
13,Grown Ups,"$162,001,186",4982.94,228421672.26,Sony Pictures Entertainment (SPE),2010
14,Tangled,"$161,284,390",5080.23,283158929.76,Walt Disney Studios Motion Pictures,2010
15,Megamind,"$143,767,792",5568.089999999999,209266352.73,DreamWorks,2010
16,The Last Airbender,"$131,772,187",4516.23,185798783.67,Paramount Pictures,2010
17,Shutter Island,"$128,012,934",4731.96,180498236.94,Paramount Pictures,2010
18,The Other Guys,"$119,219,978",5147.91,168100168.98,Sony Pictures Entertainment (SPE),2010
19,Salt,"$118,311,368",5092.92,166819028.88,Sony Pictures Entertainment (SPE),2010
20,TRON: Legacy,"$117,540,071",4865.91,242608495.82999998,Walt Disney Studios Motion Pictures,2010
21,Jackass 3D,"$117,052,883",4425.99,165293865.72,Paramount Pictures,2010
22,Valentine's Day,"$110,485,654",5167.65,155784772.14,Warner Bros.,2010
23,Sherlock Holmes,"$106,925,723",5112.66,294730437.39,Warner Bros.,2010
24,Robin Hood,"$105,269,730",4942.049999999999,148430319.29999998,Universal Pictures,2010
25,The Expendables,"$103,068,524",4791.179999999999,145326618.84,Lions Gate Films,2010
26,Due Date,"$98,935,039",4744.65,141760050.63,Warner Bros.,2010
27,Alvin and the Chipmunks: The Squeakquel,"$98,887,330",5283.2699999999995,309656602.91999996,Twentieth Century Fox,2010
28,Date Night,"$98,711,404",4765.8,139183079.64,Twentieth Century Fox,2010
29,Sex and the City 2,"$95,347,692",4857.45,134440245.72,Warner Bros.,2010
30,The Book of Eli,"$94,835,059",4386.509999999999,133717433.19,Warner Bros.,2010
31,The Social Network,"$92,876,282",4118.61,136717398.54,Sony Pictures Entertainment (SPE),2010
32,The Town,"$92,155,037",4138.349999999999,129982629.41999999,Warner Bros.,2010
33,Prince of Persia: The Sands of Time,"$90,759,676",5140.86,127971143.16,Walt Disney Studios Motion Pictures,2010
34,RED,"$89,296,297",4722.09,127436028.41999999,Summit Entertainment,2010
35,Percy Jackson & the Olympians: The Lightning Thief,"$88,768,303",4788.36,125163307.22999999,Twentieth Century Fox,2010
36,Paranormal Activity 2,"$84,612,342",4566.99,119501598.86999999,Paramount Pictures,2010
37,Little Fockers,"$84,557,425",5181.75,209298426.0,Universal Pictures,2010
38,Eat Pray Love,"$80,574,010",4382.28,113609354.1,Sony Pictures Entertainment (SPE),2010
39,The Chronicles of Narnia: The Voyage of the Dawn Treader,"$80,066,097",5012.549999999999,147185599.5,Twentieth Century Fox,2010
40,Dear John,"$80,014,842",4317.42,112820927.22,Screen Gems,2010
41,Unstoppable,"$79,104,757",4598.009999999999,115003748.22,Twentieth Century Fox,2010
42,The A-Team,"$77,222,099",4997.04,108883159.58999999,Twentieth Century Fox,2010
43,Knight and Day2010 Re-release,"$76,423,035",4376.639999999999,107756479.35,Twentieth Century Fox,2010
44,Dinner for Schmucks,"$73,026,337",4294.86,102967135.16999999,DreamWorks,2010
45,It's Complicated,"$72,359,500",4166.55,158956878.75,Universal Pictures,2010
46,True Grit,"$70,420,123",4884.24,241452637.04999998,Paramount Pictures,2010
47,The Bounty Hunter,"$67,061,228",4396.38,94556331.47999999,Sony Pictures Entertainment (SPE),2010
48,Diary of a Wimpy Kid,"$64,003,625",4347.03,90245111.25,Twentieth Century Fox,2010
49,The Sorcerer's Apprentice,"$63,150,991",4940.639999999999,89042897.31,Walt Disney Studios Motion Pictures,2010
50,A Nightmare on Elm Street,"$63,075,011",4698.12,88935765.50999999,Warner Bros.,2010
51,The Last Song,"$62,950,384",3939.54,88760041.44,Walt Disney Studios Motion Pictures,2010
52,The Wolfman,"$61,979,680",4544.429999999999,87391348.8,Universal Pictures,2010
53,Get Him to the Greek,"$60,974,475",3809.8199999999997,85974009.75,Universal Pictures,2010
54,Resident Evil: Afterlife,"$60,128,566",4524.69,84781278.06,Screen Gems,2010
55,Why Did I Get Married Too?,"$60,095,852",3038.5499999999997,84735151.32,Lions Gate Films,2010
56,Tooth Fairy,"$60,022,256",4716.45,84631380.96,Twentieth Century Fox,2010
57,The Blind Side,"$59,396,157",4803.87,360902859.75,Warner Bros.,2010
58,Secretariat,"$58,876,848",4382.28,84196676.55,Walt Disney Studios Motion Pictures,2010
59,Easy A,"$58,401,464",4193.34,82346064.24,Screen Gems,2010
60,Takers,"$57,744,720",3110.46,81420055.19999999,Screen Gems,2010
61,Yogi Bear,"$57,418,550",4956.15,141346875.51,Warner Bros.,2010
62,Legend of the Guardians: The Owls of Ga'Hoole,"$55,486,413",5040.75,78502191.33,Warner Bros.,2010
63,Letters to Juliet,"$53,032,453",4194.75,74775758.72999999,Summit Entertainment,2010
64,Life as We Know It,"$52,727,343",4441.5,75258300.21,Warner Bros.,2010
65,Wall Street: Money Never Sleeps,"$52,474,616",5071.7699999999995,73989208.56,Twentieth Century Fox,2010
66,Predators,"$52,000,688",3763.29,73320970.08,Twentieth Century Fox,2010
67,Hot Tub Time Machine,"$50,287,556",3907.1099999999997,70905453.96,Metro-Goldwyn-Mayer (MGM),2010
68,Up in the Air,"$50,168,168",3127.3799999999997,118190967.21,Paramount Pictures,2010
69,The Tourist,"$49,966,965",3885.9599999999996,95359931.36999999,Sony Pictures Entertainment (SPE),2010
70,Kick-Ass,"$48,071,303",4321.65,67780537.22999999,Lions Gate Films,2010
71,Killers,"$47,059,963",4031.1899999999996,66354547.83,Lions Gate Films,2010
72,Saw 3D,"$45,710,178",3959.2799999999997,64451350.98,Lions Gate Films,2010
73,Cop Out,"$44,875,481",4441.5,63274428.20999999,Warner Bros.,2010
74,The Lovely Bones,"$43,795,809",3719.58,62201067.12,DreamWorks,2010
75,Cats & Dogs: The Revenge of Kitty Galore,"$43,585,753",5224.049999999999,61455911.73,Warner Bros.,2010
76,Edge of Darkness,"$43,313,890",4323.0599999999995,61072584.9,Warner Bros.,2010
77,Death at a Funeral,"$42,739,347",3467.1899999999996,60262479.269999996,Screen Gems,2010
78,Step Up 3D,"$42,400,223",3438.99,59784314.43,Walt Disney Studios Motion Pictures,2010
79,The Last Exorcism,"$41,034,350",4052.3399999999997,57858433.5,Lions Gate Films,2010
80,Black Swan,"$40,866,343",3393.87,150806095.98,Unkwon,2010
81,Legion,"$40,168,080",3491.16,56636992.8,Screen Gems,2010
82,The Crazies,"$39,123,589",3495.39,55164260.489999995,Overture Films,2010
83,The Fighter,"$39,041,794",3572.9399999999996,131999982.69,Paramount Pictures,2010
84,Crazy Heart,"$38,983,106",1919.01,55644671.45999999,Unkwon,2010
85,For Colored Girls,"$37,669,584",2999.0699999999997,53198874.18,Lions Gate Films,2010
86,The Back-up Plan,"$37,490,007",4624.8,52860909.87,CBS Films,2010
87,Burlesque,"$37,403,047",4282.17,55611323.55,Screen Gems,2010
88,Vampires Suck,"$36,661,504",4558.53,51692720.64,Twentieth Century Fox,2010
89,The American,"$35,606,376",3994.5299999999997,50204990.16,Focus Features,2010
90,Green Zone,"$35,053,660",4235.639999999999,49425660.599999994,Universal Pictures,2010
91,Marmaduke,"$33,644,788",4530.33,47439151.08,Twentieth Century Fox,2010
92,Devil,"$33,601,190",3963.5099999999998,47377677.9,Universal Pictures,2010
93,Hereafter,"$32,684,455",3417.8399999999997,46173186.809999995,Warner Bros.,2010
94,When in Rome,"$32,680,633",3462.9599999999996,46079692.529999994,Walt Disney Studios Motion Pictures,2010
95,She's Out of My League,"$32,010,860",4170.78,45135312.599999994,Paramount Pictures,2010
96,Scott Pilgrim vs. the World,"$31,524,275",3976.2,44449227.75,Universal Pictures,2010
97,Charlie St. Cloud,"$31,162,545",3842.25,43939188.449999996,Universal Pictures,2010
98,Love & Other Drugs,"$31,099,481",3465.7799999999997,45637477.05,Twentieth Century Fox,2010
99,Morning Glory,"$30,727,814",3587.04,43726542.12,Paramount Pictures,2010
100,Daybreakers,"$30,101,577",3557.43,42443223.57,Lions Gate Films,2010
101,Nanny McPhee Returns,"$29,011,215",3945.18,40905813.15,Universal Pictures,2010
102,The Princess and the Frog,"$28,365,871",4899.75,147205267.59,Walt Disney Studios Motion Pictures,2010
103,The Switch,"$27,779,426",2843.97,39168990.66,Miramax,2010
104,Brooklyn's Finest,"$27,163,593",2733.99,38300666.129999995,Overture Films,2010
105,Machete,"$26,593,646",3775.9799999999996,37497040.86,Twentieth Century Fox,2010
106,Ramona and Beezus,"$26,167,002",3833.79,36895472.82,Twentieth Century Fox,2010
107,Leap Year,"$25,918,920",3541.9199999999996,36545677.199999996,Universal Pictures,2010
108,You Again,"$25,702,053",3592.68,36239894.73,Walt Disney Studios Motion Pictures,2010
109,Alpha and Omega,"$25,107,267",3701.25,35401246.47,Lions Gate Films,2010
110,Piranha 3D,"$25,003,155",3512.31,35254448.55,Unkwon,2010
111,Lottery Ticket,"$24,719,879",2783.3399999999997,34855029.39,Warner Bros.,2010
112,The Spy Next Door,"$24,307,086",4122.84,34272991.26,Lions Gate Films,2010
113,From Paris with Love,"$24,077,427",3838.02,33949172.07,Lions Gate Films,2010
114,The Losers,"$23,591,432",4139.76,33263919.119999997,Warner Bros.,2010
115,Faster,"$22,799,866",3482.7,32768428.2,CBS Films,2010
116,How Do You Know,"$21,808,891",3501.0299999999997,42599794.199999996,Sony Pictures Entertainment (SPE),2010
117,Just Wright,"$21,540,363",2581.71,30371911.83,Unkwon,2010
118,Skyline,"$21,394,120",4065.0299999999997,30165004.2,Universal Pictures,2010
119,Gulliver's Travels,"$21,121,717",4355.49,60318758.01,Twentieth Century Fox,2010
120,The Next Three Days,"$21,102,239",3615.24,29819597.91,Lions Gate Films,2010
121,The Kids Are All Right,"$20,811,365",1401.54,29344024.65,Focus Features,2010
122,Our Family Wedding,"$20,255,281",2268.69,28559946.209999997,Unkwon,2010
123,Hubble,"$20,069,368",212.91,74057294.64,Warner Bros.,2010
124,Oceans,"$19,422,319",1737.12,27385469.79,Walt Disney Studios Motion Pictures,2010
125,Remember Me,"$19,068,240",3123.1499999999996,26886218.4,Summit Entertainment,2010
126,Going the Distance,"$17,804,299",4272.3,25104061.59,Warner Bros.,2010
127,The King's Speech,"$17,674,034",3643.4399999999996,190988931.63,The Weinstein Company,2010
128,Furry Vengeance,"$17,630,465",4232.82,24858955.65,Summit Entertainment,2010
129,Splice2010 Re-release,"$17,010,170",3454.5,23984339.7,Warner Bros.,2010
130,The Ghost Writer,"$15,541,549",1154.79,21913584.09,Summit Entertainment,2010
131,Youth in Revolt,"$15,281,286",2640.93,21546613.259999998,Unkwon,2010
132,My Soul to Take,"$14,744,435",3626.52,20789653.349999998,Universal Pictures,2010
133,Repo Men,"$13,794,835",3554.6099999999997,19450717.349999998,Universal Pictures,2010
134,Case 39,"$13,261,851",3118.9199999999996,18699209.91,Paramount Vantage,2010
135,Let Me In,"$12,134,935",2879.22,17110258.349999998,Overture Films,2010
136,The Twilight Saga: New Moon,"$12,111,242",5814.839999999999,418239323.94,Summit Entertainment,2010
137,Extraordinary Measures,"$12,068,313",3594.0899999999997,17016321.33,CBS Films,2010
138,Invictus,"$10,814,231",3059.7,52862823.239999995,Warner Bros.,2010
139,Avatar2010 Special Edition,"$10,741,486",1144.9199999999998,15145495.26,Twentieth Century Fox,2010
140,Jonah Hex,"$10,547,117",3983.25,14871434.969999999,Warner Bros.,2010
141,127 Hours,"$10,203,228",1291.56,25852674.299999997,Unkwon,2010
142,The Girl with the Dragon Tattoo,"$10,092,799",284.82,14234189.7,Music Box Films,2010
143,Nine,"$9,832,212",1990.9199999999998,27744520.65,The Weinstein Company,2010
144,Did You Hear About the Morgans?,"$9,200,041",3832.3799999999997,41707922.669999994,Sony Pictures Entertainment (SPE),2010
145,Get Low,"$9,110,406",803.6999999999999,12939475.53,Sony Pictures Classics,2010
146,Fair Game,"$9,048,389",614.76,13452374.309999999,Summit Entertainment,2010
147,The Young Victoria,"$9,031,882",671.16,15511793.52,Apparition,2010
148,MacGruber,"$8,525,600",3596.91,12021096.0,Universal Pictures,2010
149,A Single Man,"$7,931,309",499.14,12938160.0,The Weinstein Company,2010
150,The Girl Who Played with Fire,"$7,635,737",260.84999999999997,10769919.809999999,Music Box Films,2010
151,Cyrus,"$7,468,936",640.14,10531199.76,Unkwon,2010
152,Babies,"$7,320,323",765.63,10321655.43,Focus Features,2010
153,The Imaginarium of Doctor Parnassus,"$7,028,622",855.87,10842345.87,Sony Pictures Classics,2010
154,Conviction2010 Re-release,"$6,783,129",947.52,9564211.889999999,Unkwon,2010
155,City Island,"$6,671,036",379.28999999999996,9406160.76,Anchor Bay Films,2010
156,The Last Station,"$6,617,867",499.14,9331192.469999999,Sony Pictures Classics,2010
157,Waiting for Superman,"$6,417,135",465.29999999999995,9048160.35,Paramount Vantage,2010
158,The Secret in Their Eyes,"$6,391,436",234.05999999999997,9011924.76,Sony Pictures Classics,2010
159,It's Kind of a Funny Story,"$6,363,628",1067.37,8972715.479999999,Focus Features,2010
160,Winter's Bone,"$6,243,745",198.81,9209419.229999999,Roadside Attractions,2010
161,Under the Sea 3D,"$5,894,782",152.28,51130725.66,Warner Bros.,2010
162,The Warrior's Way,"$5,559,395",2287.02,7989539.399999999,Relativity Media,2010
163,I Am Love,"$5,005,465",234.05999999999997,7057705.649999999,Magnolia Pictures,2010
164,Precious,"$4,998,535",1414.23,67068798.839999996,Lions Gate Films,2010
165,The Girl Who Kicked the Hornet's Nest,"$4,990,497",293.28,7318176.359999999,Music Box Films,2010
166,An Education,"$4,963,224",1075.83,17730628.74,Sony Pictures Classics,2010
167,Mao's Last Dancer,"$4,817,770",193.17,6793055.699999999,The Samuel Goldwyn Company,2010
168,Solitary Man,"$4,360,548",249.57,6148372.68,Anchor Bay Films,2010
169,Greenberg,"$4,234,170",262.26,5970179.699999999,Focus Features,2010
170,Please Give,"$4,033,574",383.52,5687339.34,Sony Pictures Classics,2010
171,My Name Is Khan,"$4,018,771",176.25,5666467.109999999,Unkwon,2010
172,To Save a Life,"$3,777,210",621.81,5325866.1,The Samuel Goldwyn Company,2010
173,2012,"$3,763,166",4856.04,234218155.47,Sony Pictures Entertainment (SPE),2010
174,The Runaways,"$3,573,673",344.03999999999996,5038878.93,Apparition,2010
175,Broken Embraces,"$3,431,551",284.82,7070170.05,Sony Pictures Classics,2010
176,Inside Job,"$3,409,430",352.5,6080956.35,Sony Pictures Classics,2010
177,Lebanon,"$3,368,088",32.43,519004.07999999996,Sony Pictures Classics,2010
178,Exit Through the Gift Shop,"$3,291,250",64.86,4640662.5,Unkwon,2010
179,3 Idiots,"$3,268,210",219.95999999999998,9211352.34,Reliance Big Pictures,2010
180,Catfish,"$3,237,343",201.63,4564653.63,Rogue Pictures,2010
181,You Will Meet a Tall Dark Stranger,"$3,225,989",566.8199999999999,4580026.859999999,Sony Pictures Classics,2010
182,Chloe,"$3,075,255",493.5,4336109.55,Sony Pictures Classics,2010
183,Old Dogs,"$2,963,487",4829.25,69783804.6,Walt Disney Studios Motion Pictures,2010
184,Joan Rivers: A Piece of Work,"$2,930,687",162.14999999999998,4132268.67,IFC Films,2010
185,Letters to God,"$2,848,578",1264.77,4016494.98,Vivendi Entertainment,2010
186,Planet 51,"$2,783,781",4279.349999999999,59493624.599999994,Sony Pictures Entertainment (SPE),2010
187,The Hurt Locker,"$2,705,895",754.3499999999999,23995113.509999998,Summit Entertainment,2010
188,N-Secure,"$2,595,644",685.26,3659858.0399999996,Freestyle Releasing,2010
189,Magnificent Desolation: Walking on the Moon,"$2,512,796",115.61999999999999,48133908.839999996,IMAX,2010
190,Never Let Me Go,"$2,434,652",327.12,3432859.32,Unkwon,2010
191,Twilight/New MoonDouble Bill,"$2,385,237",2872.1699999999996,3363184.17,Summit Entertainment,2010
192,Fantastic Mr. Fox,"$2,358,363",3248.64,29614115.79,Twentieth Century Fox,2010
193,Brothers,"$2,321,378",2944.08,40247261.37,Lions Gate Films,2010
194,The White Ribbon,"$2,222,862",149.45999999999998,3134235.42,Sony Pictures Classics,2010
195,A Prophet,"$2,087,720",117.02999999999999,2943685.1999999997,Sony Pictures Classics,2010
196,Tamara Drewe,"$1,907,257",83.19,790151.3099999999,Sony Pictures Classics,2010
197,Harry Brown,"$1,818,681",94.47,2564340.21,The Samuel Goldwyn Company,2010
198,Stone,"$1,810,078",176.25,2552209.98,Overture Films,2010
199,The Road,"$1,798,592",558.36,11444970.0,Unkwon,2010
200,Flipped,"$1,755,212",623.2199999999999,2474848.92,Warner Bros.,2010
