Rank,Movies,gross,theater sale,total gross,distributor,Year
1,Harry Potter and the Sorcerer's Stone,"$288,516,414",6389.28,552581457.0,Warner Bros.,2001
2,Shrek,"$267,665,011",6464.1,465737119.14,DreamWorks Distribution,2001
3,"Monsters, Inc.","$237,466,244",6349.26,445219455.0,Walt Disney Studios Motion Pictures,2001
4,Rush Hour 2,"$226,164,286",5425.32,393525857.64,New Line Cinema,2001
5,The Mummy Returns,"$202,019,785",6182.22,351514425.9,Universal Pictures,2001
6,Pearl Harbor,"$198,542,554",5663.7,345464043.96,Walt Disney Studios Motion Pictures,2001
7,Jurassic Park III,"$181,171,875",6023.88,315239062.5,Universal Pictures,2001
8,Planet of the Apes,"$179,737,919",6142.2,313220427.6,Twentieth Century Fox,2001
9,Hannibal,"$165,092,268",5728.08,287260546.32,Metro-Goldwyn-Mayer (MGM),2001
10,The Lord of the Rings: The Fellowship of the Ring,"$163,871,215",5882.94,545253558.36,New Line Cinema,2001
11,American Pie 2,"$145,103,595",5493.18,252480255.3,Universal Pictures,2001
12,The Fast and the Furious,"$144,533,925",5044.26,251489029.5,Universal Pictures,2001
13,Ocean's Eleven,"$132,148,523",5350.5,319145841.0,Warner Bros.,2001
14,Lara Croft: Tomb Raider,"$131,168,070",5827.26,228232441.8,Paramount Pictures,2001
15,Traffic,"$123,821,766",3053.7,215961361.5,USA Films,2001
16,Cast Away,"$123,211,641",5326.14,406519927.08,Twentieth Century Fox,2001
17,"Crouching Tiger, Hidden Dragon","$116,297,316",3526.98,222857237.28,Sony Pictures Classics,2001
18,Dr. Dolittle 2,"$112,952,899",5312.22,196538044.26,Twentieth Century Fox,2001
19,Spy Kids,"$112,719,001",5552.34,196131061.74,Miramax,2001
20,The Princess Diaries,"$108,164,921",4783.26,188353183.44,Walt Disney Studios Motion Pictures,2001
21,The Others,"$96,522,687",4946.82,167949475.38,Miramax,2001
22,Legally Blonde,"$96,520,674",4741.5,167945972.76,Metro-Goldwyn-Mayer (MGM),2001
23,America's Sweethearts,"$93,607,673",5239.14,162877351.02,Revolution Studios,2001
24,Cats & Dogs,"$93,385,515",5289.6,162490796.1,Warner Bros.,2001
25,Save the Last Dance,"$91,057,006",4471.8,158439190.44,Paramount Pictures,2001
26,Atlantis: The Lost Empire,"$84,056,472",5343.54,146258261.28,Walt Disney Studios Motion Pictures,2001
27,A.I. Artificial Intelligence,"$78,616,689",5641.08,136793038.85999998,Warner Bros.,2001
28,Training Day,"$76,631,907",4718.88,133339518.17999999,Warner Bros.,2001
29,Along Came a Spider,"$74,078,174",4477.0199999999995,128896022.76,Paramount Pictures,2001
30,What Women Want,"$72,624,146",5380.08,318092370.18,Paramount Pictures,2001
31,Bridget Jones's Diary,"$71,543,427",4431.78,124485562.98,Miramax,2001
32,Scary Movie 2,"$71,308,997",5602.8,124077654.78,Miramax,2001
33,The Score,"$71,107,711",3847.14,123727417.14,Paramount Pictures,2001
34,Swordfish,"$69,772,969",4677.12,121404966.06,Warner Bros.,2001
35,Vanilla Sky,"$68,620,163",4945.08,175075918.56,Paramount Pictures,2001
36,Shallow Hal,"$68,352,745",4870.26,123260213.22,Twentieth Century Fox,2001
37,Chocolat,"$68,038,305",3354.72,124426291.62,Miramax,2001
38,The Mexican,"$66,845,033",5501.88,116310357.42,DreamWorks Distribution,2001
39,Miss Congeniality,"$65,033,094",4642.32,185845340.58,Warner Bros.,2001
40,Down to Earth,"$64,186,502",4386.54,111684513.48,Paramount Pictures,2001
41,Spy Game,"$60,840,050",4819.8,108510854.4,Universal Pictures,2001
42,The Wedding Planner,"$60,400,856",4845.9,105097489.44,Sony Pictures Entertainment (SPE),2001
43,The Animal,"$57,743,291",4851.12,100472927.88,Revolution Studios,2001
44,Moulin Rouge!,"$57,039,601",3972.42,99852696.17999999,Twentieth Century Fox,2001
45,Rat Race,"$56,618,055",4438.74,98515415.7,Paramount Pictures,2001
46,A Knight's Tale,"$56,569,702",5185.2,98431281.48,Sony Pictures Entertainment (SPE),2001
47,Don't Say a Word,"$54,916,382",4945.08,95702857.08,Twentieth Century Fox,2001
48,Blow,"$52,990,775",3913.2599999999998,92203948.5,New Line Cinema,2001
49,Exit Wounds,"$51,758,599",4924.2,90059962.26,Warner Bros.,2001
50,Enemy at the Gates,"$51,401,758",2999.7599999999998,89439058.92,Paramount Pictures,2001
51,K-PAX,"$50,295,015",4490.94,87588963.9,Universal Pictures,2001
52,Behind Enemy Lines,"$50,215,028",4948.56,102410814.6,Twentieth Century Fox,2001
53,Serendipity,"$50,056,224",4541.4,87512111.58,Miramax,2001
54,Finding Forrester,"$47,778,290",3483.48,90140202.36,Sony Pictures Entertainment (SPE),2001
55,Jimmy Neutron: Boy Genius,"$45,701,766",5482.74,140829043.68,Paramount Pictures,2001
56,Zoolander,"$45,104,133",4388.28,78599715.0,Paramount Pictures,2001
57,Domestic Disturbance,"$44,723,385",5063.4,78728205.3,Paramount Pictures,2001
58,"O Brother, Where Art Thou?","$44,288,980",1473.78,79191903.12,Walt Disney Studios Motion Pictures,2001
59,The One,"$43,905,746",5035.56,76395998.04,Revolution Studios,2001
60,Thir13en Ghosts,"$41,867,960",4838.94,72850250.4,Warner Bros.,2001
61,Bandits,"$41,393,367",5580.18,72340745.34,Metro-Goldwyn-Mayer (MGM),2001
62,Heartbreakers,"$40,336,607",4786.74,70185696.17999999,Metro-Goldwyn-Mayer (MGM),2001
63,Hardball,"$40,042,117",4026.36,69987548.46,Paramount Pictures,2001
64,Evolution,"$38,345,494",4546.62,66721159.56,DreamWorks Distribution,2001
65,Jeepers Creepers,"$37,904,175",5122.56,65953264.5,United Artists,2001
66,The Emperor's New Groove,"$37,711,468",5023.38,155386675.38,Walt Disney Studios Motion Pictures,2001
67,Kiss of the Dragon,"$36,845,124",3654.0,64110515.76,Twentieth Century Fox,2001
68,Recess: School's Out,"$36,706,141",4576.2,63868685.339999996,Walt Disney Studios Motion Pictures,2001
69,Ali,"$36,694,948",4386.54,101273402.7,Sony Pictures Entertainment (SPE),2001
70,The Family Man,"$36,622,975",4247.34,131880350.7,Universal Pictures,2001
71,Thirteen Days,"$34,332,515",3539.16,60190234.86,New Line Cinema,2001
72,See Spot Run,"$33,357,476",4621.44,58042008.24,Warner Bros.,2001
73,Driven,"$32,720,065",5054.7,56932913.1,Warner Bros.,2001
74,What's the Worst That Could Happen?,"$32,269,834",4654.5,56149511.16,Metro-Goldwyn-Mayer (MGM),2001
75,Final Fantasy: The Spirits Within,"$32,131,830",4609.26,55909384.2,Sony Pictures Entertainment (SPE),2001
76,Black Knight,"$31,507,862",4473.54,58162929.54,Twentieth Century Fox,2001
77,From Hell,"$31,485,734",4061.16,54988464.839999996,Twentieth Century Fox,2001
78,Not Another Teen Movie,"$30,864,800",4115.1,66558974.16,Sony Pictures Entertainment (SPE),2001
79,Snatch,"$30,290,494",2512.56,52770991.44,Screen Gems,2001
80,Riding in Cars with Boys,"$30,165,536",4819.8,52488032.64,Sony Pictures Entertainment (SPE),2001
81,Jay and Silent Bob Strike Back,"$30,085,147",4811.1,52348155.78,Miramax,2001
82,Double Take,"$29,831,583",2837.94,51906954.42,Walt Disney Studios Motion Pictures,2001
83,Baby Boy,"$28,734,552",2667.42,49998120.48,Sony Pictures Entertainment (SPE),2001
84,The Brothers,"$27,457,409",2397.72,47775891.66,Screen Gems,2001
85,Someone Like You,"$27,343,067",4087.2599999999998,47576936.58,Twentieth Century Fox,2001
86,Joe Dirt,"$27,087,695",4590.12,47132589.3,Sony Pictures Entertainment (SPE),2001
87,The Musketeer,"$27,073,640",4350.0,47108133.6,Universal Pictures,2001
88,Crocodile Dundee in Los Angeles,"$25,635,682",3768.84,44606086.68,Paramount Pictures,2001
89,Memento,"$25,544,867",923.9399999999999,44448068.58,Newmarket Films,2001
90,Captain Corelli's Mandolin,"$25,543,895",2804.88,44446377.3,Universal Pictures,2001
91,Sweet November,"$25,288,103",3946.32,44001299.22,Warner Bros.,2001
92,15 Minutes,"$24,403,552",4066.38,42462180.48,New Line Cinema,2001
93,Hearts in Atlantis,"$24,185,781",3497.4,42083258.94,Warner Bros.,2001
94,Angel Eyes,"$24,174,218",4188.18,42063139.32,Warner Bros.,2001
95,Corky Romano,"$23,617,484",3643.56,41725728.96,Walt Disney Studios Motion Pictures,2001
96,Heist,"$23,510,841",3290.34,40908863.339999996,Warner Bros.,2001
97,Kingdom Come,"$23,249,649",1933.14,40454389.26,Unkwon,2001
98,Two Can Play That Game,"$22,235,901",2275.92,38690467.74,Screen Gems,2001
99,Joy Ride,"$21,974,919",4388.28,38236359.06,Twentieth Century Fox,2001
100,Valentine,"$20,384,136",4019.4,35468396.64,Warner Bros.,2001
101,Summer Catch,"$19,753,553",4062.9,34371182.22,Warner Bros.,2001
102,The Pledge,"$19,733,089",2453.4,34335574.86,Warner Bros.,2001
103,Vertical Limit,"$19,408,555",4527.48,120484314.66,Sony Pictures Entertainment (SPE),2001
104,Saving Silverman,"$19,402,030",4292.58,33759532.2,Sony Pictures Entertainment (SPE),2001
105,The Last Castle,"$18,244,060",3949.8,31744664.4,DreamWorks Distribution,2001
106,How High,"$18,233,820",2215.02,54251007.6,Universal Pictures,2001
107,The Glass House,"$18,150,259",2785.74,31581450.66,Sony Pictures Entertainment (SPE),2001
108,Kate & Leopold,"$17,222,281",4292.58,81992034.66,Miramax,2001
109,Pokémon 3 the Movie: Spell of the Unown,"$17,052,128",4654.5,29670702.72,Warner Bros.,2001
110,Rock Star,"$17,008,282",4393.5,29594410.68,Warner Bros.,2001
111,Max Keeble's Big Move,"$17,004,127",3558.3,30092069.82,Walt Disney Studios Motion Pictures,2001
112,Crazy/Beautiful,"$16,937,988",2789.22,29472099.12,Walt Disney Studios Motion Pictures,2001
113,Original Sin,"$16,534,221",3817.56,28769544.54,Metro-Goldwyn-Mayer (MGM),2001
114,O,"$16,025,437",2547.36,27884260.38,Lions Gate Films,2001
115,The Majestic,"$15,923,251",4108.14,48384642.839999996,Warner Bros.,2001
116,A Beautiful Mind,"$15,876,796",3915.0,297091673.34,Universal Pictures,2001
117,Amélie,"$15,789,200",527.22,57812368.26,Miramax,2001
118,3000 Miles to Graceland,"$15,749,959",4428.3,27404928.66,Warner Bros.,2001
119,Life as a House,"$15,636,354",2241.12,27261049.8,New Line Cinema,2001
120,Iron Monkey,"$14,694,904",2148.9,25569132.96,Miramax,2001
121,Dracula 2000,"$14,675,536",3834.96,57459614.58,Miramax,2001
122,Joe Somebody,"$14,577,095",4379.58,39622664.04,Twentieth Century Fox,2001
123,Josie and the Pussycats,"$14,271,015",4450.92,24831566.1,Universal Pictures,2001
124,Freddy Got Fingered,"$14,254,993",3951.54,24803687.82,Twentieth Century Fox,2001
125,The Tailor of Panama,"$13,729,742",767.34,23889751.08,Sony Pictures Entertainment (SPE),2001
126,"Dude, Where's My Car?","$13,615,951",3654.0,81309852.0,Twentieth Century Fox,2001
127,Osmosis Jones,"$13,596,911",4010.7,23658625.14,Warner Bros.,2001
128,Out Cold,"$13,563,173",3499.14,24197125.56,Walt Disney Studios Motion Pictures,2001
129,Tomcats,"$13,558,739",4553.58,23592205.86,Revolution Studios,2001
130,American Outlaws,"$13,342,790",4085.52,23216454.6,Warner Bros.,2001
131,Sugar & Spice,"$13,305,101",3741.0,23150875.74,New Line Cinema,2001
132,The Gift,"$11,965,167",1404.18,20895037.08,Paramount Classics,2001
133,Get Over It,"$11,576,464",3031.08,20143047.36,Miramax,2001
134,Antitrust,"$11,328,094",4233.42,19710883.56,Metro-Goldwyn-Mayer (MGM),2001
135,Head Over Heels,"$10,424,470",4111.62,18138577.8,Universal Pictures,2001
136,The Wash,"$9,952,394",1303.26,17569716.12,Lions Gate Films,2001
137,102 Dalmatians,"$9,400,238",4704.96,116505225.24,Walt Disney Studios Motion Pictures,2001
138,The Royal Tenenbaums,"$9,234,863",1738.26,91113377.4,Walt Disney Studios Motion Pictures,2001
139,The Deep End,"$8,823,109",716.88,15352209.66,Unkwon,2001
140,All the Pretty Horses,"$8,722,914",2771.82,27040214.22,Miramax,2001
141,Ghosts of Mars,"$8,709,640",3563.52,15154773.6,Screen Gems,2001
142,Pollock,"$8,554,349",487.2,14961551.82,Sony Pictures Classics,2001
143,How the Grinch Stole Christmas,"$8,415,920",5665.44,452477995.5,Universal Pictures,2001
144,Shadow of the Vampire,"$8,093,543",892.62,14431184.16,Lions Gate Films,2001
145,The Closet,"$8,067,083",252.3,11621275.56,Miramax,2001
146,The Curse of the Jade Scorpion,"$7,517,191",1581.66,13079912.34,DreamWorks Distribution,2001
147,Bones,"$7,316,658",1473.78,12730984.92,New Line Cinema,2001
148,The Forsaken,"$7,288,451",2634.36,12681904.74,Screen Gems,2001
149,CyberWorld,"$7,021,984",66.12,19581786.0,IMAX,2001
150,Sexy Beast,"$6,946,056",337.56,12086137.44,Unkwon,2001
151,The Man Who Wasn't There,"$6,816,671",450.66,13057407.18,USA Films,2001
152,Town & Country,"$6,719,973",3866.28,11692753.02,New Line Cinema,2001
153,Shackleton's Antarctic Adventure,"$6,448,117",45.24,27062783.76,Unkwon,2001
154,One Night at McCool's,"$6,290,673",3163.32,10945771.02,USA Films,2001
155,Ghost World,"$6,050,125",222.72,10819057.26,Metro-Goldwyn-Mayer (MGM),2001
156,Megiddo: The Omega Code 2,"$6,047,691",614.22,10522982.34,8x Entertainment,2001
157,Rugrats in Paris,"$5,952,040",5110.38,133123495.44,Paramount Pictures,2001
158,You Can Count on Me,"$5,745,743",261.0,16385238.959999999,Paramount Classics,2001
159,State and Main,"$5,660,382",803.88,12083379.54,Fine Line Features,2001
160,Mulholland Drive,"$5,588,478",429.78,12563222.82,Universal Pictures,2001
161,Say It Isn't So,"$5,520,393",3434.7599999999998,9605483.82,Twentieth Century Fox,2001
162,Unbreakable,"$5,485,999",4711.92,165319729.85999998,Walt Disney Studios Motion Pictures,2001
163,Monkeybone,"$5,411,999",3041.52,9416878.26,Twentieth Century Fox,2001
164,Amores Perros,"$5,408,467",325.38,9410732.58,Lions Gate Films,2001
165,Made,"$5,313,300",316.68,9245142.0,Artisan Entertainment,2001
166,Billy Elliot,"$5,119,832",887.4,38271757.62,Focus Features,2001
167,Meet the Parents,"$5,097,790",4692.78,289264638.3,Universal Pictures,2001
168,Bubble Boy,"$5,007,898",2792.7,8713742.52,Walt Disney Studios Motion Pictures,2001
169,Just Visiting,"$4,781,539",2766.6,8319877.86,Walt Disney Studios Motion Pictures,2001
170,Bread and Tulips,"$4,778,389",146.16,9254501.459999999,First Look International,2001
171,Apocalypse Now Redux2001 Re-release,"$4,626,290",182.7,8049744.6,Miramax,2001
172,Tortilla Soup,"$4,467,615",382.8,7773650.1,The Samuel Goldwyn Company,2001
173,Proof of Life,"$4,407,691",4706.7,56722139.94,Warner Bros.,2001
174,On the Line,"$4,365,455",1567.74,7595891.7,Miramax,2001
175,Michael Jordan to the Max,"$4,361,106",97.44,32451906.54,IMAX,2001
176,Cirque du Soleil: Journey of Man,"$4,306,004",38.28,27191735.16,Sony Pictures Classics,2001
177,Glitter,"$4,274,407",2131.5,7437468.18,Twentieth Century Fox,2001
178,Left Behind: The Movie,"$4,224,065",1508.58,7349873.1,Cloud Ten Pictures,2001
179,Quills,"$4,049,571",388.02,12293677.68,Unkwon,2001
180,The Anniversary Party,"$4,047,329",208.8,7042352.46,Fine Line Features,2001
181,Before Night Falls,"$4,043,927",220.98,7382632.08,Fine Line Features,2001
182,With a Friend Like Harry...,"$3,830,441",382.8,6664967.34,Miramax,2001
183,Galapagos,"$3,682,423",24.36,32416847.28,IMAX,2001
184,Pootie Tang,"$3,313,583",1238.8799999999999,5765634.42,Paramount Pictures,2001
185,Widow of St. Pierre,"$3,292,361",144.42,5557366.86,Lions Gate Films,2001
186,Soul Survivors,"$3,111,545",1050.96,5414088.3,Artisan Entertainment,2001
187,Malena,"$3,087,499",203.58,5999925.42,Miramax,2001
188,Hedwig and the Angry Inch,"$3,067,312",175.74,5337122.88,Fine Line Features,2001
189,Songcatcher,"$3,059,834",180.96,5324111.16,Lions Gate Films,2001
190,The Golden Bowl,"$3,050,532",203.58,5307925.68,Lions Gate Films,2001
191,The House of Mirth,"$2,905,191",109.62,5295314.16,Sony Pictures Classics,2001
192,In the Mood for Love,"$2,738,980",128.76,4765825.2,USA Films,2001
193,Les Boys III,"$2,702,207",200.1,6189354.0,Lions Gate Films,2001
194,T-Rex: Back to the Cretaceous,"$2,637,723",66.12,92837252.82,IMAX,2001
195,Charlie's Angels,"$2,611,748",5284.38,218031648.3,Sony Pictures Entertainment (SPE),2001
196,The Dish,"$2,552,992",142.68,4442206.08,Warner Bros.,2001
197,Waking Life,"$2,523,640",161.82,5048517.78,Unkwon,2001
198,Himalaya2001 Re-release,"$2,365,285",59.16,4328907.72,Kino International,2001
199,Gabriela,"$2,335,352",52.2,4063512.48,Unkwon,2001
200,Sidewalks of New York,"$2,321,658",389.76,4180614.48,Paramount Classics,2001
