Rank,Movies,gross,theater sale,total gross,distributor,Year
1,Harry Potter and the Deathly Hallows: Part 2,"$381,011,219",5993.750000000001,521985370.03000003,Warner Bros.,2011
2,Transformers: Dark of the Moon,"$352,390,543",5600.56,482775043.91,DreamWorks,2011
3,The Twilight Saga: Breaking Dawn - Part 1,"$274,841,954",5570.42,385363372.21000004,Summit Entertainment,2011
4,The Hangover Part II,"$254,464,305",5034.75,348616097.85,Warner Bros.,2011
5,Pirates of the Caribbean: On Stranger Tides,"$241,071,802",5704.68,330268368.74,Walt Disney Studios Motion Pictures,2011
6,Fast Five,"$209,837,675",5196.410000000001,287477614.75,Universal Pictures,2011
7,Cars 2,"$191,452,396",5637.55,262289782.52,Walt Disney Studios Motion Pictures,2011
8,Thor,"$181,030,624",5429.31,248011954.88000003,Paramount Pictures,2011
9,Rise of the Planet of the Apes,"$176,760,185",5056.67,242161453.45000002,Twentieth Century Fox,2011
10,Captain America: The First Avenger,"$176,654,505",5089.55,242016671.85000002,Paramount Pictures,2011
11,The Help,"$169,480,526",4129.18,232500113.44000003,Walt Disney Studios Motion Pictures,2011
12,Bridesmaids,"$169,106,725",4052.4600000000005,231676213.25000003,Universal Pictures,2011
13,Kung Fu Panda 2,"$165,249,063",5414.240000000001,226391216.31000003,DreamWorks,2011
14,X-Men: First Class,"$146,408,305",5058.04,200579377.85000002,Twentieth Century Fox,2011
15,Puss in Boots,"$145,250,950",5429.31,204486890.48000002,DreamWorks,2011
16,Rio,"$143,619,709",5263.54,196759138.33,Twentieth Century Fox,2011
17,The Smurfs,"$142,614,158",4694.990000000001,195381396.46,Sony Pictures Entertainment (SPE),2011
18,Super 8,"$127,004,179",4690.88,173995725.23000002,Paramount Pictures,2011
19,Sherlock Holmes: A Game of Shadows,"$124,051,629",5073.110000000001,255982332.66000003,Warner Bros.,2011
20,Rango,"$123,477,607",5374.51,169164321.59,Paramount Pictures,2011
21,Mission: Impossible - Ghost Protocol,"$122,347,325",4870.35,286875127.11,Paramount Pictures,2011
22,The King's Speech,"$117,779,109",3540.0800000000004,185570805.91000003,The Weinstein Company,2011
23,Horrible Bosses,"$117,538,559",4293.58,161027825.83,Warner Bros.,2011
24,Green Lantern,"$116,601,172",5227.92,159743605.64000002,Warner Bros.,2011
25,Hop,"$108,085,305",4953.92,148076867.85000002,Universal Pictures,2011
26,Paranormal Activity 3,"$103,971,383",4560.7300000000005,142519465.59,Paramount Pictures,2011
27,Just Go with It,"$103,028,109",4860.76,141148509.33,Sony Pictures Entertainment (SPE),2011
28,True Grit,"$100,822,882",4745.68,234602916.85000002,Paramount Pictures,2011
29,Bad Teacher,"$100,292,856",4177.13,137401212.72,Sony Pictures Entertainment (SPE),2011
30,Cowboys & Aliens,"$100,240,551",5142.9800000000005,137329554.87,Universal Pictures,2011
31,Gnomeo & Juliet,"$99,967,673",4160.6900000000005,136955707.9,Walt Disney Studios Motion Pictures,2011
32,The Green Hornet,"$98,780,042",4910.08,135328657.54000002,Sony Pictures Entertainment (SPE),2011
33,The Lion King2011 3D Release,"$94,231,005",3205.8,129111541.37,Walt Disney Studios Motion Pictures,2011
34,Alvin and the Chipmunks: Chipwrecked,"$88,151,196",5115.580000000001,182361716.54000002,Twentieth Century Fox,2011
35,Real Steel,"$84,367,160",4712.8,117091855.96000001,Walt Disney Studios Motion Pictures,2011
36,"Crazy, Stupid, Love.","$84,351,197",4137.400000000001,115561139.89000002,Warner Bros.,2011
37,Battle Los Angeles,"$83,552,429",4681.29,114466827.73,Sony Pictures Entertainment (SPE),2011
38,Immortals,"$82,603,008",4274.400000000001,114400503.29,Relativity Media,2011
39,The Muppets,"$81,795,283",4712.8,121424794.69000001,Walt Disney Studios Motion Pictures,2011
40,Zookeeper,"$80,360,843",4770.34,110094354.91000001,Sony Pictures Entertainment (SPE),2011
41,Limitless,"$79,249,455",3888.0600000000004,108571753.35000001,Relativity Media,2011
42,Tower Heist,"$76,650,420",4616.900000000001,106923800.9,Universal Pictures,2011
43,Contagion,"$75,658,097",4414.14,103651592.89000002,Warner Bros.,2011
44,Moneyball,"$74,896,695",4134.660000000001,103579524.04,Sony Pictures Entertainment (SPE),2011
45,Justin Bieber: Never Say Never,"$73,013,910",4271.660000000001,100029056.7,Paramount Pictures,2011
46,Dolphin Tale,"$71,922,716",4815.55,99032887.23,Warner Bros.,2011
47,Jack and Jill,"$71,635,888",4710.06,101596675.09,Sony Pictures Entertainment (SPE),2011
48,No Strings Attached,"$70,662,220",4178.5,96807241.4,Paramount Pictures,2011
49,Mr. Popper's Penguins,"$68,224,452",4578.54,93467499.24000001,Twentieth Century Fox,2011
50,Black Swan,"$66,088,335",3297.59,146527908.86,Unkwon,2011
51,Little Fockers,"$63,881,175",5034.75,203360882.00000003,Universal Pictures,2011
52,Unknown,"$63,686,397",4168.910000000001,87250363.89,Warner Bros.,2011
53,The Adjustment Bureau,"$62,495,645",3900.3900000000003,85619033.65,Universal Pictures,2011
54,Happy Feet Two,"$60,692,394",4947.070000000001,87688858.42,Warner Bros.,2011
55,Water for Elephants,"$58,709,717",3863.4,80432312.29,Twentieth Century Fox,2011
56,The Lincoln Lawyer,"$58,009,200",3708.59,79472604.0,Lions Gate Films,2011
57,Midnight in Paris,"$56,369,174",1422.0600000000002,77839351.65,Sony Pictures Classics,2011
58,Friends with Benefits,"$55,802,754",4008.6200000000003,76449772.98,Screen Gems,2011
59,I Am Number Four,"$55,100,437",4323.72,75487598.69000001,Walt Disney Studios Motion Pictures,2011
60,Source Code,"$54,712,227",4070.2700000000004,74955750.99000001,Summit Entertainment,2011
61,The Fighter,"$54,575,215",3471.5800000000004,128255302.33000001,Paramount Pictures,2011
62,TRON: Legacy,"$54,522,682",4727.870000000001,235725985.31000003,Walt Disney Studios Motion Pictures,2011
63,Insidious,"$54,009,150",3314.03,73992535.5,FilmDistrict,2011
64,Madea's Big Happy Family,"$53,345,287",3134.5600000000004,73083043.19000001,Lions Gate Films,2011
65,Diary of a Wimpy Kid: Rodrick Rules,"$52,698,535",4341.530000000001,72196992.95,Twentieth Century Fox,2011
66,Footloose2011 Re-release,"$51,614,979",4870.35,70969756.54,Paramount Pictures,2011
67,The Girl with the Dragon Tattoo,"$50,338,690",4041.5000000000005,140446636.41,Sony Pictures Entertainment (SPE),2011
68,Hugo,"$48,623,365",3572.9600000000005,101194374.59,Paramount Pictures,2011
69,The Dilemma,"$48,475,290",4031.9100000000003,66411147.300000004,Universal Pictures,2011
70,Arthur Christmas,"$45,650,370",4625.120000000001,63653582.53000001,Sony Pictures Entertainment (SPE),2011
71,Hall Pass,"$45,060,734",4041.5000000000005,61733205.580000006,Warner Bros.,2011
72,New Year's Eve,"$44,205,254",4801.85,74726154.06,Warner Bros.,2011
73,Soul Surfer,"$43,853,424",3068.8,60079190.88,TriStar Pictures,2011
74,The Adventures of Tintin,"$43,852,027",4229.1900000000005,106300808.47000001,Paramount Pictures,2011
75,Yogi Bear,"$42,827,461",4815.55,137337035.07000002,Warner Bros.,2011
76,Final Destination 5,"$42,587,643",4322.35,58345070.910000004,Warner Bros.,2011
77,The Ides of March,"$40,796,111",3012.63,56118671.580000006,Sony Pictures Entertainment (SPE),2011
78,Hanna,"$40,259,119",3486.65,55154993.03,Focus Features,2011
79,Tangled,"$39,537,546",4936.110000000001,275126052.32,Walt Disney Studios Motion Pictures,2011
80,Something Borrowed,"$39,046,489",3978.4800000000005,53493689.93000001,Warner Bros.,2011
81,Spy Kids 4: All the Time in the World,"$38,538,188",4527.85,52797317.56,Unkwon,2011
82,The Descendants,"$38,295,831",2792.0600000000004,113140299.2,Unkwon,2011
83,Scream 4,"$38,180,928",4540.18,52307871.36000001,Unkwon,2011
84,"Big Mommas: Like Father, Like Son","$37,915,414",3864.7700000000004,51944117.18000001,Twentieth Century Fox,2011
85,Red Riding Hood,"$37,662,162",4151.1,51597161.940000005,Warner Bros.,2011
86,Paul,"$37,412,945",3844.2200000000003,51255734.650000006,Universal Pictures,2011
87,The Roommate,"$37,300,000",3471.5800000000004,51101000.00000001,Screen Gems,2011
88,We Bought a Zoo,"$37,297,939",4342.900000000001,103605633.50000001,Twentieth Century Fox,2011
89,Jumping the Broom,"$37,295,394",2787.9500000000003,51094689.78,TriStar Pictures,2011
90,The Change-Up,"$37,081,475",3990.8100000000004,50801620.75000001,Universal Pictures,2011
91,30 Minutes or Less,"$37,053,924",3956.5600000000004,50763875.88,Sony Pictures Entertainment (SPE),2011
92,In Time,"$37,012,131",4283.990000000001,51402530.150000006,Twentieth Century Fox,2011
93,Colombiana,"$36,665,854",3581.1800000000003,50232219.980000004,TriStar Pictures,2011
94,J. Edgar,"$36,493,051",2719.4500000000003,51109261.1,Warner Bros.,2011
95,Sucker Punch,"$36,392,502",4155.21,49857727.74,Warner Bros.,2011
96,War Horse,"$36,352,197",3912.7200000000003,109442284.23,Walt Disney Studios Motion Pictures,2011
97,Larry Crowne,"$35,608,245",4077.1200000000003,48783295.650000006,Universal Pictures,2011
98,50/50,"$35,014,192",3396.2300000000005,47969443.04000001,Summit Entertainment,2011
99,A Very Harold & Kumar Christmas,"$34,853,056",3938.7500000000005,48033612.470000006,Warner Bros.,2011
100,Drive,"$34,820,731",3978.4800000000005,48034330.35,FilmDistrict,2011
101,Courageous,"$33,975,486",1663.18,47295442.77,TriStar Pictures,2011
102,The Rite,"$33,047,633",4089.4500000000003,45275257.21,Warner Bros.,2011
103,Arthur,"$33,035,397",4488.120000000001,45258493.89,Warner Bros.,2011
104,The Debt,"$31,177,548",2567.38,42713240.760000005,Focus Features,2011
105,Priest,"$29,137,000",3923.6800000000003,39917690.0,Screen Gems,2011
106,The Mechanic,"$29,121,498",3704.4800000000005,39896452.260000005,CBS Films,2011
107,Abduction,"$28,087,155",4271.660000000001,38479402.35,Lions Gate Films,2011
108,Beastly,"$27,865,571",2683.8300000000004,38175832.27,CBS Films,2011
109,Winnie the Pooh,"$26,692,846",3294.8500000000004,36569199.02,Walt Disney Studios Motion Pictures,2011
110,The Sitter,"$25,610,935",3770.2400000000002,41704616.620000005,Twentieth Century Fox,2011
111,Killer Elite,"$25,124,966",4090.82,34421203.42,Open Road Films (II),2011
112,Season of the Witch,"$24,827,228",3872.9900000000002,34013302.36,Relativity Media,2011
113,Our Idiot Brother,"$24,816,118",3500.3500000000004,33998081.660000004,The Weinstein Company,2011
114,The Chronicles of Narnia: The Voyage of the Dawn Treader,"$24,320,853",4870.35,143010121.5,Twentieth Century Fox,2011
115,Don't Be Afraid of the Dark,"$24,046,682",3808.6000000000004,32943954.340000004,FilmDistrict,2011
116,Sanctum,"$23,209,310",3820.9300000000003,31796754.700000003,Universal Pictures,2011
117,Monte Carlo,"$23,186,769",3388.01,31765873.53,Twentieth Century Fox,2011
118,Gulliver's Travels,"$21,657,544",4231.93,58607587.57000001,Twentieth Century Fox,2011
119,Your Highness,"$21,596,445",3797.6400000000003,29587129.650000002,Universal Pictures,2011
120,Mars Needs Moms,"$21,392,758",4270.29,29308078.46,Walt Disney Studios Motion Pictures,2011
121,Dream House,"$21,302,340",3649.6800000000003,29184205.8,Universal Pictures,2011
122,Conan the Barbarian,"$21,295,021",4130.55,29174178.770000003,Lions Gate Films,2011
123,The Three Musketeers,"$20,374,484",4133.29,27913043.080000002,Summit Entertainment,2011
124,Country Strong,"$20,129,285",1974.17,27699921.770000003,Screen Gems,2011
125,The Eagle,"$19,490,041",3145.5200000000004,26701356.17,Focus Features,2011
126,Shark Night,"$18,877,153",3901.76,25861699.610000003,Relativity Media,2011
127,Fright Night,"$18,302,607",4266.18,25074571.590000004,Walt Disney Studios Motion Pictures,2011
128,Apollo 18,"$17,687,709",4562.1,24232161.330000002,Unkwon,2011
129,The Tourist,"$17,664,192",3775.7200000000003,92654685.09,Sony Pictures Entertainment (SPE),2011
130,The Thing,"$16,928,670",4104.52,23192277.900000002,Universal Pictures,2011
131,Harry Potter and the Deathly Hallows: Part 1,"$15,753,178",5651.25,405497127.85,Warner Bros.,2011
132,African Cats,"$15,428,747",1676.88,21137383.39,Walt Disney Studios Motion Pictures,2011
133,Born to Be Wild,"$15,134,212",284.96000000000004,35590621.720000006,Warner Bros.,2011
134,Judy Moody and the Not Bummer Summer,"$15,013,650",3457.88,20568700.5,Relativity Media,2011
135,What's Your Number?,"$14,011,084",4125.070000000001,19195185.080000002,Twentieth Century Fox,2011
136,One Day,"$13,843,771",2363.25,18965966.270000003,Focus Features,2011
137,Warrior,"$13,657,115",2579.71,18710247.55,Lions Gate Films,2011
138,The Tree of Life,"$13,303,319",324.69,18225547.03,Unkwon,2011
139,The Rum Diary,"$13,109,815",3140.0400000000004,17960446.55,FilmDistrict,2011
140,Glee: The 3D Concert Movie,"$11,862,398",2794.8,16251485.260000002,Twentieth Century Fox,2011
141,The Darkest Hour,"$11,672,484",3187.9900000000002,29377586.78,Summit Entertainment,2011
142,The Conspirator,"$11,538,204",1163.13,15807339.48,Roadside Attractions,2011
143,Young Adult,"$11,306,815",1352.19,22346852.270000003,Paramount Pictures,2011
144,Jane Eyre,"$11,242,660",437.03000000000003,15402444.200000001,Focus Features,2011
145,Drive Angry,"$10,721,033",3137.3,14687815.21,Summit Entertainment,2011
146,Straw Dogs,"$10,324,441",3298.96,14144484.170000002,Screen Gems,2011
147,Win Win,"$10,179,275",531.5600000000001,13945606.750000002,Unkwon,2011
148,Hoodwinked 2: Hood vs. Evil,"$10,143,779",3431.8500000000004,13896977.23,The Weinstein Company,2011
149,Prom,"$10,130,219",3740.1000000000004,13878400.030000001,Walt Disney Studios Motion Pictures,2011
150,Hubble,"$9,918,825",206.87,71956378.48,Warner Bros.,2011
151,I Don't Know How She Does It,"$9,662,284",3411.3,13237329.080000002,The Weinstein Company,2011
152,Blue Valentine,"$9,571,672",616.5,13297669.360000001,The Weinstein Company,2011
153,My Week with Marilyn,"$8,616,645",863.1,20002475.39,The Weinstein Company,2011
154,How Do You Know,"$8,403,729",3401.7100000000005,41391289.400000006,Sony Pictures Entertainment (SPE),2011
155,Johnny English Reborn,"$8,305,970",2128.98,11379178.9,Universal Pictures,2011
156,127 Hours,"$8,132,002",1254.92,25119265.1,Unkwon,2011
157,Kevin Hart: Laugh at My Pain,"$7,706,436",393.19000000000005,10557817.32,Codeblack Entertainment,2011
158,Sarah's Key,"$7,693,187",437.03000000000003,10539666.190000001,The Weinstein Company,2011
159,The Big Year,"$7,204,138",2945.5000000000005,9869669.06,Twentieth Century Fox,2011
160,Take Me Home Tonight,"$6,928,068",2744.11,9491453.16,Relativity Media,2011
161,Cedar Rapids,"$6,861,102",632.94,9399709.74,Unkwon,2011
162,Beginners,"$5,790,894",232.9,7933524.78,Focus Features,2011
163,The Guard,"$5,334,881",278.11,7343575.380000001,Sony Pictures Classics,2011
164,Cave of Forgotten Dreams,"$5,304,920",168.51000000000002,7267740.4,IFC Films,2011
165,Margin Call,"$5,237,509",272.63,7335033.430000001,Roadside Attractions,2011
166,Biutiful,"$5,101,237",261.67,6988694.69,Roadside Attractions,2011
167,Megamind,"$4,648,061",5410.13,203329718.61,DreamWorks,2011
168,Atlas Shrugged: Part I,"$4,627,375",637.0500000000001,6339503.750000001,Rocky Mountain Pictures,2011
169,The Artist,"$4,596,579",2405.7200000000003,61200204.34,The Weinstein Company,2011
170,Anonymous,"$4,463,292",702.8100000000001,6114710.04,Sony Pictures Entertainment (SPE),2011
171,The Company Men,"$4,441,272",379.49,6084542.640000001,The Weinstein Company,2011
172,Barney's Version,"$4,439,201",384.97,6081705.37,Sony Pictures Classics,2011
173,Seven Days in Utopia,"$4,373,074",768.57,5991111.380000001,Visio Entertainment,2011
174,The Way2010 Re-release,"$4,154,206",387.71000000000004,6070148.050000001,Unkwon,2011
175,The Social Network,"$4,086,412",4001.7700000000004,132838890.78000002,Sony Pictures Entertainment (SPE),2011
176,Buck,"$4,038,912",208.24,5533309.44,IFC Films,2011
177,Of Gods and Men,"$3,939,252",164.4,5413686.5200000005,Sony Pictures Classics,2011
178,Under the Sea 3D,"$3,602,854",147.96,49680208.620000005,Warner Bros.,2011
179,Tinker Tailor Soldier Spy,"$3,566,606",1213.8200000000002,33084668.410000004,Focus Features,2011
180,Like Crazy,"$3,365,267",221.94000000000003,4651685.67,Paramount Vantage,2011
181,The King's SpeechPG-13 Version,"$3,344,306",1385.0700000000002,4581699.220000001,The Weinstein Company,2011
182,Sea Rex 3D: Journey to a Prehistoric World,"$3,324,264",19.18,8352317.340000001,3D Entertainment,2011
183,Zindagi Na Milegi Dobara,"$3,108,485",137.0,4258624.45,Eros Worldwide,2011
184,From Prada to Nada,"$3,033,623",357.57000000000005,4156063.5100000002,Lions Gate Films,2011
185,The Skin I Live In,"$3,032,532",158.92000000000002,4364562.44,Sony Pictures Classics,2011
186,Martha Marcy May Marlene,"$2,990,625",250.71,4097156.2500000005,Unkwon,2011
187,Another Year,"$2,989,252",323.32000000000005,4391817.220000001,Sony Pictures Classics,2011
188,Don 2,"$2,952,602",228.79000000000002,5042019.220000001,Reliance Big Pictures,2011
189,Everything Must Go,"$2,711,643",335.65000000000003,3714950.91,Roadside Attractions,2011
190,The Way Back,"$2,701,859",928.8600000000001,3701546.83,Newmarket Films,2011
191,Bucky Larson: Born to Be a Star,"$2,529,395",2055.0,3465271.1500000004,Sony Pictures Entertainment (SPE),2011
192,Ra.One,"$2,511,689",258.93,3441013.93,Eros Worldwide,2011
193,Melancholia,"$2,492,800",198.65,4152261.7600000002,Magnolia Pictures,2011
194,Unstoppable,"$2,458,185",4467.570000000001,111741230.54,Twentieth Century Fox,2011
195,The Grace Card,"$2,430,735",482.24,3330106.95,The Samuel Goldwyn Company,2011
196,Space Station 3D,"$2,175,891",87.68,127936015.61000001,IMAX,2011
197,The Illusionist,"$2,144,648",282.22,3057119.3800000004,Sony Pictures Classics,2011
198,Incendies,"$2,071,334",123.30000000000001,2837727.58,Sony Pictures Classics,2011
199,Burlesque,"$2,037,608",4160.6900000000005,54033697.35,Screen Gems,2011
200,The Trip,"$2,030,962",84.94000000000001,2782417.9400000004,IFC Films,2011
