Rank,Movies,gross,theater sale,total gross,distributor,Year
1,Pirates of the Caribbean: Dead Man's Chest,"$423,317,154",6323.49,647673192.36,Walt Disney Studios Motion Pictures,2006
2,Cars,"$244,082,982",6101.64,373446962.46,Walt Disney Studios Motion Pictures,2006
3,X-Men: The Last Stand,"$234,362,462",5682.42,358574566.86,Twentieth Century Fox,2006
4,The Da Vinci Code,"$217,536,138",5748.21,332830291.14,Sony Pictures Entertainment (SPE),2006
5,Superman Returns,"$200,081,192",6219.45,306124223.76,Warner Bros.,2006
6,Ice Age: The Meltdown,"$195,330,621",6072.57,298855850.13,Twentieth Century Fox,2006
7,Happy Feet,"$175,967,627",5820.12,302940485.01,Warner Bros.,2006
8,Over the Hedge,"$155,019,340",6262.29,237179590.20000002,DreamWorks,2006
9,Casino Royale,"$153,531,944",5267.79,256192318.8,Sony Pictures Entertainment (SPE),2006
10,Talladega Nights: The Ballad of Ricky Bobby,"$148,213,377",5824.71,226766466.81,Sony Pictures Entertainment (SPE),2006
11,Click,"$137,355,633",5758.92,210154118.49,Revolution Studios,2006
12,Mission: Impossible III,"$134,029,801",6210.27,205065595.53,Paramount Pictures,2006
13,Borat,"$125,601,414",3994.83,196614115.74,Twentieth Century Fox,2006
14,The Devil Wears Prada,"$124,740,460",4409.46,190852903.8,Twentieth Century Fox,2006
15,The Departed,"$120,359,613",4616.01,202548001.95000002,Warner Bros.,2006
16,The Break-Up,"$118,703,275",4813.38,181616010.75,Universal Pictures,2006
17,Night at the Museum,"$115,822,154",5765.04,383820800.04,Twentieth Century Fox,2006
18,The Pursuit of Happyness,"$98,411,670",4848.57,250256682.27,Sony Pictures Entertainment (SPE),2006
19,Scary Movie 4,"$90,710,620",5621.22,138787248.6,Unkwon,2006
20,Failure to Launch,"$88,715,192",4899.06,135734243.76,Paramount Pictures,2006
21,Inside Man,"$88,513,495",4386.51,135425647.35,Universal Pictures,2006
22,Open Season,"$84,303,558",5864.49,130211046.27,Sony Pictures Entertainment (SPE),2006
23,The Santa Clause 3: The Escape Clause,"$83,549,047",5290.74,129285186.66,Walt Disney Studios Motion Pictures,2006
24,"The Chronicles of Narnia: The Lion, the Witch and the Wardrobe","$82,270,870",5895.09,446317764.21,Walt Disney Studios Motion Pictures,2006
25,The Pink Panther,"$82,226,474",5319.81,125806505.22,Sony Pictures Entertainment (SPE),2006
26,Eight Below,"$81,612,565",4776.66,124867224.45,Walt Disney Studios Motion Pictures,2006
27,Saw III,"$80,238,724",4845.51,122765247.72,Lions Gate Films,2006
28,Nacho Libre,"$80,197,993",4716.99,122702929.29,Paramount Pictures,2006
29,"You, Me and Dupree","$75,628,110",4799.61,115711008.3,Universal Pictures,2006
30,Monster House,"$73,661,010",5436.09,112701345.3,Sony Pictures Entertainment (SPE),2006
31,Jackass Number Two,"$72,778,712",4686.39,111351429.36,Paramount Pictures,2006
32,Barnyard,"$72,637,803",5065.83,111135838.59,Paramount Pictures,2006
33,RV,"$71,726,025",5586.03,109740818.25,Sony Pictures Entertainment (SPE),2006
34,Brokeback Mountain,"$70,612,954",3196.17,127056954.33,Focus Features,2006
35,V for Vendetta,"$70,511,035",5148.45,107881883.55,Warner Bros.,2006
36,World Trade Center,"$70,278,893",4622.13,107526706.29,Paramount Pictures,2006
37,Big Momma's House 2,"$70,165,972",4989.33,107353937.16,Twentieth Century Fox,2006
38,Step Up,"$65,326,375",4049.91,99952025.13,Walt Disney Studios Motion Pictures,2006
39,Miami Vice,"$63,450,470",4629.78,97079219.10000001,Universal Pictures,2006
40,Madea's Family Reunion,"$63,257,940",3356.82,96784648.2,Lions Gate Films,2006
41,The Fast and the Furious: Tokyo Drift,"$62,514,415",4635.9,95647054.95,Universal Pictures,2006
42,Underworld: Evolution,"$62,318,875",4906.71,95347878.75,Screen Gems,2006
43,Flushed Away,"$61,733,119",5671.71,98938478.16,DreamWorks,2006
44,Deja Vu,"$61,574,479",4755.24,97979082.48,Walt Disney Studios Motion Pictures,2006
45,The Shaggy Dog,"$61,123,569",5356.53,93519060.57000001,Walt Disney Studios Motion Pictures,2006
46,Poseidon,"$60,674,817",5439.150000000001,92832470.01,Warner Bros.,2006
47,The Benchwarmers,"$59,843,754",5021.46,91560943.62,Revolution Studios,2006
48,Little Miss Sunshine,"$59,489,083",2451.06,91633379.94,Unkwon,2006
49,King Kong,"$59,370,190",5549.31,333662438.25,Universal Pictures,2006
50,Little Man,"$58,645,052",3881.61,89726929.56,Revolution Studios,2006
51,Curious George,"$58,360,760",3991.77,89291962.8,Universal Pictures,2006
52,Invincible,"$57,806,056",4570.11,88444636.56,Walt Disney Studios Motion Pictures,2006
53,Eragon,"$56,420,434",4635.9,114796149.39,Twentieth Century Fox,2006
54,Fun with Dick and Jane,"$56,270,199",4955.67,168809087.61,Sony Pictures Entertainment (SPE),2006
55,The Guardian,"$54,957,777",4958.7300000000005,84167949.96000001,Walt Disney Studios Motion Pictures,2006
56,The Omen,"$54,607,383",4166.1900000000005,83549295.99,Twentieth Century Fox,2006
57,Final Destination 3,"$54,097,021",4406.4,82770018.03,New Line Cinema,2006
58,Charlotte's Web,"$52,532,601",5729.85,126968133.24000001,Paramount Pictures,2006
59,The Prestige,"$52,455,154",3526.65,81227533.23,Walt Disney Studios Motion Pictures,2006
60,The Lake House,"$52,330,111",4046.85,80065069.83,Warner Bros.,2006
61,Hoodwinked,"$51,386,611",4620.6,78621514.83,The Weinstein Company,2006
62,The Holiday,"$50,029,085",4127.9400000000005,96734018.97,Sony Pictures Entertainment (SPE),2006
63,Firewall,"$48,751,189",4345.2,74589319.17,Warner Bros.,2006
64,Date Movie,"$48,548,426",4433.9400000000005,74279091.78,Twentieth Century Fox,2006
65,Rocky Balboa,"$47,940,632",4619.07,107514542.79,Metro-Goldwyn-Mayer (MGM),2006
66,When a Stranger Calls,"$47,860,214",4596.12,73226127.42,Screen Gems,2006
67,Hostel,"$47,326,473",3575.61,72409503.69,Lions Gate Films,2006
68,Nanny McPhee,"$47,144,110",3286.44,72130488.3,Universal Pictures,2006
69,Silent Hill,"$46,982,632",4485.96,71883426.96000001,Sony Pictures Entertainment (SPE),2006
70,Apocalypto,"$42,654,236",3771.4500000000003,77825951.55,Walt Disney Studios Motion Pictures,2006
71,Glory Road,"$42,647,449",3667.41,65250596.97,Walt Disney Studios Motion Pictures,2006
72,Lady in the Water,"$42,285,169",4949.55,64696308.57,Warner Bros.,2006
73,The Hills Have Eyes,"$41,778,863",4010.13,63921660.39,Unkwon,2006
74,John Tucker Must Die,"$41,011,711",3925.98,62747917.83,Twentieth Century Fox,2006
75,Stranger Than Fiction,"$40,435,190",3473.1,62211256.56,Sony Pictures Entertainment (SPE),2006
76,The Illusionist,"$39,770,667",2200.14,60999022.26,Yari Film Group Releasing,2006
77,The Texas Chainsaw Massacre: The Beginning,"$39,505,863",4314.6,60462177.39,New Line Cinema,2006
78,The Grudge 2,"$39,143,839",4917.42,59890073.67,Sony Pictures Entertainment (SPE),2006
79,Gridiron Gang,"$38,432,823",5370.3,58802219.19,Sony Pictures Entertainment (SPE),2006
80,Last Holiday,"$38,399,961",3846.42,58751940.33,Paramount Pictures,2006
81,The Wild,"$37,384,046",4366.62,57197590.38,Walt Disney Studios Motion Pictures,2006
82,Man of the Year,"$37,327,390",4017.78,57110906.7,Universal Pictures,2006
83,Dreamgirls,"$37,064,395",4279.41,158149912.68,DreamWorks,2006
84,16 Blocks,"$36,895,141",4140.18,56449565.730000004,Warner Bros.,2006
85,Cheaper by the Dozen 2,"$36,612,259",4912.83,126333894.69,Twentieth Century Fox,2006
86,The Nativity Story,"$36,418,000",4716.99,57573641.43,New Line Cinema,2006
87,Accepted,"$36,323,505",4463.01,55574962.65,Universal Pictures,2006
88,The Sentinel,"$36,280,697",4362.03,55509466.410000004,Twentieth Century Fox,2006
89,Blood Diamond,"$35,726,534",2937.6,87788211.48,Warner Bros.,2006
90,Munich,"$35,128,025",2291.94,72527638.05,Universal Pictures,2006
91,The Good Shepherd,"$35,066,495",3442.5,91727837.55,Universal Pictures,2006
92,Deck the Halls,"$34,753,961",4903.65,53693160.57,Twentieth Century Fox,2006
93,Take the Lead,"$34,741,730",4603.77,53155360.980000004,New Line Cinema,2006
94,Snakes on a Plane,"$34,020,741",5439.150000000001,52051845.42,New Line Cinema,2006
95,She's the Man,"$33,741,133",4025.4300000000003,51623933.49,DreamWorks,2006
96,Flags of Our Fathers,"$33,602,376",3633.75,51411635.28,DreamWorks,2006
97,Memoirs of a Geisha,"$32,166,624",2530.62,87960477.24,Sony Pictures Entertainment (SPE),2006
98,United 93,"$31,483,450",2862.63,48169678.5,Universal Pictures,2006
99,Walk the Line,"$28,668,398",4834.8,182864685.06,Twentieth Century Fox,2006
100,Employee of the Month,"$28,444,855",3945.87,43520628.15,Lions Gate Films,2006
101,Garfield: A Tail of Two Kitties,"$28,426,747",4560.93,43492922.910000004,Twentieth Century Fox,2006
102,The Queen,"$28,191,739",2830.5,86355817.83,Miramax,2006
103,The Ant Bully,"$28,142,535",4666.5,43058078.550000004,Warner Bros.,2006
104,Crank,"$27,838,408",3847.9500000000003,42592764.24,Lions Gate Films,2006
105,Stick It,"$26,910,056",3127.32,41173426.08,Walt Disney Studios Motion Pictures,2006
106,The Descent,"$26,024,456",3205.35,39817417.68,Lions Gate Films,2006
107,We Are Marshall,"$25,128,312",3987.1800000000003,66624406.92,Warner Bros.,2006
108,Thank You for Smoking,"$24,793,509",1560.6000000000001,37934068.77,Unkwon,2006
109,Fearless,"$24,637,306",2769.3,37689606.9,Rogue Pictures,2006
110,Clerks II,"$24,148,068",3289.5,36946544.04,Unkwon,2006
111,An Inconvenient Truth,"$23,814,997",898.11,36943626.33,Paramount Classics,2006
112,The Wicker Man,"$23,649,127",4259.52,36183164.31,Warner Bros.,2006
113,The Covenant,"$23,380,495",4101.93,35772157.35,Screen Gems,2006
114,Stay Alive,"$23,086,480",3073.77,35322314.4,Walt Disney Studios Motion Pictures,2006
115,Match Point,"$22,702,604",783.36,35421839.37,DreamWorks Distribution,2006
116,The Black Dahlia,"$22,545,080",3421.08,34493972.4,Universal Pictures,2006
117,My Super Ex-Girlfriend,"$22,530,295",4134.06,34471351.35,Twentieth Century Fox,2006
118,Lucky Number Slevin,"$22,495,466",3043.17,34418062.980000004,Unkwon,2006
119,Deep Sea,"$21,973,886",71.91,71011518.21000001,Warner Bros.,2006
120,Rumor Has It...,"$21,730,356",4306.95,65790400.86,Warner Bros.,2006
121,Waist Deep,"$21,331,895",1539.18,32656797.36,Rogue Pictures,2006
122,ATL,"$21,170,563",2451.06,32390961.39,Warner Bros.,2006
123,Flicka,"$20,888,606",4401.81,32130224.91,Twentieth Century Fox,2006
124,A Prairie Home Companion,"$20,342,852",1173.51,31124563.560000002,Picturehouse,2006
125,Pulse,"$20,264,436",3554.19,31004587.080000002,Unkwon,2006
126,Babel,"$19,825,138",1914.03,52483340.61,Paramount Vantage,2006
127,Beerfest,"$19,185,184",4534.92,29353331.52,Warner Bros.,2006
128,Akeelah and the Bee,"$18,848,430",3358.35,28838097.900000002,Lions Gate Films,2006
129,The Marine,"$18,782,953",3893.85,28832519.52,Twentieth Century Fox,2006
130,The Family Stone,"$18,657,532",3777.57,91896188.04,Twentieth Century Fox,2006
131,Aquamarine,"$18,597,342",3883.14,28453933.26,Twentieth Century Fox,2006
132,Ultraviolet,"$18,535,812",3913.7400000000002,28359792.36,Screen Gems,2006
133,The Ringer,"$18,163,047",2835.09,54205872.75,Unkwon,2006
134,School for Scoundrels,"$17,807,569",4600.71,27245580.57,Unkwon,2006
135,Just My Luck,"$17,326,650",3890.79,26509774.5,Twentieth Century Fox,2006
136,Annapolis,"$17,127,992",2458.71,26205827.76,Walt Disney Studios Motion Pictures,2006
137,Capote,"$17,018,375",1895.67,43988310.9,Sony Pictures Classics,2006
138,Harry Potter and the Goblet of Fire,"$16,731,856",5902.74,443719945.08,Warner Bros.,2006
139,An American Haunting,"$16,290,949",2605.59,24936010.38,Freestyle Releasing,2006
140,Marie Antoinette,"$15,962,471",1331.1000000000001,24422580.63,Sony Pictures Entertainment (SPE),2006
141,Larry the Cable Guy: Health Inspector,"$15,680,099",2672.91,23990551.47,Lions Gate Films,2006
142,See No Evil,"$15,032,800",1943.1000000000001,23000184.0,Lions Gate Films,2006
143,Unaccompanied Minors,"$14,993,733",4245.75,25482492.72,Warner Bros.,2006
144,Tristan + Isolde,"$14,734,633",2822.85,22543988.490000002,Twentieth Century Fox,2006
145,Syriana,"$14,676,762",2715.75,77761668.6,Warner Bros.,2006
146,Everyone's Hero,"$14,523,101",4433.9400000000005,22220344.53,Twentieth Century Fox,2006
147,Hollywoodland,"$14,425,753",2373.03,22072164.03,Focus Features,2006
148,One Night with the King,"$13,394,029",1390.77,20495820.330000002,8x Entertainment,2006
149,Friends with Money,"$13,366,989",1545.3,20453708.61,Sony Pictures Classics,2006
150,Flyboys,"$13,090,630",3110.4900000000002,20028663.9,Metro-Goldwyn-Mayer (MGM),2006
151,How to Eat Fried Worms,"$13,040,390",2861.1,19952006.31,New Line Cinema,2006
152,Bon Cop Bad Cop,"$12,665,721",397.8,19378553.13,Alliance Atlantis Vivafilm,2006
153,The New World2005 Re-release,"$12,588,149",1240.83,19449502.29,New Line Cinema,2006
154,Idlewild,"$12,571,185",1491.75,19233913.05,Universal Pictures,2006
155,The Matador,"$12,555,022",1384.65,19269887.94,The Weinstein Company,2006
156,Freedomland,"$12,512,886",3612.33,19144715.580000002,Revolution Studios,2006
157,The Protector,"$12,044,087",2357.73,18427453.11,Dragon Dynasty,2006
158,Zoom,"$11,989,328",3826.53,18343671.84,Revolution Studios,2006
159,End of the Spear,"$11,746,686",1779.39,18309510.0,Rocky Mountain Pictures,2006
160,Dave Chappelle's Block Party,"$11,720,590",1836.0,17929450.35,Rogue Pictures,2006
161,The Last Kiss,"$11,614,790",2079.27,17770628.7,DreamWorks,2006
162,Something New,"$11,469,090",1935.45,17546909.04,Focus Features,2006
163,Material Girls,"$11,449,638",2308.77,17517946.14,Metro-Goldwyn-Mayer (MGM),2006
164,Bobby,"$11,034,972",2555.1,17201485.53,Unkwon,2006
165,Black Christmas,"$10,917,918",2362.32,24898578.93,Unkwon,2006
166,Mrs. Henderson Presents,"$10,661,180",798.66,16885639.98,The Weinstein Company,2006
167,Casanova,"$10,579,075",1546.83,17295736.59,Walt Disney Studios Motion Pictures,2006
168,Magnificent Desolation: Walking on the Moon,"$10,571,573",125.46000000000001,52230411.72,IMAX,2006
169,Scoop,"$10,526,261",827.73,16104347.01,Focus Features,2006
170,The Producers,"$10,134,990",1496.34,29679753.96,Universal Pictures,2006
171,Facing the Giants,"$10,066,143",674.73,15572846.43,IDP Distribution,2006
172,The Fountain,"$9,930,941",2252.16,15520335.3,Warner Bros.,2006
173,Transamerica,"$8,770,560",1003.6800000000001,13793413.59,The Weinstein Company,2006
174,The Nightmare Before Christmas2006 3D Release,"$8,686,272",257.04,13312329.57,Walt Disney Studios Motion Pictures,2006
175,Tenacious D in the Pick of Destiny,"$8,311,739",2936.07,12751899.75,New Line Cinema,2006
176,Hoot,"$8,118,000",4617.54,12419984.61,New Line Cinema,2006
177,"Good Night, and Good Luck.","$8,114,382",1421.3700000000001,48283744.59,Warner Independent Pictures (WIP),2006
178,The Night Listener,"$7,835,046",2096.1,11989681.290000001,Miramax,2006
179,Slither,"$7,802,450",2977.38,11937748.5,Universal Pictures,2006
180,The Return,"$7,750,613",3038.58,11857272.03,Rogue Pictures,2006
181,Doogal,"$7,438,119",3548.07,11380140.0,The Weinstein Company,2006
182,A Good Year,"$7,430,241",3162.51,11412729.0,Twentieth Century Fox,2006
183,All the King's Men,"$7,221,458",2325.6,11048830.74,Sony Pictures Entertainment (SPE),2006
184,American Dreamz,"$7,191,830",2295.0,11003499.9,Universal Pictures,2006
185,Phat Girlz,"$7,061,128",1621.8,10803525.84,Unkwon,2006
186,Crossover,"$7,009,668",1565.19,10724792.040000001,Sony Pictures Entertainment (SPE),2006
187,Turistas,"$6,947,433",2405.16,10752475.86,Fox Atomic,2006
188,Running Scared,"$6,845,051",2464.83,10488359.61,New Line Cinema,2006
189,Running with Scissors,"$6,754,898",896.58,10744925.31,Sony Pictures Entertainment (SPE),2006
190,Grandma's Boy,"$6,090,172",3084.48,9317963.16,Twentieth Century Fox,2006
191,Basic Instinct 2,"$5,971,336",2223.09,9136144.08,Sony Pictures Entertainment (SPE),2006
192,Wild Safari - A South African Adventure,"$5,811,433",32.13,25430940.900000002,Unkwon,2006
193,Wolf Creek,"$5,626,960",2694.33,24767915.400000002,Unkwon,2006
194,A Scanner Darkly,"$5,501,616",402.39,8417472.48,Warner Independent Pictures (WIP),2006
195,Roving Mars,"$5,461,675",41.31,15924206.34,Walt Disney Studios Motion Pictures,2006
196,For Your Consideration,"$5,414,596",956.25,8491382.19,Warner Independent Pictures (WIP),2006
197,Pride & Prejudice,"$5,140,796",2042.55,58759784.64,Focus Features,2006
198,The Three Burials of Melquiades Estrada,"$4,996,040",544.6800000000001,7692356.5200000005,Sony Pictures Classics,2006
199,The World's Fastest Indian,"$4,971,721",384.03000000000003,7846029.72,Magnolia Pictures,2006
200,The Libertine,"$4,790,603",1253.07,7397649.45,The Weinstein Company,2006
