Rank,Movies,gross,theater sale,total gross,distributor,Year
1,Guardians of the Galaxy,"$332,934,626",5314.400000000001,433129580.0,Walt Disney Studios Motion Pictures,2014
2,The Hunger Games: Mockingjay - Part 1,"$313,282,914",5396.3,438276650.5,Lions Gate Films,2014
3,Captain America: The Winter Soldier,"$259,766,572",5119.400000000001,337696543.6,Walt Disney Studios Motion Pictures,2014
4,The Lego Movie,"$257,760,692",5057.0,335088899.6,Warner Bros.,2014
5,Transformers: Age of Extinction,"$245,439,076",5502.900000000001,319070798.8,Paramount Pictures,2014
6,Maleficent,"$241,410,378",5132.400000000001,313833491.40000004,Walt Disney Studios Motion Pictures,2014
7,X-Men: Days of Future Past,"$233,921,534",5201.3,304097994.2,Twentieth Century Fox,2014
8,Dawn of the Planet of the Apes,"$208,545,589",5159.7,271109265.7,Twentieth Century Fox,2014
9,Big Hero 6,"$204,576,654",4904.900000000001,289286176.40000004,Walt Disney Studios Motion Pictures,2014
10,The Amazing Spider-Man 2,"$202,853,933",5621.2,263710112.9,Sony Pictures Entertainment (SPE),2014
11,Godzilla,"$200,676,069",5137.6,260878889.70000002,Warner Bros.,2014
12,22 Jump Street,"$191,719,337",4453.8,249235138.1,Sony Pictures Entertainment (SPE),2014
13,Teenage Mutant Ninja Turtles,"$191,204,754",5174.0,248566180.20000002,Paramount Pictures,2014
14,The Hobbit: The Battle of the Five Armies,"$189,549,326",5037.5,331655724.40000004,Warner Bros.,2014
15,Interstellar,"$179,387,895",4629.3,244426022.1,Paramount Pictures,2014
16,How to Train Your Dragon 2,"$177,002,924",5548.400000000001,230103801.20000002,Twentieth Century Fox,2014
17,Gone Girl,"$166,197,583",4269.2,218097345.70000002,Twentieth Century Fox,2014
18,Divergent,"$150,947,895",5116.8,196232263.5,Lions Gate Films,2014
19,Neighbors,"$150,157,400",4304.3,195204620.0,Universal Pictures,2014
20,Frozen,"$137,645,361",4864.6,520959411.7,Walt Disney Studios Motion Pictures,2014
21,Ride Along,"$134,938,200",3727.1,175419660.0,Universal Pictures,2014
22,Rio 2,"$131,538,435",5167.5,170999965.5,Twentieth Century Fox,2014
23,Lucy,"$126,663,600",4162.6,164662680.0,Universal Pictures,2014
24,Lone Survivor,"$124,907,273",4270.5,162624281.3,Universal Pictures,2014
25,The Fault in Our Stars,"$124,872,350",4342.0,162334055.0,Twentieth Century Fox,2014
26,Mr. Peabody & Sherman,"$111,506,430",5136.3,144958359.0,Twentieth Century Fox,2014
27,300: Rise of an Empire,"$106,580,051",4537.0,138554066.3,Warner Bros.,2014
28,The Maze Runner,"$102,104,191",4729.400000000001,133156220.60000001,Twentieth Century Fox,2014
29,Noah,"$101,200,044",4642.3,131560057.2,Paramount Pictures,2014
30,The Equalizer,"$100,915,604",4206.8,131989959.4,Sony Pictures Entertainment (SPE),2014
31,Edge of Tomorrow,"$100,206,256",4556.5,130268132.8,Warner Bros.,2014
32,Non-Stop,"$92,168,600",4137.900000000001,119819180.0,Universal Pictures,2014
33,Heaven Is for Real,"$91,443,253",3962.4,118876228.9,TriStar Pictures,2014
34,Fury,"$85,244,339",4306.900000000001,111563277.8,Sony Pictures Entertainment (SPE),2014
35,Dumb and Dumber To,"$84,966,865",4144.400000000001,112070413.0,Universal Pictures,2014
36,Tammy,"$84,525,432",4504.5,109883061.60000001,Warner Bros.,2014
37,Annabelle,"$84,273,813",4179.5,109555956.9,Warner Bros.,2014
38,The Other Woman,"$83,911,193",4297.8,109084550.9,Twentieth Century Fox,2014
39,American Hustle,"$82,599,283",3417.7000000000003,195153149.1,Sony Pictures Entertainment (SPE),2014
40,Let's Be Cops,"$82,390,774",4082.0,107108006.2,Twentieth Century Fox,2014
41,The Monuments Men,"$78,031,620",4007.9,101441106.0,Sony Pictures Entertainment (SPE),2014
42,The Wolf of Wall Street,"$75,451,759",3324.1,151970902.20000002,Paramount Pictures,2014
43,Penguins of Madagascar,"$74,028,222",4907.5,109006184.3,Twentieth Century Fox,2014
44,Hercules,"$72,688,614",4673.5,94495198.2,Paramount Pictures,2014
45,The Purge: Anarchy,"$71,962,800",3712.8,93551640.0,Universal Pictures,2014
46,Night at the Museum: Secret of the Tomb,"$69,354,582",5088.2,147870607.3,Twentieth Century Fox,2014
47,"Alexander and the Terrible, Horrible, No Good, Very Bad Day","$65,641,801",4052.1000000000004,87040393.7,Walt Disney Studios Motion Pictures,2014
48,Think Like a Man Too,"$65,182,182",2892.5,84736836.60000001,Screen Gems,2014
49,The Nut Job,"$64,251,541",4513.6,83527003.3,Open Road Films (II),2014
50,Into the Woods,"$64,062,104",3682.9,166403083.6,Walt Disney Studios Motion Pictures,2014
51,Unbroken,"$62,528,610",4291.3,150329263.5,Universal Pictures,2014
52,God's Not Dead,"$60,755,732",2418.0,78982451.60000001,Freestyle Releasing,2014
53,Son of God,"$59,700,064",4252.3,77610083.2,Twentieth Century Fox,2014
54,Planes: Fire & Rescue,"$59,165,787",4990.7,76915523.10000001,Walt Disney Studios Motion Pictures,2014
55,The Grand Budapest Hotel,"$59,076,019",1907.1000000000001,77091721.2,Unkwon,2014
56,RoboCop,"$58,607,007",4383.6,76189109.10000001,Sony Pictures Entertainment (SPE),2014
57,Annie,"$56,951,920",4156.1,111684640.60000001,Sony Pictures Entertainment (SPE),2014
58,The Hobbit: The Desolation of Smaug,"$56,824,777",5106.400000000001,335876911.5,Warner Bros.,2014
59,Dracula Untold,"$55,991,880",3770.0,73164461.5,Universal Pictures,2014
60,Exodus: Gods and Kings,"$55,727,340",4553.900000000001,84518866.9,Twentieth Century Fox,2014
61,The Hundred-Foot Journey,"$54,240,821",2817.1,70513067.3,Walt Disney Studios Motion Pictures,2014
62,No Good Deed,"$52,651,326",2827.5,68306721.60000001,Screen Gems,2014
63,Horrible Bosses 2,"$51,745,425",4420.0,70778964.10000001,Warner Bros.,2014
64,Muppets Most Wanted,"$51,183,113",4152.2,66538046.900000006,Walt Disney Studios Motion Pictures,2014
65,Ouija,"$50,856,010",3768.7000000000003,66112813.0,Universal Pictures,2014
66,Jack Ryan: Shadow Recruit,"$50,577,412",4403.1,65750635.6,Paramount Pictures,2014
67,The Boxtrolls,"$50,503,155",4503.2,66088496.5,Focus Features,2014
68,If I Stay,"$50,474,843",4104.1,65617295.900000006,Warner Bros.,2014
69,The Book of Life,"$49,323,100",4046.9,65197005.9,Twentieth Century Fox,2014
70,About Last Night,"$48,637,684",2928.9,63228989.2,Screen Gems,2014
71,Into the Storm,"$47,602,194",4464.2,61882852.2,Warner Bros.,2014
72,Jersey Boys,"$47,047,013",3776.5,61161116.9,Warner Bros.,2014
73,The Judge,"$47,003,241",3903.9,61255204.4,Warner Bros.,2014
74,Blended,"$46,294,610",4621.5,60182993.0,Warner Bros.,2014
75,The Giver,"$45,090,374",3903.9,58617486.2,The Weinstein Company,2014
76,Need for Speed,"$43,577,636",4049.5,56650926.800000004,Walt Disney Studios Motion Pictures,2014
77,A Million Ways to Die in the West,"$43,139,300",4108.0,56081090.0,Universal Pictures,2014
78,St. Vincent,"$42,845,277",3317.6,57379025.6,The Weinstein Company,2014
79,John Wick,"$42,820,432",3365.7000000000003,55949185.5,Lions Gate Films,2014
80,Dolphin Tale 2,"$42,024,533",4752.8,54631892.9,Warner Bros.,2014
81,The Expendables 3,"$39,322,544",4187.3,51119307.2,Lions Gate Films,2014
82,Saving Mr. Banks,"$39,214,111",3472.3,108292054.0,Walt Disney Studios Motion Pictures,2014
83,Earth to Echo,"$38,934,842",4199.0,50615294.6,Relativity Media,2014
84,Sex Tape,"$38,543,473",3980.6,50106514.9,Sony Pictures Entertainment (SPE),2014
85,August: Osage County,"$37,484,719",3134.3,49060453.0,The Weinstein Company,2014
86,Million Dollar Arm,"$36,457,627",3924.7000000000003,47394915.1,Walt Disney Studios Motion Pictures,2014
87,Anchorman 2: The Legend Continues,"$34,588,600",4559.1,162718878.4,Paramount Pictures,2014
88,This Is Where I Leave You,"$34,296,320",3728.4,44585216.0,Warner Bros.,2014
89,Paranormal Activity: The Marked Ones,"$32,462,372",3747.9,42201083.6,Paramount Pictures,2014
90,Nightcrawler,"$31,825,147",3595.8,42095582.1,Open Road Films (II),2014
91,Chef,"$31,424,003",1687.4,40851203.9,Open Road Films (II),2014
92,Get on Up,"$30,703,100",3209.7000000000003,39914030.0,Universal Pictures,2014
93,3 Days to Kill,"$30,697,999",3733.6,39907398.7,Relativity Media,2014
94,Deliver Us from Evil,"$30,577,122",3963.7000000000003,39750258.6,Screen Gems,2014
95,When the Game Stands Tall,"$30,127,963",3595.8,39166351.9,TriStar Pictures,2014
96,The Hunger Games: Catching Fire,"$29,141,342",5411.900000000001,552068461.1,Lions Gate Films,2014
97,Draft Day,"$28,842,237",3615.3,37494908.1,Lions Gate Films,2014
98,Oculus,"$27,695,246",3442.4,36003819.800000004,Relativity Media,2014
99,The Secret Life of Walter Mitty,"$26,752,507",3798.6,75707889.4,Twentieth Century Fox,2014
100,The Best of Me,"$26,703,582",3816.8,34796076.9,Relativity Media,2014
101,A Walk Among the Tombstones,"$26,307,600",3528.2000000000003,34199880.0,Universal Pictures,2014
102,That Awkward Moment,"$26,068,955",3651.7000000000003,33889641.5,Focus Features,2014
103,The November Man,"$25,018,119",3608.8,32523554.7,Relativity Media,2014
104,Birdman or (The Unexpected Virtue of Ignorance),"$24,273,045",1576.9,55042777.4,Unkwon,2014
105,Boyhood,"$24,242,779",1007.5,32957965.3,IFC Films,2014
106,Her,"$23,761,722",2247.7000000000003,33238726.3,Warner Bros.,2014
107,Endless Love,"$23,438,250",3764.8,30469725.0,Universal Pictures,2014
108,The Theory of Everything,"$23,233,800",1586.0,46661598.1,Focus Features,2014
109,Pompeii,"$23,219,748",3455.4,30185672.400000002,TriStar Pictures,2014
110,Transcendence,"$23,022,309",4491.5,29929001.7,Warner Bros.,2014
111,"As Above, So Below","$21,321,100",3445.0,27717430.0,Universal Pictures,2014
112,Top Five,"$20,407,608",1853.8,32912712.3,Paramount Pictures,2014
113,Philomena,"$20,397,945",1592.5,49022972.7,The Weinstein Company,2014
114,Brick Mansions,"$20,396,829",3441.1,26515877.7,Relativity Media,2014
115,The Imitation Game,"$19,936,519",3122.6,118463387.9,The Weinstein Company,2014
116,Wild,"$19,742,647",1769.3,49244462.800000004,Unkwon,2014
117,Gravity,"$19,231,476",4966.0,356320516.5,Warner Bros.,2014
118,"I, Frankenstein","$19,075,290",3578.9,24797877.0,Lions Gate Films,2014
119,The Gambler,"$18,880,856",3242.2000000000003,43785289.6,Paramount Pictures,2014
120,The Legend of Hercules,"$18,848,538",2735.2000000000003,24503099.400000002,Lions Gate Films,2014
121,12 Years a Slave,"$18,720,622",1916.2,73673590.9,Unkwon,2014
122,Bears,"$17,780,194",2327.0,23114252.2,Walt Disney Studios Motion Pictures,2014
123,Addicted,"$17,390,770",1348.1000000000001,22608001.0,Lions Gate Films,2014
124,A Haunted House 2,"$17,329,486",3003.0,22528331.8,Open Road Films (II),2014
125,A Most Wanted Man,"$17,237,855",1041.3,22409211.5,Roadside Attractions,2014
126,Begin Again,"$16,170,632",1692.6000000000001,21021821.6,The Weinstein Company,2014
127,The Single Moms Club,"$15,973,881",2464.8,20766045.3,Lions Gate Films,2014
128,Devil's Due,"$15,821,461",3307.2000000000003,20567899.3,Twentieth Century Fox,2014
129,And So It Goes,"$15,160,801",2360.8,19709041.3,Clarius Entertainment,2014
130,Step Up All In,"$14,904,384",2693.6,19375699.2,Lions Gate Films,2014
131,Beyond the Lights,"$14,537,635",2325.7000000000003,19004345.1,Relativity Media,2014
132,47 Ronin,"$14,509,700",3497.0,49871217.5,Universal Pictures,2014
133,America: Imagine the World Without Her,"$14,444,502",1436.5,18777852.6,Lions Gate Films,2014
134,Left Behind,"$14,019,924",2453.1,18225901.2,Freestyle Releasing,2014
135,Sin City: A Dame to Kill For,"$13,757,804",3762.2000000000003,17885145.2,Unkwon,2014
136,Grudge Match,"$13,567,034",3712.8,38749438.0,Warner Bros.,2014
137,Labor Day,"$13,371,528",3359.2000000000003,17382986.400000002,Paramount Pictures,2014
138,Winter's Tale,"$12,600,231",3854.5,16380300.3,Warner Bros.,2014
139,Walking with Dinosaurs 3D,"$11,730,354",4215.900000000001,46898957.300000004,Twentieth Century Fox,2014
140,Nebraska,"$11,596,814",1258.4,22951385.6,Paramount Pictures,2014
141,Dallas Buyers Club,"$11,451,072",1443.0,35487770.5,Focus Features,2014
142,Belle,"$10,726,630",682.5,13944619.0,Unkwon,2014
143,The Drop,"$10,724,389",1549.6000000000001,13941705.700000001,Unkwon,2014
144,Magic in the Moonlight,"$10,549,326",1253.2,13701123.8,Sony Pictures Classics,2014
145,Sabotage,"$10,508,518",3231.8,13661073.4,Open Road Films (II),2014
146,Moms' Night Out,"$10,429,707",1359.8,13558619.1,TriStar Pictures,2014
147,PK,"$8,668,996",353.6,13800935.200000001,UTV Motion Pictures,2014
148,The Quiet Ones,"$8,509,867",2635.1,11062827.1,Lions Gate Films,2014
149,Legends of Oz: Dorothy's Return,"$8,462,347",3455.4,11001051.1,Clarius Entertainment,2014
150,Island of Lemurs: Madagascar,"$8,438,735",392.6,14653876.9,Warner Bros.,2014
151,Inside Llewyn Davis,"$8,036,391",947.7,17205914.7,CBS Films,2014
152,Vampire Academy,"$7,791,979",3478.8,10129572.700000001,The Weinstein Company,2014
153,Bad Words,"$7,779,614",1396.2,10113498.200000001,Focus Features,2014
154,A Madea Christmas,"$7,260,501",2852.2000000000003,68306360.2,Lions Gate Films,2014
155,Foxcatcher,"$6,777,120",986.7,15725190.0,Sony Pictures Classics,2014
156,Cantinflas,"$6,382,924",557.7,8297801.2,Lions Gate Films,2014
157,Big Eyes,"$6,327,678",1830.4,18826640.3,The Weinstein Company,2014
158,Meet the Mormons,"$6,018,855",432.90000000000003,7861571.9,Purdie Distribution,2014
159,Whiplash,"$5,631,787",737.1,17019600.0,Sony Pictures Classics,2014
160,Cesar Chavez2014 Re-release,"$5,571,497",863.2,7242946.100000001,Lions Gate Films,2014
161,The Skeleton Twins,"$5,284,309",599.3000000000001,6869601.7,Roadside Attractions,2014
162,The Wind Rises,"$5,209,580",644.8000000000001,6772454.0,Walt Disney Studios Motion Pictures,2014
163,Journey to the South Pacific,"$5,075,069",24.7,9950086.9,IMAX,2014
164,Jerusalem,"$4,816,453",42.9,10426937.3,National Geographic Entertainment,2014
165,Hubble,"$4,807,401",196.3,68279775.2,Warner Bros.,2014
166,Snowpiercer,"$4,563,650",462.8,5932745.0,RADiUS-TWC,2014
167,The Railway Man,"$4,438,438",780.0,5769969.4,The Weinstein Company,2014
168,Dear White People,"$4,370,703",510.90000000000003,5725400.2,Roadside Attractions,2014
169,The Lunchbox2013 Re-release,"$4,235,151",214.5,5505696.3,Sony Pictures Classics,2014
170,My Old Lady,"$3,990,825",354.90000000000003,5217921.8,Cohen Media Group,2014
171,Fading Gigolo,"$3,769,873",462.8,4900834.9,Millennium Entertainment,2014
172,Thor: The Dark World,"$3,710,408",4993.3,268270782.0,Walt Disney Studios Motion Pictures,2014
173,Ida,"$3,704,612",178.1,4975178.0,Music Box Films,2014
174,Calvary,"$3,600,006",418.6,4680007.8,Unkwon,2014
175,Wish I Was Here,"$3,591,299",978.9,4668688.7,Focus Features,2014
176,Ghostbusters30th Anniversary Release,"$3,580,343",1019.2,4654445.9,Sony Pictures Entertainment (SPE),2014
177,The Interview,"$3,552,778",755.3000000000001,7936727.5,Sony Pictures Entertainment (SPE),2014
178,What If,"$3,493,000",1023.1,4540900.0,CBS Films,2014
179,The Grand Seduction,"$3,430,018",161.20000000000002,4459023.4,Entertainment One,2014
180,Veronica Mars,"$3,322,127",451.1,4318765.100000001,Warner Bros.,2014
181,Mommy,"$3,298,280",107.9,4542291.0,Roadside Attractions,2014
182,The Book Thief,"$3,273,749",1710.8,27935025.3,Twentieth Century Fox,2014
183,Before I Go to Sleep,"$3,242,457",2472.6,4215194.100000001,Clarius Entertainment,2014
184,Rosewater,"$3,125,746",482.3,4067623.3000000003,Open Road Films (II),2014
185,Obvious Child,"$3,123,963",262.6,4061151.9,A24,2014
186,Mandela: Long Walk to Freedom,"$3,086,965",1313.0,10820010.5,The Weinstein Company,2014
187,Cloudy with a Chance of Meatballs 2,"$2,936,113",5201.3,155731637.1,Sony Pictures Entertainment (SPE),2014
188,The Trip to Italy,"$2,880,537",258.7,3744698.1,IFC Films,2014
189,The Identical,"$2,827,666",2542.8,3675965.8000000003,Freestyle Releasing,2014
190,The Fluffy Movie: Unity Through Laughter,"$2,827,393",561.6,3675610.9,Open Road Films (II),2014
191,Kirk Cameron's Saving Christmas,"$2,783,970",533.0,3619161.0,The Samuel Goldwyn Company,2014
192,The Good Lie,"$2,702,251",599.3000000000001,3538871.7,Warner Bros.,2014
193,The Pyramid,"$2,692,919",890.5,3583232.9,Twentieth Century Fox,2014
194,Space Station 3D,"$2,672,152",83.2,121399138.9,IMAX,2014
195,The Raid 2,"$2,627,209",1240.2,3415371.7,Sony Pictures Classics,2014
196,Under the Skin,"$2,614,251",228.8,3398526.3000000003,A24,2014
197,The Admiral: Roaring Currents,"$2,589,811",58.5,3366754.3000000003,CJ Entertainment,2014
198,Dragon Ball Z: Battle of Gods,"$2,553,002",899.6,3318902.6,Screenvision,2014
199,Bang Bang,"$2,546,172",352.3,3310023.6,FIP,2014
200,Kick,"$2,472,695",234.0,3214503.5,UTV Motion Pictures,2014
