Rank,Movies,gross,theater sale,total gross,distributor,Year
1,Black Panther,"$700,059,566",5023.32,861073266.18,Walt Disney Studios Motion Pictures,2018
2,Avengers: Infinity War,"$678,815,482",5503.0199999999995,834943042.86,Walt Disney Studios Motion Pictures,2018
3,Incredibles 2,"$608,581,744",5424.3,748555545.12,Walt Disney Studios Motion Pictures,2018
4,Jurassic World: Fallen Kingdom,"$417,719,760",5516.55,513795304.8,Universal Pictures,2018
5,Deadpool 2,"$318,491,426",5349.2699999999995,391744453.98,Twentieth Century Fox,2018
6,The Grinch,"$266,280,410",5093.43,332863768.5,Universal Pictures,2018
7,Jumanji: Welcome to the Jungle,"$235,512,923",4734.2699999999995,497554040.4,Sony Pictures Entertainment (SPE),2018
8,Mission: Impossible - Fallout,"$220,159,104",5405.85,270795697.92,Paramount Pictures,2018
9,Ant-Man and the Wasp,"$216,648,740",5173.38,266477950.2,Walt Disney Studios Motion Pictures,2018
10,Solo: A Star Wars Story,"$213,767,512",5388.63,262934039.76,Walt Disney Studios Motion Pictures,2018
11,Venom,"$213,312,395",5227.5,262624072.38,Sony Pictures Entertainment (SPE),2018
12,A Star Is Born,"$201,157,885",4801.92,264805305.18,Warner Bros.,2018
13,Aquaman,"$199,059,824",5146.32,412126022.61,Warner Bros.,2018
14,Bohemian Rhapsody,"$189,813,133",4920.0,266206491.66,Twentieth Century Fox,2018
15,A Quiet Place,"$188,024,361",4683.84,231269964.03,Paramount Pictures,2018
16,Ralph Breaks the Internet,"$177,616,854",4940.91,247342804.53,Walt Disney Studios Motion Pictures,2018
17,Crazy Rich Asians,"$174,039,071",4753.95,214675492.82999998,Warner Bros.,2018
18,Hotel Transylvania 3: Summer Vacation,"$168,786,400",5248.41,206037319.68,Sony Pictures Entertainment (SPE),2018
19,Halloween,"$159,336,510",4907.7,195990678.45,Universal Pictures,2018
20,Fantastic Beasts: The Crimes of Grindelwald,"$156,781,859",5120.49,196253758.23,Warner Bros.,2018
21,The Meg,"$145,443,742",5065.14,178895802.66,Warner Bros.,2018
22,Ocean's Eight,"$140,218,711",5098.35,172469014.53,Warner Bros.,2018
23,Ready Player One,"$137,690,172",5207.82,169358911.56,Warner Bros.,2018
24,The Greatest Showman,"$125,303,456",4110.66,214438414.02,Twentieth Century Fox,2018
25,Mamma Mia! Here We Go Again,"$120,634,935",4322.22,148380970.05,Universal Pictures,2018
26,The Nun,"$117,450,119",4767.48,144463646.37,Warner Bros.,2018
27,Peter Rabbit,"$115,253,424",4581.75,141761711.52,Sony Pictures Entertainment (SPE),2018
28,Creed II,"$112,448,520",4614.96,142330543.47,Metro-Goldwyn-Mayer (MGM),2018
29,Spider-Man: Into the Spider-Verse,"$108,146,445",4689.99,233996811.29999998,Sony Pictures Entertainment (SPE),2018
30,Mary Poppins Returns,"$105,930,461",5030.7,211508878.74,Walt Disney Studios Motion Pictures,2018
31,Star Wars: Episode VIII - The Last Jedi,"$102,963,014",5205.36,762823099.86,Walt Disney Studios Motion Pictures,2018
32,The Equalizer 2,"$102,084,362",4167.24,125563765.26,Sony Pictures Entertainment (SPE),2018
33,Rampage,"$101,028,233",5061.45,124264726.59,Warner Bros.,2018
34,A Wrinkle in Time,"$100,478,608",4895.4,123588687.84,Walt Disney Studios Motion Pictures,2018
35,Fifty Shades Freed,"$100,407,760",4634.64,123501544.8,Universal Pictures,2018
36,Christopher Robin,"$99,215,042",4430.46,122034501.66,Walt Disney Studios Motion Pictures,2018
37,I Can Only Imagine,"$83,482,352",3559.62,102683292.96,Roadside Attractions,2018
38,Smallfoot,"$82,976,621",5081.13,102385326.69,Warner Bros.,2018
39,The Post,"$80,143,337",3506.73,100741253.34,Twentieth Century Fox,2018
40,Night School,"$77,316,580",3713.37,95127129.9,Universal Pictures,2018
41,Bumblebee,"$71,426,119",4424.3099999999995,156450574.47,Paramount Pictures,2018
42,The First Purge,"$69,488,745",3736.74,85471156.35,Universal Pictures,2018
43,Game Night,"$69,179,066",4307.46,85090251.17999999,Warner Bros.,2018
44,Book Club,"$68,566,296",3897.87,84336544.08,Paramount Pictures,2018
45,The House with a Clock in Its Walls,"$68,536,400",4418.16,84316124.85,Universal Pictures,2018
46,Skyscraper,"$68,420,120",4701.0599999999995,84156747.6,Universal Pictures,2018
47,Insidious: The Last Key,"$67,745,330",3874.5,83326755.9,Universal Pictures,2018
48,Instant Family,"$64,845,006",4213.98,82856781.51,Paramount Pictures,2018
49,The Mule,"$64,720,334",4094.67,127679420.61,Warner Bros.,2018
50,Blockers,"$60,311,495",4204.14,74183138.85,Universal Pictures,2018
51,Pacific Rim: Uprising,"$59,874,525",4560.84,73645665.75,Universal Pictures,2018
52,Tomb Raider,"$58,250,803",4740.42,71648487.69,Warner Bros.,2018
53,Maze Runner: The Death Cure,"$58,032,443",4665.39,71379904.89,Twentieth Century Fox,2018
54,Tag,"$54,730,625",4159.86,67318668.75,Warner Bros.,2018
55,The Nutcracker and the Four Realms,"$54,581,769",4632.18,67476386.73,Walt Disney Studios Motion Pictures,2018
56,A Simple Favor,"$53,548,586",3815.46,65864760.78,Lions Gate Films,2018
57,Life of the Party,"$53,059,911",4496.88,65263690.53,Warner Bros.,2018
58,The Predator,"$51,024,708",5006.1,62760390.839999996,Twentieth Century Fox,2018
59,Overboard,"$50,316,123",2467.38,61888831.29,Pantelion Films,2018
60,Sicario: Day of the Soldado,"$50,072,235",3757.65,61588849.05,Sony Pictures Entertainment (SPE),2018
61,I Feel Pretty,"$48,795,601",4231.2,60018589.23,STX Entertainment,2018
62,BlacKkKlansman,"$48,271,960",2354.22,60608668.199999996,Focus Features,2018
63,The Shape of Water,"$48,189,258",2879.43,78547105.05,Unkwon,2018
64,Red Sparrow,"$46,874,505",3768.72,57655641.15,Twentieth Century Fox,2018
65,Breaking In,"$46,840,590",3120.5099999999998,57613925.699999996,Universal Pictures,2018
66,Goosebumps 2: Haunted Halloween,"$46,700,633",4579.29,57441778.589999996,Sony Pictures Entertainment (SPE),2018
67,12 Strong,"$45,819,713",3712.14,56358246.99,Warner Bros.,2018
68,Den of Thieves,"$44,947,622",2991.36,55285575.06,STX Entertainment,2018
69,First Man,"$44,923,035",4477.2,55271950.35,Universal Pictures,2018
70,Hereditary,"$44,069,456",3687.54,54205430.88,A24,2018
71,Acrimony,"$43,549,096",2467.38,53565388.08,Lions Gate Films,2018
72,Sherlock Gnomes,"$43,242,871",4504.26,53188731.33,Paramount Pictures,2018
73,Uncle Drew,"$42,469,946",3372.66,52238033.58,Lions Gate Films,2018
74,Widows,"$41,904,173",3447.69,52155237.36,Twentieth Century Fox,2018
75,Pitch Perfect 3,"$41,596,925",4265.64,129023961.89999999,Universal Pictures,2018
76,Truth or Dare,"$41,411,015",3773.64,50935548.45,Universal Pictures,2018
77,Paddington 2,"$40,891,591",4553.46,50296656.93,Warner Bros.,2018
78,"Love, Simon","$40,826,341",2993.82,50216399.43,Twentieth Century Fox,2018
79,Darkest Hour,"$38,335,553",2131.59,69456144.3,Focus Features,2018
80,The Commuter,"$36,343,858",3557.16,44702945.339999996,Lions Gate Films,2018
81,The 15:17 to Paris,"$36,276,286",3741.66,44619831.78,Warner Bros.,2018
82,Mile 22,"$36,108,758",4329.6,44413772.339999996,STX Entertainment,2018
83,Alpha,"$35,857,181",3543.63,44104332.63,Studio 8,2018
84,Peppermint,"$35,418,723",3665.4,43565029.29,STX Entertainment,2018
85,Death Wish,"$34,017,028",3544.86,41840944.44,Metro-Goldwyn-Mayer (MGM),2018
86,The Spy Who Dumped Me,"$33,562,069",3826.5299999999997,41281344.87,Lions Gate Films,2018
87,Annihilation,"$32,732,301",2597.7599999999998,40260730.23,Paramount Pictures,2018
88,Green Book,"$32,153,006",3257.04,104648610.33,Universal Pictures,2018
89,Isle of Dogs,"$32,015,231",2394.81,39378734.13,Unkwon,2018
90,Nobody's Fool,"$31,713,110",3035.64,39007125.3,Paramount Pictures,2018
91,Adrift,"$31,445,012",3708.45,38677364.76,STX Entertainment,2018
92,Ferdinand,"$30,863,663",4464.9,103824767.39999999,Twentieth Century Fox,2018
93,Robin Hood,"$30,645,013",3477.21,37914292.44,Lions Gate Films,2018
94,Super Troopers 2,"$30,617,396",2613.75,37659397.08,Twentieth Century Fox,2018
95,Slender Man,"$30,569,484",2900.34,37600465.32,Screen Gems,2018
96,"Three Billboards Outside Ebbing, Missouri","$30,349,111",2122.98,67051900.199999996,Unkwon,2018
97,Coco,"$29,891,816",4904.01,258865818.45,Walt Disney Studios Motion Pictures,2018
98,Teen Titans GO! To the Movies,"$29,790,236",3921.24,36641990.28,Warner Bros.,2018
99,Hostiles,"$29,733,369",3608.82,36677510.22,Entertainment Studios Motion Pictures,2018
100,The Hate U Give,"$29,666,375",2921.25,36554964.089999996,Twentieth Century Fox,2018
101,"I, Tonya","$27,581,081",1783.5,36917882.97,Neon,2018
102,Searching,"$26,020,957",2471.07,32005777.11,Screen Gems,2018
103,Winchester,"$25,091,816",3050.4,30862933.68,Lions Gate Films,2018
104,The Strangers: Prey at Night,"$24,586,708",3030.72,30241650.84,Aviron Pictures,2018
105,White Boy Rick,"$24,011,188",3079.92,29533761.24,Studio 8,2018
106,Second Act,"$23,544,942",3206.61,48317139.21,STX Entertainment,2018
107,Molly's Game,"$23,403,264",2100.84,35400315.12,STX Entertainment,2018
108,Won't You Be My Neighbor?,"$22,835,787",1098.3899999999999,28088018.009999998,Focus Features,2018
109,Overlord,"$21,704,844",3516.57,26696958.12,Paramount Pictures,2018
110,Holmes & Watson,"$21,249,250",3419.4,37605559.98,Sony Pictures Entertainment (SPE),2018
111,Proud Mary,"$20,877,013",2613.75,25678725.99,Screen Gems,2018
112,The Happytime Murders,"$20,706,452",4004.88,25468935.96,STX Entertainment,2018
113,Phantom Thread,"$20,670,365",1458.78,26073792.15,Focus Features,2018
114,SuperFly,"$20,545,116",2730.6,25270492.68,Sony Pictures Entertainment (SPE),2018
115,Vice,"$19,776,167",3116.82,58838626.86,Annapurna Pictures,2018
116,Show Dogs,"$17,857,020",3950.7599999999998,21964134.6,Unkwon,2018
117,Bad Times at the El Royale,"$17,839,115",3453.84,21942111.45,Twentieth Century Fox,2018
118,Operation Finale,"$17,612,099",2236.14,21662881.77,Metro-Goldwyn-Mayer (MGM),2018
119,"Paul, Apostle of Christ","$17,560,475",1811.79,21599384.25,Affirm Films,2018
120,Lady Bird,"$17,525,810",1915.11,60218675.79,A24,2018
121,Sorry to Bother You,"$17,493,096",1291.5,21516508.08,Annapurna Pictures,2018
122,Chappaquiddick,"$17,395,520",2023.35,21396489.6,Entertainment Studios Motion Pictures,2018
123,Forever My Girl,"$16,376,066",1755.21,20142561.18,Roadside Attractions,2018
124,The Favourite,"$15,888,465",1911.42,42271143.089999996,Unkwon,2018
125,Hunter Killer,"$15,767,460",3355.44,19393975.8,Lions Gate Films,2018
126,Mortal Engines,"$14,894,175",3816.69,19619779.2,Universal Pictures,2018
127,The Girl in the Spider's Web,"$14,841,338",3602.67,18254845.74,Sony Pictures Entertainment (SPE),2018
128,The Possession of Hannah Grace,"$14,622,210",2826.54,18250029.06,Screen Gems,2018
129,RBG,"$14,017,361",531.36,17241354.03,Magnolia Pictures,2018
130,Eighth Grade,"$13,539,709",1333.32,16653842.07,A24,2018
131,Call Me by Your Name,"$13,020,786",1124.22,22257712.23,Sony Pictures Classics,2018
132,The Darkest Minds,"$12,695,691",3846.21,15615699.93,Twentieth Century Fox,2018
133,All the Money in the World,"$12,401,327",2611.29,30889859.61,TriStar Pictures,2018
134,Three Identical Strangers,"$12,320,845",532.59,15154639.35,Neon,2018
135,Upgrade,"$11,977,130",1793.34,14731869.9,BH Tilt,2018
136,Padmaavat,"$11,846,060",435.42,14570653.799999999,Viva Pictures,2018
137,Free Solo,"$11,240,573",594.09,21575540.7,National Geographic Entertainment,2018
138,The Old Man & the Gun,"$11,197,012",1281.66,13870857.6,Unkwon,2018
139,Hell Fest,"$11,107,431",2825.31,13662140.129999999,Lions Gate Films,2018
140,Wonder,"$10,863,515",4328.37,162880055.07,Lions Gate Films,2018
141,The Miracle Season,"$10,230,620",2099.61,12583662.6,Unkwon,2018
142,Mary Queen of Scots,"$9,726,230",1293.96,20256253.77,Focus Features,2018
143,Midnight Sun,"$9,561,064",2672.79,11760108.72,Unkwon,2018
144,Tully,"$9,369,755",1667.8799999999999,11524798.65,Focus Features,2018
145,Traffik,"$9,186,156",1286.58,11298971.879999999,Lions Gate Films,2018
146,Unfriended: Dark Web,"$8,866,745",1902.81,10906096.35,BH Tilt,2018
147,Welcome to Marwen,"$8,357,895",2350.5299999999997,13239129.6,Universal Pictures,2018
148,Early Man,"$8,267,544",3067.62,10169079.12,Lions Gate Films,2018
149,The Wife,"$8,198,156",665.43,11809343.16,Sony Pictures Classics,2018
150,The Death of Stalin,"$8,047,856",674.04,9898862.879999999,IFC Films,2018
151,They Shall Not Grow Old,"$8,031,290",1642.05,22087002.99,Warner Bros.,2018
152,Sanju,"$7,909,317",441.57,9728459.91,FIP,2018
153,Unsane,"$7,732,899",2488.29,9511465.77,Bleecker Street Media,2018
154,Beautiful Boy,"$7,587,613",954.48,9409466.79,Amazon Studios,2018
155,Can You Ever Forgive Me?,"$7,530,304",682.65,10828753.95,Unkwon,2018
156,Mid90s,"$7,362,439",1483.3799999999999,9055799.97,A24,2018
157,Downsizing,"$7,289,080",3281.64,30073197.419999998,Paramount Pictures,2018
158,Dog Days,"$6,809,080",3003.66,8375168.399999999,LD Entertainment,2018
159,Boy Erased,"$6,774,202",826.56,8350091.16,Focus Features,2018
160,Hotel Artemis,"$6,708,147",2960.61,8251020.81,Unkwon,2018
161,A-X-L,"$6,501,381",2103.3,7996698.63,Unkwon,2018
162,Fahrenheit 11/9,"$6,352,306",2114.37,7813336.38,Briarcliff Entertainment,2018
163,Unbroken: Path to Redemption,"$6,216,897",1992.6,7646783.31,Pure Flix Entertainment,2018
164,The Hurricane Heist,"$6,115,825",2954.46,7522464.75,Entertainment Studios Motion Pictures,2018
165,Every Day,"$6,102,076",2052.87,7505553.4799999995,Orion Pictures,2018
166,Leave No Trace,"$6,046,104",444.03,7436707.92,Bleecker Street Media,2018
167,Once Upon a Deadpool2018 Re-release,"$6,016,007",1926.18,7503380.07,Twentieth Century Fox,2018
168,Death of a Nation,"$5,885,881",1236.15,7239633.63,Unkwon,2018
169,Pandas,"$5,757,906",43.05,9316034.76,Warner Bros.,2018
170,My Hero Academia: Two Heroes,"$5,754,556",658.05,7078103.88,FUNimation Entertainment,2018
171,God's Not Dead: A Light in Darkness,"$5,728,940",2082.39,7046596.2,Pure Flix Entertainment,2018
172,Kin,"$5,718,096",2633.43,7033258.08,Lions Gate Films,2018
173,Colette,"$5,137,622",729.39,6319275.06,Bleecker Street Media,2018
174,Action Point,"$5,059,608",2499.36,6223317.84,Paramount Pictures,2018
175,Beirut,"$5,019,226",928.65,6173647.9799999995,Bleecker Street Media,2018
176,Gringo,"$4,969,853",2956.92,6112919.1899999995,STX Entertainment,2018
177,Samson,"$4,719,928",1536.27,5805511.4399999995,Pure Flix Entertainment,2018
178,Father Figures,"$4,615,957",3569.46,21526530.12,Warner Bros.,2018
179,Johnny English Strikes Again,"$4,412,170",678.96,5426969.1,Universal Pictures,2018
180,Gotti,"$4,343,227",618.6899999999999,5342169.21,Vertical Entertainment,2018
181,Blindspotting,"$4,333,394",643.29,5330074.62,Lions Gate Films,2018
182,Burn the Stage: The Movie,"$4,201,819",793.35,5168237.37,Trafalgar Releasing,2018
183,Ya veremos,"$4,165,949",453.87,5124117.27,Pantelion Films,2018
184,Life Itself,"$4,102,648",3209.07,5046257.04,Amazon Studios,2018
185,Sgt. Stubby: An American Hero,"$4,015,323",2008.59,4939600.05,Unkwon,2018
186,Thor: Ragnarok,"$3,833,139",5018.4,387521695.46999997,Walt Disney Studios Motion Pictures,2018
187,Gosnell: The Trial of America's Biggest Serial Killer,"$3,679,893",827.79,4526268.39,GVN Releasing,2018
188,Indivisible,"$3,509,836",1020.9,4319042.91,Pure Flix Entertainment,2018
189,The Oscar Nominated Short Films 2018: Live Action,"$3,508,777",334.56,4315795.71,Shorts International,2018
190,Disobedience,"$3,498,782",303.81,4303501.86,Bleecker Street Media,2018
191,Justice League,"$3,478,000",4982.73,281699882.85,Warner Bros.,2018
192,First Reformed,"$3,448,256",410.82,4241354.88,A24,2018
193,"Juliet, Naked","$3,444,895",574.41,4237220.85,Roadside Attractions,2018
194,Bad Samaritan,"$3,435,047",2468.61,4225107.81,Electric Entertainment,2018
195,7 Days in Entebbe,"$3,326,885",1030.74,4092068.55,Focus Features,2018
196,The Disaster Artist,"$3,258,821",1242.3,25978357.68,A24,2018
197,2001: A Space Odyssey2018 Re-release,"$3,236,321",15.99,3980674.83,Warner Bros.,2018
198,2.0,"$3,222,000",386.21999999999997,5106960.0,Unkwon,2018
199,The Leisure Seeker,"$3,212,298",434.19,3968524.89,Sony Pictures Classics,2018
200,The Sisters Brothers,"$3,143,056",1403.43,3865958.88,Annapurna Pictures,2018
