Rank,Movies,gross,theater sale,total gross,distributor,Year
1,Transformers: Revenge of the Fallen,"$402,111,870",6138.99,575019974.1,DreamWorks,2009
2,Harry Potter and the Half-Blood Prince,"$301,959,197",6370.65,431801651.71,Warner Bros.,2009
3,Up,"$293,004,164",5556.98,418995954.52,Walt Disney Studios Motion Pictures,2009
4,The Twilight Saga: New Moon,"$284,512,392",5897.32,424171796.62,Summit Entertainment,2009
5,Avatar,"$283,624,210",4949.23,1072165578.77,Twentieth Century Fox,2009
6,The Hangover,"$277,322,503",5069.349999999999,396571179.28999996,Warner Bros.,2009
7,Star Trek,"$257,730,019",5795.79,368553927.16999996,Paramount Pictures,2009
8,Monsters vs. Aliens,"$198,351,526",5914.48,283642682.18,DreamWorks,2009
9,Ice Age: Dawn of the Dinosaurs,"$196,573,705",5865.86,281100398.15,Twentieth Century Fox,2009
10,The Blind Side,"$196,563,318",4872.01,366022049.25,Warner Bros.,2009
11,X-Men Origins: Wolverine,"$179,883,157",5865.86,257232914.51,Twentieth Century Fox,2009
12,Night at the Museum: Battle of the Smithsonian,"$177,243,721",5864.429999999999,253458521.03,Twentieth Century Fox,2009
13,The Proposal,"$163,958,031",4515.94,234459984.32999998,Walt Disney Studios Motion Pictures,2009
14,2012,"$162,349,001",4924.92,237540398.81,Sony Pictures Entertainment (SPE),2009
15,Fast & Furious,"$155,064,265",5253.82,221741898.95,Universal Pictures,2009
16,G.I. Joe: The Rise of Cobra,"$150,201,498",5730.009999999999,214788142.14,Paramount Pictures,2009
17,Paul Blart: Mall Cop,"$146,336,178",4584.58,209260734.54,Sony Pictures Entertainment (SPE),2009
18,Taken,"$145,000,989",4553.12,207351414.26999998,Twentieth Century Fox,2009
19,Gran Torino,"$142,214,209",4354.349999999999,211776281.85999998,Warner Bros.,2009
20,A Christmas Carol,"$136,889,051",5266.69,197133884.09,Walt Disney Studios Motion Pictures,2009
21,Angels & Demons,"$133,375,846",5043.61,190727459.78,Sony Pictures Entertainment (SPE),2009
22,Terminator Salvation,"$125,322,469",5150.86,179211130.67,Warner Bros.,2009
23,Cloudy with a Chance of Meatballs,"$123,910,697",4460.17,178564493.25,Sony Pictures Entertainment (SPE),2009
24,Alvin and the Chipmunks: The Squeakquel,"$120,727,282",5358.21,314048895.15999997,Twentieth Century Fox,2009
25,Inglourious Basterds,"$120,540,719",4801.94,172373228.17,The Weinstein Company,2009
26,G-Force,"$119,436,770",5286.71,170794581.1,Walt Disney Studios Motion Pictures,2009
27,Slumdog Millionaire,"$119,092,566",4208.49,202087497.04,Unkwon,2009
28,District 9,"$115,646,235",4547.4,165374116.04999998,TriStar Pictures,2009
29,Couples Retreat,"$108,297,465",4395.82,156163071.35,Universal Pictures,2009
30,Paranormal Activity,"$107,792,845",3878.16,154323898.29999998,Paramount Pictures,2009
31,Watchmen,"$107,509,799",5163.73,153739012.57,Warner Bros.,2009
32,Sherlock Holmes,"$102,102,956",5185.179999999999,298911010.96999997,Warner Bros.,2009
33,Public Enemies,"$97,104,620",4770.48,138859606.6,Universal Pictures,2009
34,Julie & Julia,"$94,125,426",3615.04,134599359.18,Sony Pictures Entertainment (SPE),2009
35,He's Just Not That Into You,"$93,953,653",4540.25,134353723.79,Warner Bros.,2009
36,Madea Goes to Jail,"$90,508,336",3150.29,129426920.47999999,Lions Gate Films,2009
37,The Ugly Truth,"$88,915,214",4254.25,127148756.02,Sony Pictures Entertainment (SPE),2009
38,Knowing,"$79,957,634",4771.91,114339416.61999999,Summit Entertainment,2009
39,Hannah Montana: The Movie,"$79,576,189",4620.33,113793950.27,Walt Disney Studios Motion Pictures,2009
40,Where the Wild Things Are,"$76,301,979",5341.05,110443857.81,Warner Bros.,2009
41,The Princess and the Frog,"$76,035,028",4969.25,149293285.57,Walt Disney Studios Motion Pictures,2009
42,Zombieland,"$75,590,286",4534.53,108094108.97999999,Sony Pictures Entertainment (SPE),2009
43,Coraline,"$75,286,229",3317.6,107659307.47,Focus Features,2009
44,The Curious Case of Benjamin Button,"$74,843,178",4272.84,182338336.17999998,Paramount Pictures,2009
45,Hotel for Dogs,"$73,034,460",4677.53,104439277.8,DreamWorks,2009
46,Law Abiding Citizen,"$72,764,227",4132.7,104901549.61,Overture Films,2009
47,This Is It,"$72,091,016",4977.83,103090152.88,Sony Pictures Entertainment (SPE),2009
48,"I Love You, Man","$71,440,011",4045.47,102159215.72999999,DreamWorks,2009
49,Marley & Me,"$70,709,680",5012.15,204709863.92999998,Twentieth Century Fox,2009
50,Obsessed,"$68,261,644",3766.62,97614150.92,Screen Gems,2009
51,Race to Witch Mountain,"$67,172,594",4673.24,96056809.42,Walt Disney Studios Motion Pictures,2009
52,The Final Destination,"$66,477,700",4463.03,95063111.0,Warner Bros.,2009
53,The Taking of Pelham 123,"$65,452,312",4400.11,93596806.16,Sony Pictures Entertainment (SPE),2009
54,Friday the 13th,"$65,002,019",4440.15,92952887.17,Warner Bros.,2009
55,17 Again,"$64,167,069",4654.65,91758908.67,Warner Bros.,2009
56,The Time Traveler's Wife,"$63,414,846",4272.84,90683229.78,Warner Bros.,2009
57,Brüno,"$60,054,530",3945.37,85877977.89999999,Universal Pictures,2009
58,Bride Wars,"$58,715,510",4616.04,83963179.3,Twentieth Century Fox,2009
59,The Haunting in Connecticut,"$55,389,516",3906.7599999999998,79207007.88,Lions Gate Films,2009
60,Ghosts of Girlfriends Past,"$55,250,026",4540.25,79007537.17999999,Warner Bros.,2009
61,Bedtime Stories,"$53,401,063",5268.12,157445824.25,Walt Disney Studios Motion Pictures,2009
62,Funny People,"$51,855,045",4301.44,74152714.35,Universal Pictures,2009
63,I Can Do Bad All by Myself,"$51,733,921",3224.6499999999996,73979507.03,Lions Gate Films,2009
64,My Bloody Valentine,"$51,545,952",3623.62,73710711.36,Lions Gate Films,2009
65,Land of the Lost,"$49,438,370",5053.62,70696869.1,Universal Pictures,2009
66,My Sister's Keeper,"$49,200,230",3726.58,70356328.89999999,Warner Bros.,2009
67,Old Dogs,"$46,528,573",4897.75,70773645.8,Walt Disney Studios Motion Pictures,2009
68,Underworld: Rise of the Lycans,"$45,802,315",4207.0599999999995,65497310.449999996,Screen Gems,2009
69,Confessions of a Shopaholic,"$44,277,350",3623.62,63316610.5,Walt Disney Studios Motion Pictures,2009
70,Year One,"$43,337,279",4324.32,61972308.97,Sony Pictures Entertainment (SPE),2009
71,The Unborn,"$42,670,410",3373.37,61018686.3,Universal Pictures,2009
72,Precious,"$42,567,989",1434.29,68020129.32,Lions Gate Films,2009
73,Valkyrie,"$42,175,975",4058.3399999999997,118801301.19,United Artists,2009
74,Drag Me to Hell,"$42,100,625",3589.2999999999997,60203893.75,Universal Pictures,2009
75,Orphan,"$41,596,251",3932.5,59482638.93,Warner Bros.,2009
76,Duplicity,"$40,572,825",3687.97,58019139.75,Universal Pictures,2009
77,It's Complicated,"$40,375,875",4225.65,161211586.25,Universal Pictures,2009
78,Planet 51,"$39,410,558",4340.05,60337505.8,Sony Pictures Entertainment (SPE),2009
79,Surrogates,"$38,577,772",4278.5599999999995,55166213.96,Walt Disney Studios Motion Pictures,2009
80,Yes Man,"$37,661,286",4910.62,139698095.68,Warner Bros.,2009
81,Ninja Assassin,"$37,303,465",3579.29,54515722.69,Warner Bros.,2009
82,State of Play,"$37,017,955",4014.0099999999998,52935675.65,Universal Pictures,2009
83,Notorious,"$36,843,682",2346.63,52686465.26,Unkwon,2009
84,The Pink Panther 2,"$35,922,978",4640.349999999999,51369858.54,Sony Pictures Entertainment (SPE),2009
85,All About Steve,"$33,862,903",3238.95,48423951.29,Twentieth Century Fox,2009
86,Up in the Air,"$33,655,213",3171.74,119867434.83,Paramount Pictures,2009
87,Halloween II,"$33,392,973",4415.84,47751951.39,Unkwon,2009
88,The Informant!,"$33,316,821",3582.1499999999996,47643054.03,Warner Bros.,2009
89,The Last House on the Left,"$32,752,215",3434.8599999999997,46835667.449999996,Universal Pictures,2009
90,The Reader,"$32,519,680",1720.29,48898002.01,The Weinstein Company,2009
91,500 Days of Summer,"$32,391,374",1498.6399999999999,46319664.82,Unkwon,2009
92,Earth,"$32,011,576",2579.72,45776553.68,Walt Disney Studios Motion Pictures,2009
93,The Men Who Stare at Goats,"$31,976,937",3507.79,46372318.85,Overture Films,2009
94,Push,"$31,811,527",3307.5899999999997,45490483.61,Summit Entertainment,2009
95,9,"$31,749,894",2945.7999999999997,45402348.419999994,Focus Features,2009
96,The Soloist,"$31,720,158",2988.7,45359825.94,DreamWorks,2009
97,Toy Story2009 Re-release,"$30,702,446",2505.3599999999997,43904497.78,Walt Disney Studios Motion Pictures,2009
98,The Stepfather,"$29,062,561",3909.62,41559462.23,Screen Gems,2009
99,Defiance,"$28,619,576",2563.99,40962082.589999996,Paramount Vantage,2009
100,The Uninvited,"$28,596,818",3351.92,40893449.739999995,DreamWorks,2009
101,Saw VI,"$27,693,292",4341.48,39601407.559999995,Lions Gate Films,2009
102,Invictus,"$26,677,133",3103.1,53612650.519999996,Warner Bros.,2009
103,Brothers,"$26,222,779",2985.8399999999997,40818144.51,Lions Gate Films,2009
104,Dance Flick,"$25,662,155",3516.37,36696881.65,Paramount Pictures,2009
105,The International,"$25,450,527",3380.52,36394253.61,Sony Pictures Entertainment (SPE),2009
106,The Fourth Kind,"$25,396,720",3617.8999999999996,36445037.199999996,Universal Pictures,2009
107,Aliens in the Attic,"$25,200,412",4444.44,36036589.16,Twentieth Century Fox,2009
108,The Wrestler,"$25,068,864",1109.68,37520687.49,Unkwon,2009
109,Seven Pounds,"$24,012,839",3943.94,100031108.32,Sony Pictures Entertainment (SPE),2009
110,Observe and Report,"$24,007,324",3899.6099999999997,34330473.32,Warner Bros.,2009
111,Fighting,"$23,091,010",3306.16,33020144.299999997,Universal Pictures,2009
112,Love Happens,"$22,965,110",2748.46,32840107.299999997,Universal Pictures,2009
113,Revolutionary Road,"$22,598,011",1540.11,32763416.4,Paramount Vantage,2009
114,Fame,"$22,455,510",4480.19,32111379.299999997,Metro-Goldwyn-Mayer (MGM),2009
115,Twilight,"$22,096,878",5218.07,275660891.21999997,Summit Entertainment,2009
116,Doubt,"$21,635,715",1840.4099999999999,47828452.1,Miramax,2009
117,Shorts,"$20,919,166",4440.15,29914407.38,Warner Bros.,2009
118,Gamer,"$20,534,907",3577.8599999999997,29364917.009999998,Lions Gate Films,2009
119,Did You Hear About the Morgans?,"$20,380,046",3886.74,42299524.41,Sony Pictures Entertainment (SPE),2009
120,Astro Boy,"$19,377,871",4318.599999999999,27958025.81,Summit Entertainment,2009
121,Under the Sea 3D,"$19,352,570",154.44,51855984.18,Warner Bros.,2009
122,Jonas Brothers: The 3D Concert Experience,"$19,162,740",1824.6799999999998,27402718.2,Walt Disney Studios Motion Pictures,2009
123,Fantastic Mr. Fox,"$18,644,556",3294.72,30034174.169999998,Twentieth Century Fox,2009
124,The Invention of Lying,"$18,451,251",2492.49,26385288.93,Warner Bros.,2009
125,Inkheart,"$17,303,424",3796.6499999999996,24743896.32,Warner Bros.,2009
126,Milk,"$17,246,974",1261.26,45533057.57,Focus Features,2009
127,Fired Up!,"$17,231,291",2589.73,24640746.13,Screen Gems,2009
128,The Tale of Despereaux,"$16,857,755",4443.01,72754317.35,Universal Pictures,2009
129,New in Town,"$16,734,283",2775.6299999999997,23930024.689999998,Lions Gate Films,2009
130,Jennifer's Body,"$16,204,793",3915.3399999999997,23172853.99,Twentieth Century Fox,2009
131,Imagine That,"$16,123,323",4305.73,23056351.89,Paramount Pictures,2009
132,Adventureland,"$16,044,025",2682.68,22942955.75,Miramax,2009
133,A Perfect Getaway,"$15,515,460",3087.37,22187107.8,Universal Pictures,2009
134,Armored,"$15,498,240",2744.17,22864092.68,Screen Gems,2009
135,"The Goods: Live Hard, Sell Hard","$15,122,676",2644.0699999999997,21625426.68,Paramount Vantage,2009
136,Ponyo,"$15,090,399",1325.61,21579270.57,Walt Disney Studios Motion Pictures,2009
137,The Box,"$15,025,279",3768.0499999999997,21524327.11,Warner Bros.,2009
138,"I Love You, Beth Cooper","$14,800,725",2676.96,21165036.75,Twentieth Century Fox,2009
139,Last Chance Harvey,"$14,681,035",1584.4399999999998,21291330.06,Overture Films,2009
140,Capitalism: A Love Story,"$14,363,397",1422.85,20539657.71,Overture Films,2009
141,Frost/Nixon,"$14,252,811",1580.1499999999999,26629504.33,Universal Pictures,2009
142,Amelia,"$14,207,978",1530.1,20372477.84,Unkwon,2009
143,Cirque du Freak: The Vampire's Assistant,"$13,869,515",3938.22,19833406.45,Universal Pictures,2009
144,Crank: High Voltage,"$13,684,249",3178.89,19568476.07,Lions Gate Films,2009
145,Whip It,"$13,043,363",2485.3399999999997,18652009.09,Unkwon,2009
146,The Hurt Locker,"$12,671,105",765.05,24335469.73,Summit Entertainment,2009
147,12 Rounds,"$12,234,694",3333.33,17495612.419999998,Twentieth Century Fox,2009
148,The Day the Earth Stood Still,"$12,080,133",5090.8,113494778.53999999,Twentieth Century Fox,2009
149,Sunshine Cleaning,"$12,062,558",918.06,17249457.939999998,Overture Films,2009
150,Sorority Row,"$11,965,282",3810.95,17110353.259999998,Summit Entertainment,2009
151,Extract,"$10,823,158",2308.02,15477115.94,Miramax,2009
152,Not Easily Broken,"$10,572,742",1036.75,15119021.059999999,Screen Gems,2009
153,Pandorum,"$10,330,853",3583.58,14773119.79,Overture Films,2009
154,Whiteout,"$10,274,617",3925.35,14694162.34,Warner Bros.,2009
155,Next Day Air,"$10,027,047",1628.77,14338677.209999999,Summit Entertainment,2009
156,Nine,"$9,844,753",2019.1599999999999,28138059.95,The Weinstein Company,2009
157,The Boondock Saints II: All Saints Day,"$9,839,784",749.3199999999999,14690658.84,Apparition,2009
158,Away We Go,"$9,451,946",723.5799999999999,13516282.78,Focus Features,2009
159,Dragonball Evolution,"$9,362,785",3118.83,13388782.549999999,Twentieth Century Fox,2009
160,Everybody's Fine,"$9,208,876",3061.6299999999997,13168692.68,Miramax,2009
161,A Serious Man,"$9,098,436",374.65999999999997,13197138.24,Focus Features,2009
162,Street Fighter: The Legend of Chun-Li,"$8,742,261",1664.52,12501433.229999999,Twentieth Century Fox,2009
163,Bolt,"$8,673,100",5225.219999999999,163096617.97,Walt Disney Studios Motion Pictures,2009
164,My Life in Ruins,"$8,665,206",1665.9499999999998,12391244.58,Unkwon,2009
165,The Boat That Rocked,"$7,949,556",1262.69,11465621.309999999,Focus Features,2009
166,The Collector,"$7,712,114",1894.75,11028323.02,Freestyle Releasing,2009
167,An Education,"$7,611,690",1091.09,17982127.02,Sony Pictures Classics,2009
168,Taking Woodstock,"$7,460,204",1994.85,10668091.719999999,Focus Features,2009
169,The Spirit,"$6,738,782",3587.87,28322848.84,Lions Gate Films,2009
170,Post Grad,"$6,380,019",2801.37,9123427.17,Twentieth Century Fox,2009
171,The Road,"$6,315,678",566.28,11607310.0,Unkwon,2009
172,Four Christmases,"$6,009,738",5062.2,171808837.2,Warner Bros.,2009
173,Coco Before Chanel,"$5,977,223",439.01,8742782.62,Sony Pictures Classics,2009
174,Whatever Works,"$5,306,706",504.78999999999996,7588589.58,Sony Pictures Classics,2009
175,Bandslam,"$5,210,988",3033.0299999999997,7451712.84,Summit Entertainment,2009
176,Moon,"$5,010,163",360.35999999999996,7164533.09,Sony Pictures Classics,2009
177,Miss March,"$4,543,320",2491.06,6496947.6,Unkwon,2009
178,Magnificent Desolation: Walking on the Moon,"$4,468,568",117.25999999999999,48816659.32,IMAX,2009
179,Bright Star,"$4,444,637",543.4,6355830.91,Apparition,2009
180,Australia,"$4,418,394",3891.0299999999997,70862222.86,Twentieth Century Fox,2009
181,"Food, Inc.","$4,417,674",221.64999999999998,6317273.819999999,Magnolia Pictures,2009
182,Madagascar: Escape 2 Africa,"$4,323,016",5812.95,257415658.5,DreamWorks,2009
183,Good Hair,"$4,144,599",666.38,5944828.89,Roadside Attractions,2009
184,The September Issue,"$3,815,372",204.48999999999998,5462695.81,Roadside Attractions,2009
185,The Class,"$3,607,666",180.17999999999998,5386538.3,Sony Pictures Classics,2009
186,The Brothers Bloom,"$3,531,756",298.87,5050411.08,Summit Entertainment,2009
187,Space Station 3D,"$3,273,055",91.52,133539052.78999999,IMAX,2009
188,3 Idiots,"$3,264,664",223.07999999999998,9342009.82,Reliance Big Pictures,2009
189,Two Lovers,"$3,149,034",211.64,4503118.62,Magnolia Pictures,2009
190,Quantum of Solace,"$3,109,625",5006.429999999999,240766850.60999998,Sony Pictures Entertainment (SPE),2009
191,Chéri,"$2,715,657",273.13,3883389.51,Miramax,2009
192,Rachel Getting Married,"$2,692,542",559.13,18299482.63,Sony Pictures Classics,2009
193,Easy Virtue,"$2,656,784",364.65,3799201.1199999996,Sony Pictures Classics,2009
194,Sin Nombre,"$2,536,665",124.41,3627430.9499999997,Focus Features,2009
195,My One and Only,"$2,479,538",366.08,3545739.34,Freestyle Releasing,2009
196,Love Aaj Kal,"$2,430,083",145.85999999999999,3475018.69,Eros Worldwide,2009
197,The Dark Knight,"$2,420,432",6243.38,762683861.9399999,Warner Bros.,2009
198,In the Loop,"$2,388,804",131.56,3415989.7199999997,IFC Films,2009
199,Sea Monsters: A Prehistoric Adventure,"$2,372,748",360.35999999999996,33956874.379999995,National Geographic Entertainment,2009
200,Adam,"$2,277,396",253.10999999999999,3256676.28,Unkwon,2009
