Rank,Movies,gross,theater sale,total gross,distributor,Year
1,Jurassic World,"$652,270,625",5578.3,847951812.5,Universal Pictures,2015
2,Star Wars: Episode VII - The Force Awakens,"$651,967,269",5374.2,1217660892.5,Walt Disney Studios Motion Pictures,2015
3,Avengers: Age of Ultron,"$459,005,868",5558.8,596707628.4,Walt Disney Studios Motion Pictures,2015
4,Inside Out,"$356,461,711",5405.400000000001,463400224.3,Walt Disney Studios Motion Pictures,2015
5,Furious 7,"$353,007,020",5228.6,458909126.0,Universal Pictures,2015
6,American Sniper,"$348,797,073",5050.5,455164283.6,Warner Bros.,2015
7,Minions,"$336,045,770",5604.3,436859501.0,Universal Pictures,2015
8,The Hunger Games: Mockingjay - Part 2,"$269,569,121",5427.5,366241072.6,Lions Gate Films,2015
9,The Martian,"$225,345,353",5010.2,296963761.90000004,Twentieth Century Fox,2015
10,Cinderella,"$201,151,353",5002.400000000001,261496758.9,Walt Disney Studios Motion Pictures,2015
11,Spectre,"$197,102,585",5107.7,260096991.70000002,Sony Pictures Entertainment (SPE),2015
12,Mission: Impossible - Rogue Nation,"$195,042,377",5184.400000000001,253555090.1,Paramount Pictures,2015
13,Pitch Perfect 2,"$183,785,415",4758.0,239585099.0,Universal Pictures,2015
14,Ant-Man,"$180,202,163",5028.400000000001,234262811.9,Walt Disney Studios Motion Pictures,2015
15,Home,"$177,397,510",4941.3,230616763.0,Twentieth Century Fox,2015
16,Hotel Transylvania 2,"$168,471,018",4898.400000000001,220610143.0,Sony Pictures Entertainment (SPE),2015
17,Fifty Shades of Grey,"$166,167,230",4751.5,216017399.0,Universal Pictures,2015
18,The SpongeBob Movie: Sponge Out of Water,"$162,994,032",4784.0,211892241.6,Paramount Pictures,2015
19,Straight Outta Compton,"$161,197,785",4084.6000000000004,209557120.5,Universal Pictures,2015
20,San Andreas,"$155,190,832",4955.6,201748081.6,Warner Bros.,2015
21,Mad Max: Fury Road,"$153,636,354",4838.6,199727260.20000002,Warner Bros.,2015
22,The Divergent Series: Insurgent,"$130,179,072",5037.5,169232793.6,Lions Gate Films,2015
23,Kingsman: The Secret Service,"$128,261,724",4266.6,166740241.20000002,Twentieth Century Fox,2015
24,The Peanuts Movie,"$128,235,584",5072.6,169231934.3,Twentieth Century Fox,2015
25,Spy,"$110,825,712",4829.5,144073425.6,Twentieth Century Fox,2015
26,The Good Dinosaur,"$110,716,470",4873.7,160013256.0,Walt Disney Studios Motion Pictures,2015
27,Trainwreck,"$110,212,700",4122.3,143276510.0,Universal Pictures,2015
28,Creed,"$99,385,165",4552.6,142697855.3,Warner Bros.,2015
29,Tomorrowland,"$93,436,322",5163.6,121467218.60000001,Walt Disney Studios Motion Pictures,2015
30,Get Hard,"$90,411,453",4175.6,117534888.9,Warner Bros.,2015
31,Terminator Genisys,"$89,760,956",4917.900000000001,116689242.8,Paramount Pictures,2015
32,Taken 3,"$89,256,424",4672.2,116033351.2,Twentieth Century Fox,2015
33,Maze Runner: The Scorch Trials,"$81,630,702",4929.6,106206349.60000001,Twentieth Century Fox,2015
34,Ted 2,"$81,476,385",4482.400000000001,105919300.5,Universal Pictures,2015
35,Goosebumps,"$79,132,868",4703.400000000001,104104492.7,Sony Pictures Entertainment (SPE),2015
36,Pixels,"$78,747,585",4839.900000000001,102371860.5,Sony Pictures Entertainment (SPE),2015
37,Paddington,"$76,271,832",4361.5,99153381.60000001,Unkwon,2015
38,The Intern,"$75,574,886",4316.0,98494073.60000001,Warner Bros.,2015
39,The Imitation Game,"$71,189,164",3122.6,118463387.9,The Weinstein Company,2015
40,Paul Blart: Mall Cop 2,"$71,038,190",4722.900000000001,92349647.0,Sony Pictures Entertainment (SPE),2015
41,Bridge of Spies,"$70,447,776",3734.9,94007880.2,Walt Disney Studios Motion Pictures,2015
42,War Room,"$67,790,117",2528.5,88127152.10000001,TriStar Pictures,2015
43,Magic Mike XXL,"$66,013,057",4388.8,85816974.10000001,Warner Bros.,2015
44,The Hobbit: The Battle of the Five Armies,"$65,570,462",5037.5,331655724.40000004,Warner Bros.,2015
45,The Visit,"$65,206,105",4092.4,84767936.5,Universal Pictures,2015
46,Daddy's Home,"$64,684,278",4527.900000000001,195464278.1,Paramount Pictures,2015
47,The Wedding Ringer,"$64,460,211",3903.9,83798274.3,Screen Gems,2015
48,Into the Woods,"$63,940,268",3682.9,166403083.6,Walt Disney Studios Motion Pictures,2015
49,Black Mass,"$62,575,678",4144.400000000001,81348381.4,Warner Bros.,2015
50,Vacation,"$58,884,188",4459.0,76549444.4,Warner Bros.,2015
51,The Perfect Guy,"$57,027,435",2899.0,74135665.5,Screen Gems,2015
52,Fantastic Four,"$56,117,548",5205.2,72952812.4,Twentieth Century Fox,2015
53,Alvin and the Chipmunks: The Road Chip,"$55,575,427",4816.5,111653083.10000001,Twentieth Century Fox,2015
54,Focus,"$53,862,963",4319.900000000001,70021851.9,Warner Bros.,2015
55,Unbroken,"$53,109,285",4291.3,150329263.5,Universal Pictures,2015
56,Southpaw,"$52,421,953",3603.6,68148538.9,The Weinstein Company,2015
57,Insidious: Chapter 3,"$52,218,558",3918.2000000000003,67884125.4,Focus Features,2015
58,Selma,"$50,872,921",2905.5,67699980.4,Paramount Pictures,2015
59,Sisters,"$49,123,380",3871.4,113158038.5,Universal Pictures,2015
60,Poltergeist,"$47,425,125",4214.6,61652662.5,Twentieth Century Fox,2015
61,Jupiter Ascending,"$47,387,723",4135.3,61604039.9,Warner Bros.,2015
62,Sicario,"$46,770,373",3406.0,60956080.9,Lions Gate Films,2015
63,The Man from U.N.C.L.E.,"$45,445,109",4774.900000000001,59078641.7,Warner Bros.,2015
64,"McFarland, USA","$44,482,410",3629.6,57827133.0,Walt Disney Studios Motion Pictures,2015
65,Night at the Museum: Secret of the Tomb,"$44,392,039",5088.2,147870607.3,Twentieth Century Fox,2015
66,The Gift,"$43,787,265",3253.9,56923444.5,STX Entertainment,2015
67,Everest,"$43,482,270",3911.7000000000003,56526951.0,Universal Pictures,2015
68,The Night Before,"$42,884,826",3848.0,55961583.6,Sony Pictures Entertainment (SPE),2015
69,Max,"$42,656,255",3731.0,55453131.5,Warner Bros.,2015
70,The Age of Adaline,"$42,629,776",3991.0,55418708.800000004,Lions Gate Films,2015
71,Krampus,"$41,465,710",3794.7000000000003,55543117.5,Universal Pictures,2015
72,The Longest Ride,"$37,446,117",4382.3,48679952.1,Twentieth Century Fox,2015
73,The Boy Next Door,"$35,423,380",3399.5,46050394.0,Universal Pictures,2015
74,Pan,"$35,057,457",4569.5,45614816.0,Warner Bros.,2015
75,Hot Pursuit,"$34,580,201",3948.1,44954261.300000004,Warner Bros.,2015
76,The DUFF,"$34,030,343",3408.6,44239445.9,Lions Gate Films,2015
77,Woman in Gold,"$33,307,793",2614.3,43300130.9,The Weinstein Company,2015
78,The Second Best Exotic Marigold Hotel,"$33,078,266",2628.6,43001745.800000004,Unkwon,2015
79,Unfriended,"$32,482,090",3607.5,42226717.0,Universal Pictures,2015
80,Entourage,"$32,363,404",4040.4,42072425.2,Warner Bros.,2015
81,Paper Towns,"$32,000,304",3940.3,41600395.2,Twentieth Century Fox,2015
82,Chappie,"$31,569,268",4161.3,41040048.4,Sony Pictures Entertainment (SPE),2015
83,Crimson Peak,"$31,090,320",3888.3,40417416.0,Universal Pictures,2015
84,A Walk in the Woods,"$29,474,282",2805.4,38355565.300000004,Broad Green Pictures,2015
85,Annie,"$28,959,342",4156.1,111684640.60000001,Sony Pictures Entertainment (SPE),2015
86,Joy,"$28,310,094",3801.2000000000003,73386601.60000001,Twentieth Century Fox,2015
87,Sinister 2,"$27,740,955",3638.7000000000003,36063241.5,Focus Features,2015
88,The Last Witch Hunter,"$27,367,660",4006.6000000000004,35577958.0,Lions Gate Films,2015
89,No Escape,"$27,288,872",4439.5,35475533.6,The Weinstein Company,2015
90,Ricki and the Flash,"$26,822,144",2683.2000000000003,34868787.2,TriStar Pictures,2015
91,The Woman in Black 2: Angel of Death,"$26,501,323",3382.6,34451719.9,Relativity Media,2015
92,Run All Night,"$26,461,644",4122.3,34400137.2,Warner Bros.,2015
93,Love the Coopers,"$26,054,993",3383.9,34193550.300000004,Lions Gate Films,2015
94,Spotlight,"$25,923,879",1595.1000000000001,58572508.800000004,Open Road Films (II),2015
95,The Lazarus Effect,"$25,801,570",3465.8,33542041.0,Relativity Media,2015
96,Ex Machina,"$25,437,558",2605.2000000000003,33075845.400000002,A24,2015
97,The Big Short,"$23,995,178",3287.7000000000003,91337831.0,Paramount Pictures,2015
98,The Hunger Games: Mockingjay - Part 1,"$23,852,971",5396.3,438276650.5,Lions Gate Films,2015
99,In the Heart of the Sea,"$23,063,385",4033.9,32526985.400000002,Warner Bros.,2015
100,The Gallows,"$22,764,410",3536.0,29593733.0,Warner Bros.,2015
101,Hitman: Agent 47,"$22,467,450",4254.900000000001,29207685.0,Twentieth Century Fox,2015
102,Project Almanac,"$22,348,241",3770.0,29052713.3,Paramount Pictures,2015
103,Black or White,"$21,571,189",2369.9,28042545.7,Relativity Media,2015
104,Aloha,"$21,067,116",3659.5,27387250.8,Sony Pictures Entertainment (SPE),2015
105,Secret in Their Eyes,"$20,070,622",3109.6,26234201.5,STX Entertainment,2015
106,Brooklyn,"$19,563,995",1250.6000000000001,49819565.9,Unkwon,2015
107,Shaun the Sheep Movie,"$19,375,982",3068.0,25188776.6,Lions Gate Films,2015
108,Still Alice,"$18,763,541",1713.4,24380682.3,Sony Pictures Classics,2015
109,Paranormal Activity: The Ghost Dimension,"$18,300,124",2152.8,23790161.2,Paramount Pictures,2015
110,Wild,"$18,137,709",1769.3,49244462.800000004,Unkwon,2015
111,Birdman or (The Unexpected Virtue of Ignorance),"$18,067,553",1576.9,55042777.4,Unkwon,2015
112,Big Hero 6,"$17,951,174",4904.900000000001,289286176.40000004,Walt Disney Studios Motion Pictures,2015
113,Steve Jobs,"$17,766,658",3240.9,23096655.400000002,Universal Pictures,2015
114,Mr. Holmes,"$17,737,646",1167.4,23058939.8,Roadside Attractions,2015
115,Dope,"$17,506,470",2602.6,22758411.0,Open Road Films (II),2015
116,Concussion,"$17,420,369",3693.3,44905216.2,Sony Pictures Entertainment (SPE),2015
117,Seventh Son,"$17,223,265",3737.5,22390244.5,Universal Pictures,2015
118,Monkey Kingdom,"$16,432,322",2615.6,21362018.6,Walt Disney Studios Motion Pictures,2015
119,The Transporter Refueled,"$16,029,670",4464.2,20838571.0,EuropaCorp,2015
120,Point Break,"$15,584,535",3783.0,37417225.300000004,Warner Bros.,2015
121,The Gambler,"$14,800,136",3242.2000000000003,43785289.6,Paramount Pictures,2015
122,It Follows,"$14,674,076",2151.5,19076298.8,RADiUS-TWC,2015
123,American Ultra,"$14,440,985",3611.4,18773280.5,Lions Gate Films,2015
124,Woodlawn,"$14,374,957",2018.9,18712326.1,Pure Flix Entertainment,2015
125,Burnt,"$13,594,751",3903.9,17747529.8,The Weinstein Company,2015
126,The Hateful Eight,"$13,339,210",3819.4,70352640.8,The Weinstein Company,2015
127,Do You Believe?,"$12,985,600",1762.8,16881280.0,Pure Flix Entertainment,2015
128,The Theory of Everything,"$12,659,737",1586.0,46661598.1,Focus Features,2015
129,Love & Mercy,"$12,551,031",1028.3,16316340.3,Roadside Attractions,2015
130,Strange Magic,"$12,429,583",3926.0,16158457.9,Walt Disney Studios Motion Pictures,2015
131,Hot Tub Time Machine 2,"$12,314,651",3771.3,16009046.3,Paramount Pictures,2015
132,Self/less,"$12,279,691",3058.9,15963598.3,Focus Features,2015
133,Far from the Madding Crowd,"$12,236,500",1172.6000000000001,15907450.0,Unkwon,2015
134,The 33,"$12,049,242",3187.6,15896038.6,Warner Bros.,2015
135,The Gunman,"$10,664,749",3660.8,13864173.700000001,Open Road Films (II),2015
136,Unfinished Business,"$10,219,501",3610.1,13285351.3,Twentieth Century Fox,2015
137,The Walk,"$10,137,502",3261.7000000000003,13178752.6,TriStar Pictures,2015
138,Penguins of Madagascar,"$9,822,689",4907.5,109006184.3,Twentieth Century Fox,2015
139,Exodus: Gods and Kings,"$9,287,173",4553.900000000001,84518866.9,Twentieth Century Fox,2015
140,Huevos: Little Rooster's Egg-cellent Adventure,"$9,080,818",800.8000000000001,11805063.4,Lions Gate Films,2015
141,Interstellar,"$8,632,122",4629.3,244426022.1,Paramount Pictures,2015
142,Amy,"$8,399,911",565.5,10937087.200000001,A24,2015
143,Big Eyes,"$8,154,353",1830.4,18826640.3,The Weinstein Company,2015
144,"Dragon Ball Z: Resurrection ""F""","$8,008,363",1186.9,10410871.9,FUNimation Entertainment,2015
145,Blackhat,"$8,005,980",3338.4,10407774.0,Universal Pictures,2015
146,Bajrangi Bhaijaan,"$7,914,436",334.1,10631401.3,Eros Worldwide,2015
147,Mortdecai,"$7,696,134",3442.4,10004974.200000001,Lions Gate Films,2015
148,While We're Young,"$7,587,485",990.6,9863730.5,A24,2015
149,Whiplash,"$7,460,167",737.1,17019600.0,Sony Pictures Classics,2015
150,I'll See You in My Dreams,"$7,449,681",377.0,9684585.3,Bleecker Street Media,2015
151,The Green Inferno,"$7,192,291",2005.9,9349978.3,BH Tilt,2015
152,Our Brand Is Crisis,"$7,002,261",2862.6,9102939.3,Warner Bros.,2015
153,Inherent Vice,"$6,994,056",848.9,10544267.5,Warner Bros.,2015
154,Grandma,"$6,923,276",1379.3,9074681.200000001,Sony Pictures Classics,2015
155,Trumbo,"$6,842,949",858.0,10215063.3,Bleecker Street Media,2015
156,Me and Earl and the Dying Girl,"$6,758,416",1131.0,8785940.8,Unkwon,2015
157,Little Boy,"$6,485,961",1358.5,8431749.3,Open Road Films (II),2015
158,The Loft,"$6,002,684",2393.3,7803489.2,Open Road Films (II),2015
159,Victor Frankenstein,"$5,775,076",3636.1,7507598.8,Twentieth Century Fox,2015
160,A Most Violent Year,"$5,652,055",1063.4,7473874.2,A24,2015
161,Danny Collins,"$5,637,066",960.7,7328185.8,Bleecker Street Media,2015
162,Foxcatcher,"$5,319,163",986.7,15725190.0,Sony Pictures Classics,2015
163,Bajirao Mastani,"$5,070,014",395.2,8524161.1,Eros Worldwide,2015
164,Room,"$4,860,753",1120.6000000000001,19080950.2,A24,2015
165,90 Minutes in Heaven,"$4,842,699",1168.7,6295508.7,The Samuel Goldwyn Company,2015
166,True Story,"$4,719,695",1112.8,6135603.5,Unkwon,2015
167,Suffragette,"$4,657,235",672.1,6113146.0,Focus Features,2015
168,Top Five,"$4,609,863",1853.8,32912712.3,Paramount Pictures,2015
169,Baahubali: The Beginning,"$4,518,000",306.8,8759400.0,Blue Sky Cinema,2015
170,The Danish Girl,"$4,506,440",1032.2,14448223.4,Focus Features,2015
171,Hubble,"$4,449,681",196.3,68279775.2,Warner Bros.,2015
172,Dilwale,"$4,394,522",348.40000000000003,6332641.9,UTV Motion Pictures,2015
173,Prem Ratan Dhan Payo,"$4,364,639",373.1,5674030.7,FIP,2015
174,The Water Diviner,"$4,196,641",500.5,5455633.3,Warner Bros.,2015
175,Irrational Man,"$4,030,360",1202.5,5239468.0,Sony Pictures Classics,2015
176,Carol,"$3,801,134",1027.0,16524938.3,The Weinstein Company,2015
177,Scouts Guide to the Zombie Apocalypse,"$3,703,046",1961.7,4813959.8,Paramount Pictures,2015
178,A la mala,"$3,629,842",499.20000000000005,4718794.600000001,Lions Gate Films,2015
179,Spare Parts,"$3,618,912",572.0,4704585.600000001,Lions Gate Films,2015
180,We Are Your Friends,"$3,591,417",3032.9,4668842.100000001,Warner Bros.,2015
181,What We Do in the Shadows,"$3,469,224",200.20000000000002,4509991.2,Unkwon,2015
182,Learning to Drive,"$3,447,633",440.7,4481922.9,Broad Green Pictures,2015
183,Mr. Turner,"$3,296,974",156.0,5146050.0,Sony Pictures Classics,2015
184,Phoenix,"$3,184,472",256.1,4139813.6,IFC Films,2015
185,Dil Dhadakne Do,"$3,066,100",309.40000000000003,3985930.0,Eros Worldwide,2015
186,Ladrones,"$3,063,505",487.5,3982556.5,Lions Gate Films,2015
187,Tanu Weds Manu Returns,"$3,043,479",176.8,3956522.7,Eros Worldwide,2015
188,Rock the Kasbah,"$3,020,664",2615.6,3926863.2,Open Road Films (II),2015
189,The End of the Tour,"$3,002,884",461.5,3903749.2,A24,2015
190,Wild Tales,"$2,962,621",158.6,4038489.0,Sony Pictures Classics,2015
191,Horrible Bosses 2,"$2,699,932",4420.0,70778964.10000001,Warner Bros.,2015
192,He Named Me Malala,"$2,668,936",620.1,3469616.8000000003,Unkwon,2015
193,Captive,"$2,583,301",1049.1000000000001,3358291.3000000003,Paramount Pictures,2015
194,Chi-Raq,"$2,570,882",396.5,3448941.6,Roadside Attractions,2015
195,The Interview,"$2,552,397",755.3000000000001,7936727.5,Sony Pictures Entertainment (SPE),2015
196,Truth,"$2,515,179",1458.6000000000001,3304410.2,Sony Pictures Classics,2015
197,Mistress America,"$2,500,431",665.6,3250560.3000000003,Unkwon,2015
198,Pawn Sacrifice,"$2,436,633",1015.3000000000001,3167622.9,Bleecker Street Media,2015
199,The Oscar Nominated Short Films 2015: Live Action,"$2,412,593",364.0,3136370.9,Shorts International,2015
200,Meru,"$2,334,228",228.8,3034496.4,Music Box Films,2015
