Rank,Movies,gross,theater sale,total gross,distributor,Year
1,Spider-Man: No Way Home,"$572,984,769",4336,917464563.78,Sony Pictures Entertainment (SPE),2021
2,Shang-Chi and the Legend of the Ten Rings,"$224,543,292",4300,255979352.87999997,Walt Disney Studios Motion Pictures,2021
3,Venom: Let There Be Carnage,"$212,609,036",4225,243447417.23999998,Sony Pictures Entertainment (SPE),2021
4,Black Widow,"$183,651,655",4275,209362886.7,Walt Disney Studios Motion Pictures,2021
5,F9: The Fast Saga,"$173,005,945",4203,197226777.29999998,Universal Pictures,2021
6,Eternals,"$164,616,321",4090,187952066.76,Walt Disney Studios Motion Pictures,2021
7,No Time to Die,"$160,772,007",4407,183415747.98,Metro-Goldwyn-Mayer (MGM),2021
8,A Quiet Place Part II,"$160,072,261",3744,182482377.54,Paramount Pictures,2021
9,Ghostbusters: Afterlife,"$122,378,960",4315,147471055.5,Sony Pictures Entertainment (SPE),2021
10,Free Guy,"$121,626,598",4165,138654321.72,20th Century Studios,2021
11,Jungle Cruise,"$116,987,516",4310,133365768.24,Walt Disney Studios Motion Pictures,2021
12,Godzilla vs. Kong,"$99,597,705",3084,115044347.16,Warner Bros.,2021
13,Dune,"$93,404,911",4125,123493726.19999999,Warner Bros.,2021
14,Halloween Kills,"$92,002,155",3727,104882456.69999999,Universal Pictures,2021
15,Encanto,"$90,628,329",3980,109546729.07999998,Walt Disney Studios Motion Pictures,2021
16,Cruella,"$86,103,234",3922,98157686.75999999,Walt Disney Studios Motion Pictures,2021
17,Sing 2,"$74,883,155",3892,185581728.6,Universal Pictures,2021
18,Space Jam: A New Legacy,"$67,559,184",4002,80475139.91999999,Warner Bros.,2021
19,The Conjuring: The Devil Made Me Do It,"$65,579,078",3280,74819397.0,Warner Bros.,2021
20,Candyman,"$61,186,570",3569,69752689.8,Universal Pictures,2021
21,The Boss Baby 2: Family Business,"$57,300,280",3688,65322319.199999996,Universal Pictures,2021
22,The Addams Family 2,"$56,489,153",4207,64397634.419999994,United Artists Releasing,2021
23,The Suicide Squad,"$55,812,663",4019,63631864.49999999,Warner Bros.,2021
24,Raya and the Last Dragon,"$54,723,032",2375,62384256.48,Walt Disney Studios Motion Pictures,2021
25,Demon Slayer: Kimetsu no Yaiba - The Movie: Mugen Train,"$49,505,008",2087,56435709.12,FUNimation Entertainment,2021
26,Clifford the Big Red Dog,"$48,947,356",3700,55799985.839999996,Paramount Pictures,2021
27,House of Gucci,"$48,417,498",3477,61342914.35999999,United Artists Releasing,2021
28,Old,"$48,242,510",3379,55035221.4,Universal Pictures,2021
29,Tom & Jerry,"$46,318,441",2563,53051823.17999999,Warner Bros.,2021
30,The Forever Purge,"$44,539,245",3058,50774739.3,Universal Pictures,2021
31,Peter Rabbit 2: The Runaway,"$40,501,717",3346,46171957.379999995,Sony Pictures Entertainment (SPE),2021
32,PAW Patrol: The Movie,"$40,127,371",3189,45745202.94,Paramount Pictures,2021
33,Hitman's Wife's Bodyguard,"$38,014,727",3361,43336788.779999994,Lions Gate Films,2021
34,Mortal Kombat,"$37,479,648",3114,48251675.339999996,Warner Bros.,2021
35,Don't Breathe 2,"$32,712,950",3005,37292763.0,Screen Gems,2021
36,In the Heights,"$29,914,684",3509,34171690.379999995,Warner Bros.,2021
37,Snake Eyes,"$28,264,325",3540,32221330.499999996,Paramount Pictures,2021
38,West Side Story,"$28,169,248",2820,43924567.08,20th Century Studios,2021
39,The Matrix Resurrections,"$28,134,634",3552,42962957.699999996,Warner Bros.,2021
40,Wrath of Man,"$27,466,489",3007,31311797.459999997,United Artists Releasing,2021
41,Nobody,"$27,268,035",2567,31427559.9,Universal Pictures,2021
42,The Croods: A New Age,"$26,234,535",2211,66768449.099999994,Universal Pictures,2021
43,Escape Room: Tournament of Champions,"$25,314,753",2815,28858818.419999998,Sony Pictures Entertainment (SPE),2021
44,Respect,"$24,278,399",3207,27677374.86,Metro-Goldwyn-Mayer (MGM),2021
45,Wonder Woman 1984,"$23,773,929",2218,53353181.04,Warner Bros.,2021
46,Spiral,"$23,216,862",2991,26467222.679999996,Lions Gate Films,2021
47,Ron's Gone Wrong,"$23,009,270",3560,26230567.799999997,20th Century Studios,2021
48,Spirit Untamed,"$17,635,215",3394,20196485.099999998,Universal Pictures,2021
49,The Green Knight,"$17,173,321",2798,19577585.939999998,A24,2021
50,Resident Evil: Welcome to Raccoon City,"$16,923,891",2803,19380697.68,Screen Gems,2021
51,The King's Man,"$16,258,724",3180,42381065.22,20th Century Studios,2021
52,The French Dispatch,"$15,976,770",1225,18381787.5,Searchlight Pictures,2021
53,The Marksman,"$15,566,093",2018,17745346.02,Open Road Films (II),2021
54,The Unholy,"$15,532,137",2057,17706636.18,Screen Gems,2021
55,The Little Things,"$15,340,534",2206,17490730.439999998,Warner Bros.,2021
56,Dear Evan Hansen,"$15,002,646",3364,17103016.439999998,Universal Pictures,2021
57,King Richard,"$14,721,229",3302,17247384.9,Warner Bros.,2021
58,Stillwater,"$14,465,535",2611,16490709.899999999,Focus Features,2021
59,Christmas with the Chosen: The Messengers,"$13,728,000",1700,15649919.999999998,Fathom Events,2021
60,Malignant,"$13,351,893",3501,15266641.739999998,Warner Bros.,2021
61,Chaos Walking,"$13,287,908",2132,15148215.12,Lions Gate Films,2021
62,My Hero Academia: World Heroes' Mission,"$12,271,658",1585,13989690.12,FUNimation Entertainment,2021
63,American Underdog,"$12,213,600",2813,30226887.959999997,Lions Gate Films,2021
64,The Last Duel,"$10,853,945",3065,12373497.299999999,20th Century Studios,2021
65,Antlers,"$10,619,670",2800,12106423.799999999,Searchlight Pictures,2021
66,Cry Macho,"$10,183,309",4022,11754236.76,Warner Bros.,2021
67,Monster Hunter,"$10,144,067",1817,17285215.799999997,Screen Gems,2021
68,Last Night in Soho,"$10,127,625",3016,11545492.499999998,Focus Features,2021
69,News of the World,"$8,951,155",1986,14441890.499999998,Universal Pictures,2021
70,The Many Saints of Newark,"$7,628,768",3181,9390639.42,Warner Bros.,2021
71,The Protégé,"$7,446,823",2577,8489378.219999999,Lions Gate Films,2021
72,The Night House,"$7,100,581",2240,8094662.339999999,Searchlight Pictures,2021
73,Spencer,"$7,086,632",1265,8078760.4799999995,Neon,2021
74,Belfast,"$6,885,925",1255,10545991.799999999,Focus Features,2021
75,Nightmare Alley,"$6,878,302",2145,12925441.979999999,Searchlight Pictures,2021
76,Those Who Wish Me Dead,"$6,853,610",3379,8444208.0,Warner Bros.,2021
77,The Courier,"$6,613,432",1641,7539312.4799999995,Roadside Attractions,2021
78,Judas and the Black Messiah,"$5,466,990",1906,6244930.26,Warner Bros.,2021
79,Licorice Pizza,"$5,444,149",1977,19742527.979999997,United Artists Releasing,2021
80,Promising Young Woman,"$5,252,785",1448,7365500.1,Focus Features,2021
81,Roadrunner: A Film About Anthony Bourdain,"$5,249,970",954,6104665.8,Focus Features,2021
82,Copshop,"$5,213,243",3005,5943097.02,Open Road Films (II),2021
83,Zola,"$4,844,399",1468,5522614.859999999,A24,2021
84,Separation,"$4,509,143",1911,5140423.02,Open Road Films (II),2021
85,Boogie,"$4,178,620",1272,4763626.8,Focus Features,2021
86,Fatale,"$3,918,764",1222,7189862.579999999,Lions Gate Films,2021
87,A Journal for Jordan,"$3,905,919",2500,7461498.359999999,Sony Pictures Entertainment (SPE),2021
88,Reminiscence,"$3,900,193",3265,4446220.02,Warner Bros.,2021
89,12 Mighty Orphans,"$3,689,952",1047,4206186.18,Sony Pictures Entertainment (SPE),2021
90,Sooryavanshi,"$3,547,776",491,4044464.6399999997,Reliance Entertainment,2021
91,Pig,"$3,186,668",588,3632801.5199999996,Neon,2021
92,The Girl Who Believes in Miracles,"$3,162,012",1012,3606232.6799999997,Atlas Distribution Company,2021
93,Voyagers,"$3,149,935",1996,3590925.9,Lions Gate Films,2021
94,Minari,"$3,110,580",912,3546061.1999999997,A24,2021
95,'83,"$3,024,933",486,4623452.399999999,Reliance Entertainment,2021
96,Dream Horse,"$2,913,328",1284,3321193.92,Bleecker Street Media,2021
97,The House Next Door: Meet the Blacks 2,"$2,857,187",539,3298772.4,Hidden Empire Film Group (HEFG),2021
98,Here Today,"$2,807,494",1230,3200543.1599999997,Stage 6 Films,2021
99,Finding You,"$2,753,985",1447,3139542.9,Roadside Attractions,2021
100,Lamb,"$2,676,410",865,3051107.4,A24,2021
101,The Card Counter,"$2,657,850",739,3029948.9999999995,Focus Features,2021
102,Land,"$2,577,830",1349,2938726.1999999997,Focus Features,2021
103,The War with Grandpa,"$2,575,698",2365,24256796.88,101 Studios,2021
104,The Eyes of Tammy Faye,"$2,404,127",1352,2740704.78,Searchlight Pictures,2021
105,"Summer of Soul (...Or, When the Revolution Could Not Be Televised)","$2,320,649",752,2645539.86,Searchlight Pictures,2021
106,After We Fell,"$2,170,750",1294,2474655.0,Vertical Entertainment,2021
107,Queen Bees,"$1,926,706",600,2196444.84,Gravitas Ventures,2021
108,The Father,"$1,852,442",933,2419958.94,Sony Pictures Classics,2021
109,Show Me the Father,"$1,803,226",1073,2055677.64,Affirm Films,2021
110,C'mon C'mon,"$1,793,749",569,2124588.36,A24,2021
111,Profile,"$1,744,740",2104,1989003.5999999999,Focus Features,2021
112,Titane,"$1,442,988",562,1645006.3199999998,Neon,2021
113,Together Together,"$1,437,951",665,1639249.3199999998,Bleecker Street Media,2021
114,Joe Bell,"$1,405,488",1094,1602256.3199999998,Roadside Attractions,2021
115,Nomadland,"$1,393,000",1200,4218000.0,Searchlight Pictures,2021
116,Pinocchio,"$1,342,880",824,2088158.5199999998,Roadside Attractions,2021
117,Pushpa: The Rise - Part 1,"$1,320,000",400,1504799.9999999998,Unkwon,2021
118,Scott Pilgrim vs. the World10th Anniversary (2021 Re-release),"$1,253,415",448,2003453.0999999999,Universal Pictures,2021
119,Wrong Turn,"$1,213,800",259,1426349.7599999998,Saban Films,2021
120,Honsla Rakh,"$1,196,000",100,2051999.9999999998,Unkwon,2021
121,God's Not Dead: We the People,"$1,170,367",565,1334218.38,Fathom Events,2021
122,In the Earth,"$1,083,576",571,1269644.22,Neon,2021
123,The Rescue,"$1,060,556",561,1209033.8399999999,Greenwich Entertainment,2021
124,Sword Art Online: Progressive - Aria of a Starless Night,"$1,050,000",840,1197000.0,FUNimation Entertainment,2021
125,True to the Game 3,"$1,038,255",440,1183610.7,Faith Media Distribution,2021
126,Long Weekend,"$1,018,532",821,1161126.48,Stage 6 Films,2021
127,The Jesus Music,"$1,016,725",270,1159066.5,Lions Gate Films,2021
128,Love Story,"$971,000",300,1106940.0,Sony Pictures Entertainment (SPE),2021
129,Come Play,"$970,450",2183,11942628.6,Focus Features,2021
130,Little Eggs: An African Rescue,"$927,154",320,1056955.5599999998,Pantelion Films,2021
131,Witnesses,"$855,765",90,975572.0999999999,Purdie Distribution,2021
132,Scoob!,"$850,000",Unkwon,2494804.5,Warner Bros.,2021
133,The Alpinist,"$844,743",245,963007.0199999999,Roadside Attractions,2021
134,Four Good Days,"$837,849",489,955147.8599999999,Vertical Entertainment,2021
135,The Mauritanian,"$836,536",287,953651.0399999999,STX Entertainment,2021
136,Lamb of God: The Concert Film,"$744,812",138,849086.82,Excel Entertainment,2021
137,Blue Bayou,"$738,175",487,899089.4999999999,Focus Features,2021
138,French Exit,"$734,814",493,845760.2999999999,Sony Pictures Classics,2021
139,L'Arracheuse de temps,"$719,853",72,855710.22,Unkwon,2021
140,Nine Days,"$694,385",443,792127.86,Sony Pictures Classics,2021
141,Our Friend,"$657,351",818,756646.4999999999,Gravitas Ventures,2021
142,Chal Mera Putt 3,"$644,000",90,734159.9999999999,Rhythm Boyz Entertainment,2021
143,The Sparks Brothers,"$637,665",534,739478.1,Focus Features,2021
144,"If I Can't Have Love, I Want Power","$626,946",122,714718.44,IMAX,2021
145,Aline,"$587,156",72,761309.1,Roadside Attractions,2021
146,Werewolves Within,"$575,783",270,656392.62,IFC Films,2021
147,City of Lies,"$572,493",502,652642.0199999999,Saban Films,2021
148,Anita,"$556,632",15,634560.48,CMC Pictures,2021
149,Courageous10th Anniversary Re-release,"$504,855",1023,575534.7,Affirm Films,2021
150,The Truffle Hunters,"$491,402",105,594170.2799999999,Sony Pictures Classics,2021
151,For the Love of Money,"$480,774",519,548082.36,Freestyle Releasing,2021
152,National Champions,"$475,488",1197,542056.32,STX Entertainment,2021
153,Jathi Ratnalu,"$470,000",130,535800.0,Flyhigh Cinemas,2021
154,Most Eligible Bachelor,"$470,000",195,535800.0,Unkwon,2021
155,Tenet,"$459,940",2930,66694679.699999996,Warner Bros.,2021
156,World War Z2021 Re-release,"$448,000",80,510719.99999999994,Paramount Pictures,2021
157,The Lost Leonardo,"$445,019",217,508143.6,Sony Pictures Classics,2021
158,2021 Oscar Nominated Short Films: Live Action,"$443,050",184,505076.99999999994,Magnolia Pictures,2021
159,Flag Day,"$424,667",196,484120.37999999995,United Artists Releasing,2021
160,Willy's Wonderland,"$417,706",171,476846.04,Screen Media Films,2021
161,Top Gun2021 Re-release,"$408,937",153,521637.77999999997,Paramount Pictures,2021
162,Dutch,"$404,371",202,460982.93999999994,Faith Media Distribution,2021
163,Ghostbusters2021 Re-release,"$391,718",774,446558.51999999996,Sony Pictures Classics,2021
164,The Metropolitan Opera HD Live: Mussorgsky: Boris Godunov,"$387,000",791,441179.99999999994,Fathom Events,2021
165,Crisis,"$380,460",216,461401.31999999995,Quiver Distribution,2021
166,Red Rocket,"$379,585",385,1166318.0399999998,A24,2021
167,Julia,"$375,817",288,455784.54,Sony Pictures Classics,2021
168,Ghost in the Shell2021 4K Remaster,"$373,169",124,425412.66,Lions Gate Films,2021
169,The Dry,"$362,857",186,415230.18,IFC Films,2021
170,"Bố Già (Dad, I'm Sorry)","$350,000",Unkwon,398999.99999999994,3388 Films,2021
171,The Battle at Lake Changjin,"$342,318",20,390348.54,CMC Pictures,2021
172,The Emperor's New Groove2021 Re-release,"$334,000",744,380759.99999999994,Walt Disney Studios Motion Pictures,2021
173,Benedetta,"$332,257",201,404108.33999999997,IFC Films,2021
174,Freaky,"$328,795",2472,10295174.7,Universal Pictures,2021
175,Drive My Car,"$310,524",213,2681553.5999999996,Janus Films,2021
176,Final Account,"$308,976",308,352232.63999999996,Focus Features,2021
177,The Water Man,"$304,602",311,436886.75999999995,RLJE Films,2021
178,New Order,"$303,556",236,346053.83999999997,Neon,2021
179,India Sweets and Spices,"$288,714",343,329133.95999999996,Bleecker Street Media,2021
180,Blithe Spirit,"$282,499",239,322050.0,IFC Films,2021
181,American Skin,"$282,332",72,321858.48,Vertical Entertainment,2021
182,I'm Your Man,"$275,155",122,313676.69999999995,Bleecker Street Media,2021
183,Escape from Mogadishu,"$271,710",42,394748.93999999994,Well Go USA Entertainment,2021
184,Raging Fire,"$270,275",59,439247.69999999995,Well Go USA Entertainment,2021
185,A Mouthful of Air,"$269,435",816,307155.89999999997,Stage 6 Films,2021
186,Rita Moreno: Just a Girl Who Decided to Go for It,"$264,626",227,301673.63999999996,Roadside Attractions,2021
187,Weathering with You,"$257,893",1020,9184565.04,GKIDS,2021
188,Once I Was Engaged,"$254,775",32,290443.5,Excel Entertainment,2021
189,Supernova,"$234,220",330,267010.8,Bleecker Street Media,2021
190,Becoming Cousteau,"$231,687",319,264123.18,Picturehouse,2021
191,Half Brothers,"$225,830",1386,2555857.1999999997,Focus Features,2021
192,Limbo,"$224,405",213,255821.69999999998,Focus Features,2021
193,Promare,"$215,728",701,2883429.36,GKIDS,2021
194,Together,"$214,390",250,244404.59999999998,Universal Pictures,2021
195,The Swimming Pool2021 Re-release,"$211,467",10,241072.37999999998,Rialto Distribution,2021
196,Ailey,"$204,513",88,233144.81999999998,Neon,2021
197,Groundhog Day2021 Re-release,"$200,989",845,229127.46,Sony Pictures Classics,2021
198,The Resort,"$191,996",114,218875.43999999997,Vertical Entertainment,2021
199,Kaamelott: First Installment,"$188,000",26,214319.99999999997,Paramount Pictures,2021
200,Earwig and the Witch,"$173,704",430,198022.55999999997,GKIDS,2021
