Rank,Movies,gross,theater sale,total gross,distributor,Year
1,Bad Boys for Life,"$204,417,855",3775,245503240.35999998,Sony Pictures Entertainment (SPE),2020
2,1917,"$157,901,466",3987,189480896.35999998,Universal Pictures,2020
3,Sonic the Hedgehog,"$146,066,470",4198,177279851.35,Paramount Pictures,2020
4,Jumanji: The Next Level,"$124,736,710",4227,381174802.4,Sony Pictures Entertainment (SPE),2020
5,Star Wars: Episode IX - The Rise of Skywalker,"$124,496,308",4406,613091024.98,Walt Disney Studios Motion Pictures,2020
6,Birds of Prey,"$84,158,461",4236,100148568.58999999,Warner Bros.,2020
7,Dolittle,"$77,047,065",4155,91686007.35,Universal Pictures,2020
8,Little Women,"$70,508,087",3308,128640444.66,Sony Pictures Entertainment (SPE),2020
9,The Invisible Man,"$64,914,050",3636,83787900.0,Universal Pictures,2020
10,The Call of the Wild,"$62,342,368",3914,74187417.92,20th Century Studios,2020
11,Onward,"$61,555,145",4310,73250622.55,Walt Disney Studios Motion Pictures,2020
12,Tenet,"$57,235,189",2930,69619884.95,Warner Bros.,2020
13,Knives Out,"$49,651,655",3461,196782248.45999998,Lions Gate Films,2020
14,Frozen II,"$47,228,896",4440,568074557.8199999,Walt Disney Studios Motion Pictures,2020
15,Spies in Disguise,"$37,433,325",3502,79440845.47,Twentieth Century Fox,2020
16,The Gentlemen,"$36,471,397",2675,43401436.05,STX Entertainment,2020
17,Just Mercy,"$35,733,621",2457,42841787.379999995,Warner Bros.,2020
18,The Croods: A New Age,"$32,334,280",2211,69696889.85,Universal Pictures,2020
19,Parasite,"$30,736,060",2001,63510001.309999995,Neon,2020
20,Fantasy Island,"$26,441,782",2784,32498053.91,Sony Pictures Entertainment (SPE),2020
21,Uncut Gems,"$25,789,956",2686,59528298.199999996,A24,2020
22,The New Mutants,"$24,044,274",2754,28384664.209999997,20th Century Studios,2020
23,Wonder Woman 1984,"$23,009,311",2218,55693232.839999996,Warner Bros.,2020
24,Like a Boss,"$22,169,514",3081,26381721.66,Paramount Pictures,2020
25,The Grudge,"$21,221,803",2642,25253945.57,Sony Pictures Entertainment (SPE),2020
26,Unhinged,"$20,831,465",2402,24789443.349999998,Solstice Studios,2020
27,The Photograph,"$20,578,185",2516,24488040.15,Universal Pictures,2020
28,The War with Grandpa,"$18,702,194",2365,25320691.48,101 Studios,2020
29,Underwater,"$17,291,078",2791,20576382.82,Twentieth Century Fox,2020
30,The Turning,"$15,472,775",2571,18412602.25,Universal Pictures,2020
31,Gretel & Hansel,"$15,347,654",3007,18263708.259999998,United Artists Releasing,2020
32,Honest Thief,"$14,163,574",2502,16854653.06,Open Road Films (II),2020
33,My Hero Academia: Heroes Rising,"$13,651,826",1231,15831760.0,FUNimation Entertainment,2020
34,Bombshell,"$13,644,923",1721,37797741.519999996,Lions Gate Films,2020
35,The Way Back,"$13,590,514",2718,16172711.66,Warner Bros.,2020
36,Brahms: The Boy II,"$12,611,536",2151,15007727.84,STX Entertainment,2020
37,Jojo Rabbit,"$12,311,180",1173,39711378.14,Unkwon,2020
38,Impractical Jokers: The Movie,"$10,466,091",1900,12722398.29,truTV,2020
39,Ford v Ferrari,"$10,427,913",3746,139972984.82999998,Twentieth Century Fox,2020
40,Emma.,"$10,055,355",1732,11965872.45,Focus Features,2020
41,Bloodshot,"$10,021,787",2861,14948570.559999999,Sony Pictures Entertainment (SPE),2020
42,I Still Believe,"$9,868,521",3250,11743539.99,Lions Gate Films,2020
43,Come Play,"$9,505,540",2183,12466428.1,Focus Features,2020
44,Let Him Go,"$9,347,940",2458,11136049.75,Focus Features,2020
45,Freaky,"$8,702,060",2472,10746717.45,Universal Pictures,2020
46,Downhill,"$8,287,061",2311,9861602.59,Searchlight Pictures,2020
47,Weathering with You,"$7,798,743",1020,9587396.84,GKIDS,2020
48,Cats,"$7,196,675",3380,32328456.299999997,Universal Pictures,2020
49,The Hunt,"$5,812,500",3028,6916875.0,Universal Pictures,2020
50,The Rhythm Section,"$5,437,971",3049,6471185.489999999,Paramount Pictures,2020
51,Monster Hunter,"$5,018,403",1817,18043339.3,Screen Gems,2020
52,A Beautiful Day in the Neighborhood,"$4,997,062",3491,73427825.45,Sony Pictures Entertainment (SPE),2020
53,Hocus Pocus2020 Re-release,"$4,828,000",2570,5745320.0,Walt Disney Studios Motion Pictures,2020
54,Richard Jewell,"$4,523,325",2502,26591194.98,Warner Bros.,2020
55,The SpongeBob Movie: Sponge on the Run,"$4,386,619",326,5724840.1,Paramount Pictures,2020
56,The Broken Hearts Gallery,"$4,067,442",2221,4840255.9799999995,TriStar Pictures,2020
57,Infidel,"$4,051,990",1885,4821868.1,Cloudburst Entertainment,2020
58,News of the World,"$3,717,170",1986,15075306.75,Universal Pictures,2020
59,Portrait of a Lady on Fire,"$3,641,251",334,4474226.26,Neon,2020
60,Bill & Ted Face the Music,"$3,498,714",1007,4093195.4,United Artists Releasing,2020
61,2020 Oscar Nominated Short Films,"$3,306,611",536,3934867.09,Magnolia Pictures,2020
62,Queen & Slim,"$3,089,365",1715,52131888.9,Universal Pictures,2020
63,The Empty Man,"$2,992,498",2051,3561608.1199999996,20th Century Studios,2020
64,My Boyfriend's Meds,"$2,971,116",350,3535628.04,Pantelion Films,2020
65,The Last Full Measure,"$2,949,212",617,3509562.28,Roadside Attractions,2020
66,Words on Bathroom Walls,"$2,542,518",1395,3025596.42,Roadside Attractions,2020
67,Star Wars: Episode V - The Empire Strikes Back2020 Re-release,"$2,482,000",2097,2953580.0,Walt Disney Studios Motion Pictures,2020
68,Fatale,"$2,388,133",1222,7505207.43,Lions Gate Films,2020
69,The Nightmare Before Christmas2020 Re-release,"$2,286,000",2194,2720340.0,Walt Disney Studios Motion Pictures,2020
70,Ip Man 4: The Finale,"$2,180,071",125,4707676.89,Well Go USA Entertainment,2020
71,Half Brothers,"$2,016,150",1386,2667956.1999999997,Focus Features,2020
72,Elf2020 Re-release,"$1,975,000",850,2597388.01,New Line Cinema,2020
73,The Personal History of David Copperfield,"$1,876,298",1550,2232794.62,Searchlight Pictures,2020
74,The Wretched,"$1,812,696",101,2158889.67,IFC Films,2020
75,The Lodge,"$1,724,781",395,2545299.33,Neon,2020
76,Joker,"$1,678,800",4374,399187060.09,Warner Bros.,2020
77,The Rental,"$1,627,911",250,1948682.1199999999,IFC Films,2020
78,Once Upon a Time in Hollywood,"$1,425,760",3659,169578246.32,Sony Pictures Entertainment (SPE),2020
79,Jurassic Park2020 Re-release,"$1,386,600",316,1650054.0,Universal Pictures,2020
80,2 Hearts,"$1,349,286",1683,1605650.3399999999,Freestyle Releasing,2020
81,Promising Young Woman,"$1,208,180",1448,7688548.35,Focus Features,2020
82,True to the Game 2,"$1,200,871",281,1429036.49,Faith Media Distribution,2020
83,Peninsula,"$1,140,525",151,1465374.3299999998,Well Go USA Entertainment,2020
84,The Assistant,"$1,100,313",25,1309372.47,Bleecker Street Media,2020
85,Love and Monsters,"$1,070,714",387,1274149.66,Paramount Pictures,2020
86,Relic,"$1,046,653",133,1246028.77,IFC Films,2020
87,The Tax Collector,"$1,044,212",138,1242612.28,RLJE Films,2020
88,The Last Shift,"$1,034,467",886,1231015.73,Stage 6 Films,2020
89,Becky,"$1,020,413",54,1195443.06,Quiver Distribution,2020
90,The Song of Names,"$983,357",182,1282324.96,Sony Pictures Classics,2020
91,All My Life,"$899,585",970,1087582.65,Universal Pictures,2020
92,Mafia Inc,"$889,863",85,1058936.97,Entertainment One,2020
93,National Lampoon's Christmas Vacation2020 Re-release,"$871,000",620,1036490.0,Warner Bros.,2020
94,Jay and Silent Bob Reboot,"$857,744",788,5461493.1,Saban Films,2020
95,A Hidden Life,"$853,047",151,2059410.43,Unkwon,2020
96,Cut Throat City,"$845,837",389,1018513.86,Well Go USA Entertainment,2020
97,The Goonies2020 Re-release,"$825,000",457,981750.0,Warner Bros.,2020
98,Sarileru Neekevvaru,"$821,000",300,976990.0,Great India Films,2020
99,Vanguard,"$793,525",1375,944294.75,Gravitas Ventures,2020
100,21 Bridges,"$792,488",2665,33962310.83,STX Entertainment,2020
101,Jaws2020 Re-release,"$758,300",187,902377.0,Universal Pictures,2020
102,Possessor,"$752,885",320,895933.1499999999,Neon,2020
103,After We Collided,"$734,210",546,2839914.77,Open Road Films (II),2020
104,Coco,"$734,000",3987,250447417.85,Walt Disney Studios Motion Pictures,2020
105,Toy Story2020 Re-release,"$727,000",2102,865130.0,Walt Disney Studios Motion Pictures,2020
106,"Monsters, Inc.2020 Re-release","$726,000",1875,863940.0,Walt Disney Studios Motion Pictures,2020
107,Baaghi 3,"$721,439",265,858512.4099999999,FIP,2020
108,The Santa Clause2020 Re-release,"$706,000",1581,840140.0,Walt Disney Studios Motion Pictures,2020
109,Patterns of Evidence: The Red Sea Miracle,"$696,191",807,828467.2899999999,Fathom Events,2020
110,Pain and Glory,"$693,609",266,5435132.22,Sony Pictures Classics,2020
111,The Polar Express2020 Re-release,"$691,000",450,846090.0,Warner Bros.,2020
112,The Last Vermeer,"$685,380",912,815602.2,TriStar Pictures,2020
113,The Addams Family2020 Re-release,"$678,926",1307,807921.94,United Artists Releasing,2020
114,Merci pour tout,"$636,925",76,1278023.1099999999,Unkwon,2020
115,Maleficent: Mistress of Evil,"$634,868",3820,135576229.95,Walt Disney Studios Motion Pictures,2020
116,Ghostbusters2020 Re-release,"$605,000",622,719950.0,Columbia Pictures,2020
117,Chhapaak,"$604,334",100,719157.46,FIP,2020
118,Shortcut,"$588,869",704,700754.11,Gravitas Ventures,2020
119,Panga,"$582,720",102,693436.7999999999,FIP,2020
120,Midway,"$567,638",3242,67647694.38,Lions Gate Films,2020
121,Black Christmas,"$562,060",2625,12411378.7,Universal Pictures,2020
122,Synchronic,"$542,753",327,757640.87,Well Go USA Entertainment,2020
123,Guardians of the Galaxy2020 Re-release,"$542,000",1560,644980.0,Walt Disney Studios Motion Pictures,2020
124,Color Out of Space,"$541,918",81,911017.59,RLJE Films,2020
125,Followed,"$538,179",100,640433.01,Global View Entertainment,2020
126,Alone,"$537,589",173,639730.9099999999,Magnolia Pictures,2020
127,Harriet,"$534,455",2186,51267764.449999996,Focus Features,2020
128,Kajillionaire,"$531,430",547,632401.7,Focus Features,2020
129,The Addams Family,"$528,320",4107,119053436.94999999,United Artists Releasing,2020
130,100% Wolf,"$514,957",124,783929.1599999999,Viva Pictures,2020
131,The Big Ugly,"$514,107",68,611787.33,Vertical Entertainment,2020
132,The Call,"$505,746",195,614659.99,Atlas Distribution Company,2020
133,The Grinch2020 Re-release,"$502,781",450,563799.39,Universal Pictures,2020
134,Dark Waters,"$502,205",2112,13251939.959999999,Focus Features,2020
135,The Forgotten Carols,"$500,692",70,597679.88,Purdie Distribution,2020
136,Spell,"$500,104",369,595123.76,Paramount Pictures,2020
137,Ava,"$497,747",252,592318.9299999999,Vertical Entertainment,2020
138,Pinocchio,"$488,838",824,2179744.42,Roadside Attractions,2020
139,Beauty and the Beast2020 Re-release,"$467,000",527,555730.0,Walt Disney Pictures,2020
140,Inside Out2020 Re-release,"$460,000",442,547400.0,Walt Disney Pictures,2020
141,Once Were Brothers,"$449,561",152,534977.59,Magnolia Pictures,2020
142,Seberg,"$434,702",373,517295.38,Amazon Studios,2020
143,Iron Man2020 Re-release,"$430,000",462,511700.0,Walt Disney Pictures,2020
144,Fantastic Fungi,"$429,446",37,2128103.1799999997,Area 23a,2020
145,Infamous,"$429,148",58,510686.12,Vertical Entertainment,2020
146,Tulsa,"$413,383",192,491919.82,Pryor Entertainment,2020
147,Stevie Nicks 24 Karat Gold the Concert,"$410,265",413,488215.35,Trafalgar Releasing,2020
148,Buddy Games,"$405,904",401,483025.75999999995,Paramount Pictures,2020
149,Black Panther2020 Re-release,"$367,000",421,436730.0,Walt Disney Pictures,2020
150,The Kid Detective,"$364,138",865,433324.22,Stage 6 Films,2020
151,She Dies Tomorrow,"$361,329",24,474408.97,Neon,2020
152,Greed,"$355,308",596,422816.51999999996,Sony Pictures Classics,2020
153,Yellow Rose,"$348,011",900,437740.31,Stage 6 Films,2020
154,Ride Your Wave,"$332,432",605,395594.07999999996,Fathom Events,2020
155,The Eight Hundred,"$331,279",142,443578.44999999995,CMC Pictures,2020
156,Les Misérables,"$330,181",69,392915.38999999996,Amazon Studios,2020
157,Die Hard2020 Re-release,"$325,000",1172,386750.0,Walt Disney Studios Motion Pictures,2020
158,Clemency,"$323,980",127,434012.04,Neon,2020
159,Ordinary Love,"$323,688",22,385188.72,Bleecker Street Media,2020
160,The Informer,"$300,460",283,357547.39999999997,Vertical Entertainment,2020
161,Playing with Fire,"$300,460",3185,52897697.93,Paramount Pictures,2020
162,Save Yourselves!,"$299,914",388,358382.77999999997,Bleecker Street Media,2020
163,Judy,"$296,343",1627,28933526.72,Roadside Attractions,2020
164,The Traitor,"$296,027",45,352272.13,Sony Pictures Classics,2020
165,Gremlins2020 Re-release,"$295,000",64,351050.0,Unkwon,2020
166,How the Grinch Stole Christmas2020 Re-release,"$294,000",300,500014.19999999995,Universal Pictures,2020
167,Mystify: Michael Hutchence,"$289,573",597,344591.87,Fathom Events,2020
168,Created Equal: Clarence Thomas in His Own Words,"$282,149",53,335757.31,Manifold Productions Inc.,2020
169,Fatman,"$278,376",259,331269.82,Saban Films,2020
170,An American in Paris2020 Re-release,"$267,824",651,318710.56,Fathom Events,2020
171,Wonder Woman2020 Re-release,"$252,000",560,299880.0,Warner Bros.,2020
172,Back to the Future2020 Re-release,"$247,000",258,293930.0,Universal Pictures,2020
173,Bohemian Rhapsody2020 Re-release,"$240,000",Unkwon,285600.0,Twentieth Century Fox,2020
174,63 Up,"$238,204",28,575583.96,BritBox,2020
175,Tokyo Godfathers2020 Re-release,"$237,581",519,282709.49,Fathom Events,2020
176,Blind Eyes Opened,"$234,505",534,279060.95,Fathom Events,2020
177,The Climb,"$234,429",408,278970.51,Sony Pictures Classics,2020
178,Doctor Who Live Q&A And Screening,"$228,615",692,272051.85,Fathom Events,2020
179,CatVideoFest 2020,"$219,698",84,520773.75,Oscilloscope,2020
180,Frozen2020 Re-release,"$215,000",1367,255850.0,Walt Disney Studios Motion Pictures,2020
181,Wild Mountain Thyme,"$213,440",450,253993.59999999998,Bleecker Street Media,2020
182,The Secrets We Keep,"$207,928",471,247434.31999999998,Bleecker Street Media,2020
183,Jiang Ziya,"$206,975",55,255457.3,Well Go USA Entertainment,2020
184,Fate/stay night [Heaven's Feel] III. spring song,"$200,000",304,238000.0,Fathom Events,2020
185,Ashfall,"$199,575",18,443348.77999999997,Capelight Pictures,2020
186,National Theater Live: Cyrano de Bergerac2020 Re-release,"$198,352",472,236038.87999999998,Fathom Events,2020
187,Zombieland: Double Tap,"$192,926",3468,87016467.58,Sony Pictures Entertainment (SPE),2020
188,Cunningham,"$190,635",23,315471.38,Magnolia Pictures,2020
189,The Doors: Break On Thru - A Celebration Of Ray Manzarek,"$189,771",330,226290.4,Trafalgar Releasing,2020
190,The Outpost,"$186,634",81,222095.65,Fathom Events,2020
191,The Wolf of Snow Hollow,"$185,026",112,220180.94,United Artists Releasing,2020
192,Come Away,"$183,423",475,219527.63,Relativity Media,2020
193,The Good Liar,"$182,779",2454,20415709.02,Warner Bros.,2020
194,And Then We Danced,"$177,262",23,210941.78,Music Box Films,2020
195,Beanpole,"$173,162",35,233547.02,Kino Lorber,2020
196,Follow Me,"$167,962",50,199874.78,Vertical Entertainment,2020
197,Extra Ordinary,"$164,346",80,195571.74,Good Deed Entertainment,2020
198,Palm Springs,"$164,000",66,195160.0,Neon,2020
199,A Call to Spy,"$158,864",79,189226.66,IFC Films,2020
200,Love Story50th Anniversary,"$153,504",650,182669.75999999998,Fathom Events,2020
