Rank,Movies,gross,theater sale,total gross,distributor,Year
1,Avengers: Endgame,"$858,373,000",5594.4,1030047600.0,Walt Disney Studios Motion Pictures,2019
2,The Lion King,"$543,638,043",5762.4,652365651.6,Walt Disney Studios Motion Pictures,2019
3,Toy Story 4,"$434,038,008",5490.0,520845609.59999996,Walt Disney Studios Motion Pictures,2019
4,Frozen II,"$430,144,682",5328.0,572848293.6,Walt Disney Studios Motion Pictures,2019
5,Captain Marvel,"$426,829,839",5172.0,512195806.79999995,Walt Disney Studios Motion Pictures,2019
6,Star Wars: Episode IX - The Rise of Skywalker,"$390,706,234",5287.2,618243050.4,Walt Disney Studios Motion Pictures,2019
7,Spider-Man: Far from Home,"$390,532,085",5560.8,468638502.0,Sony Pictures Entertainment (SPE),2019
8,Aladdin,"$355,559,216",5371.2,426671059.2,Walt Disney Studios Motion Pictures,2019
9,Joker,"$333,772,511",5248.8,402541573.2,Warner Bros.,2019
10,It Chapter Two,"$211,593,228",5484.0,253911873.6,Warner Bros.,2019
11,Jumanji: The Next Level,"$192,094,536",5072.4,384377952.0,Sony Pictures Entertainment (SPE),2019
12,Us,"$175,084,580",4491.599999999999,210101496.0,Universal Pictures,2019
13,Fast & Furious Presents: Hobbs & Shaw,"$173,956,935",5212.8,208748322.0,Universal Pictures,2019
14,John Wick: Chapter 3 - Parabellum,"$171,015,687",4620.0,205218824.4,Lions Gate Films,2019
15,How to Train Your Dragon: The Hidden World,"$160,799,505",5143.2,192959406.0,Universal Pictures,2019
16,The Secret Life of Pets 2,"$157,949,395",5476.8,190649274.0,Universal Pictures,2019
17,Pokémon: Detective Pikachu,"$144,105,346",5097.599999999999,172926415.2,Warner Bros.,2019
18,Once Upon a Time in Hollywood,"$141,076,968",4390.8,171003273.6,Sony Pictures Entertainment (SPE),2019
19,Shazam!,"$140,371,656",5167.2,168445987.2,Warner Bros.,2019
20,Aquaman,"$136,001,983",5020.8,402074168.4,Warner Bros.,2019
21,Knives Out,"$115,711,579",4153.2,198435880.79999998,Lions Gate Films,2019
22,Dumbo,"$114,766,307",5110.8,137719568.4,Walt Disney Studios Motion Pictures,2019
23,Maleficent: Mistress of Evil,"$113,294,737",4584.0,136715526.0,Walt Disney Studios Motion Pictures,2019
24,Glass,"$111,048,468",4612.8,133258161.6,Universal Pictures,2019
25,Godzilla: King of the Monsters,"$110,500,138",4929.599999999999,132600165.6,Warner Bros.,2019
26,The Upside,"$108,252,517",4281.599999999999,129903020.39999999,STX Entertainment,2019
27,Ford v Ferrari,"$107,196,444",4495.2,141149228.4,Twentieth Century Fox,2019
28,The Lego Movie 2: The Second Part,"$105,806,508",5163.599999999999,126967809.6,Warner Bros.,2019
29,Hustlers,"$104,960,643",4230.0,125956317.6,STX Entertainment,2019
30,The Addams Family,"$97,185,807",4928.4,120053886.0,United Artists Releasing,2019
31,Downton Abbey,"$96,853,865",4257.599999999999,116224638.0,Focus Features,2019
32,Rocketman,"$96,368,160",4332.0,115641792.0,Paramount Pictures,2019
33,Alita: Battle Angel,"$85,710,210",4562.4,103005852.0,Twentieth Century Fox,2019
34,Good Boys,"$83,140,306",4149.599999999999,99768367.2,Universal Pictures,2019
35,Spider-Man: Into the Spider-Verse,"$82,094,865",4575.599999999999,228289572.0,Sony Pictures Entertainment (SPE),2019
36,Men in Black: International,"$80,001,807",5068.8,96002168.39999999,Sony Pictures Entertainment (SPE),2019
37,Annabelle Comes Home,"$74,152,591",4335.599999999999,88983109.2,Warner Bros.,2019
38,Yesterday,"$73,286,650",3306.0,87943980.0,Universal Pictures,2019
39,A Madea Family Funeral,"$73,257,045",2930.4,87908454.0,Lions Gate Films,2019
40,Zombieland: Double Tap,"$72,930,156",4161.599999999999,87747698.39999999,Sony Pictures Entertainment (SPE),2019
41,Angel Has Fallen,"$69,030,436",4003.2,82836523.2,Lions Gate Films,2019
42,Scary Stories to Tell in the Dark,"$68,947,075",3762.0,82736490.0,Lions Gate Films,2019
43,Mary Poppins Returns,"$66,027,977",4908.0,206350125.6,Walt Disney Studios Motion Pictures,2019
44,Dark Phoenix,"$65,845,974",4465.2,79015168.8,Twentieth Century Fox,2019
45,Terminator: Dark Fate,"$62,253,077",4903.2,74703692.39999999,Paramount Pictures,2019
46,Abominable,"$60,679,265",5097.599999999999,72859668.0,Universal Pictures,2019
47,Dora and the Lost City of Gold,"$60,477,943",4482.0,72573531.6,Paramount Pictures,2019
48,Escape Room,"$57,005,601",3260.4,68406721.2,Sony Pictures Entertainment (SPE),2019
49,A Beautiful Day in the Neighborhood,"$56,706,993",4189.2,74044866.0,Sony Pictures Entertainment (SPE),2019
50,Midway,"$56,279,164",3890.3999999999996,68216162.39999999,Lions Gate Films,2019
51,Bumblebee,"$55,769,470",4316.4,152634706.79999998,Paramount Pictures,2019
52,The Curse of La Llorona,"$54,733,739",4046.3999999999996,65680486.8,Warner Bros.,2019
53,Pet Sematary,"$54,724,696",4302.0,65669635.199999996,Paramount Pictures,2019
54,What Men Want,"$54,611,903",3494.4,65534283.599999994,Paramount Pictures,2019
55,Green Book,"$52,927,165",3177.6,102096205.2,Universal Pictures,2019
56,Ad Astra,"$50,188,370",4152.0,60226044.0,Twentieth Century Fox,2019
57,Isn't It Romantic,"$48,791,187",4132.8,58549424.4,Warner Bros.,2019
58,Gemini Man,"$48,546,770",4370.4,58256124.0,Paramount Pictures,2019
59,Ma,"$45,896,028",3379.2,55075233.6,Universal Pictures,2019
60,Five Feet Apart,"$45,729,221",3439.2,54875065.199999996,Lions Gate Films,2019
61,Wonder Park,"$45,216,793",4605.599999999999,54260151.6,Paramount Pictures,2019
62,Rambo: Last Blood,"$44,819,352",4341.599999999999,53783222.4,Lions Gate Films,2019
63,Playing with Fire,"$44,151,387",3822.0,53342216.4,Paramount Pictures,2019
64,Harriet,"$42,547,700",2623.2,51698586.0,Focus Features,2019
65,A Dog's Way Home,"$42,004,346",3708.0,50405215.199999996,Sony Pictures Entertainment (SPE),2019
66,The Angry Birds Movie 2,"$41,667,116",4642.8,50000539.199999996,Sony Pictures Entertainment (SPE),2019
67,Little,"$40,860,481",3200.4,49032577.199999996,Universal Pictures,2019
68,Queen & Slim,"$40,718,945",2058.0,52569972.0,Universal Pictures,2019
69,Breakthrough,"$40,713,082",3495.6,48855698.4,Twentieth Century Fox,2019
70,The Mule,"$39,084,073",3994.7999999999997,124565288.39999999,Warner Bros.,2019
71,Crawl,"$39,014,193",3804.0,46817031.6,Paramount Pictures,2019
72,Little Women,"$37,593,127",3969.6,129721456.8,Sony Pictures Entertainment (SPE),2019
73,The Intruder,"$35,419,122",2677.2,42502946.4,Screen Gems,2019
74,The Hustle,"$35,417,038",3692.3999999999996,42500445.6,United Artists Releasing,2019
75,Last Christmas,"$35,116,450",4144.8,42180900.0,Universal Pictures,2019
76,Overcomer,"$34,746,945",2751.6,41696334.0,Affirm Films,2019
77,Cold Pursuit,"$32,138,862",3156.0,38566634.4,Lions Gate Films,2019
78,Doctor Sleep,"$31,543,097",4626.0,37898054.4,Warner Bros.,2019
79,Dragon Ball Super: Broly,"$30,712,119",1520.3999999999999,36854542.8,FUNimation Entertainment,2019
80,Long Shot,"$30,316,271",3876.0,36379525.199999996,Lions Gate Films,2019
81,Spies in Disguise,"$29,323,688",4202.4,80108415.6,Twentieth Century Fox,2019
82,Child's Play,"$29,208,403",3608.4,35050083.6,United Artists Releasing,2019
83,Ready or Not,"$28,714,231",3597.6,34457077.199999996,Unkwon,2019
84,Happy Death Day 2U,"$28,148,130",3854.3999999999996,33777756.0,Universal Pictures,2019
85,Vice,"$28,060,115",3040.7999999999997,57403538.4,Annapurna Pictures,2019
86,21 Bridges,"$27,747,269",3198.0,34247708.4,STX Entertainment,2019
87,Midsommar,"$27,426,361",3248.4,32911633.2,A24,2019
88,Bohemian Rhapsody,"$26,614,909",4800.0,259713650.39999998,Twentieth Century Fox,2019
89,The Art of Racing in the Rain,"$26,395,642",3318.0,31674770.4,Twentieth Century Fox,2019
90,Countdown,"$25,594,369",3210.0,30746119.2,STX Entertainment,2019
91,Uncut Gems,"$25,253,119",3223.2,60028536.0,A24,2019
92,Judy,"$24,017,545",1952.3999999999999,29176665.599999998,Roadside Attractions,2019
93,Ralph Breaks the Internet,"$23,474,857",4820.4,241310053.2,Walt Disney Studios Motion Pictures,2019
94,Fighting with My Family,"$22,958,886",3426.0,27550663.2,Metro-Goldwyn-Mayer (MGM),2019
95,On the Basis of Sex,"$22,946,065",2348.4,29547224.4,Focus Features,2019
96,A Dog's Journey,"$22,782,371",3934.7999999999997,27338845.2,Universal Pictures,2019
97,Booksmart,"$22,680,962",3021.6,27217154.4,United Artists Releasing,2019
98,Parasite,"$22,633,689",2401.2,64043698.8,Neon,2019
99,Stuber,"$22,370,452",3660.0,26844542.4,Twentieth Century Fox,2019
100,47 Meters Down: Uncaged,"$22,260,900",3459.6,26713080.0,Entertainment Studios Motion Pictures,2019
101,Black and Blue,"$22,047,506",2474.4,26466375.599999998,Screen Gems,2019
102,Hellboy,"$21,903,748",3963.6,26284497.599999998,Lions Gate Films,2019
103,Shaft,"$21,360,215",3542.4,25632258.0,Warner Bros.,2019
104,Jojo Rabbit,"$21,059,726",1407.6,40045087.199999996,Unkwon,2019
105,The Peanut Butter Falcon,"$20,457,151",1788.0,24548581.2,Roadside Attractions,2019
106,UglyDolls,"$20,150,241",4382.4,24180289.2,STX Entertainment,2019
107,Cats,"$19,970,095",4056.0,32600124.0,Universal Pictures,2019
108,Unplanned,"$19,006,109",1819.2,22806130.8,Pure Flix Entertainment,2019
109,The Favourite,"$18,478,318",1864.8,41240139.6,Unkwon,2019
110,Bombshell,"$18,117,885",2065.2,38115369.6,Lions Gate Films,2019
111,Richard Jewell,"$17,822,217",3002.4,26814650.4,Warner Bros.,2019
112,Charlie's Angels,"$17,756,400",4142.4,21363692.4,Sony Pictures Entertainment (SPE),2019
113,The Farewell,"$17,695,781",1069.2,21234937.2,A24,2019
114,Brightburn,"$17,300,439",3128.4,20760526.8,Screen Gems,2019
115,The Good Liar,"$16,973,279",2944.7999999999997,20587269.599999998,Warner Bros.,2019
116,The Kid Who Would Be King,"$16,790,790",4233.599999999999,20148948.0,Twentieth Century Fox,2019
117,Missing Link,"$16,649,539",4124.4,19979446.8,United Artists Releasing,2019
118,Second Act,"$15,737,285",3128.4,47138672.4,STX Entertainment,2019
119,Late Night,"$15,499,454",2664.0,18599344.8,Amazon Studios,2019
120,Miss Bala,"$15,006,824",2643.6,18008188.8,Sony Pictures Entertainment (SPE),2019
121,The Prodigy,"$14,856,291",3036.0,17827549.2,Orion Pictures,2019
122,A Star Is Born,"$14,130,981",4684.8,258346639.2,Warner Bros.,2019
123,Poms,"$13,631,124",3300.0,16357348.799999999,STX Entertainment,2019
124,If Beale Street Could Talk,"$12,786,569",1221.6,17898927.599999998,Annapurna Pictures,2019
125,They Shall Not Grow Old,"$12,253,074",1602.0,21548295.599999998,Warner Bros.,2019
126,The Kitchen,"$12,180,032",3294.0,14616038.4,Warner Bros.,2019
127,After,"$12,138,565",2565.6,14566278.0,Aviron Pictures,2019
128,Blinded by the Light,"$11,901,145",2768.4,14281374.0,Warner Bros.,2019
129,The Lighthouse,"$10,772,524",1173.6,13040524.799999999,A24,2019
130,Dark Waters,"$10,633,879",2534.4,13363300.799999999,Focus Features,2019
131,Greta,"$10,532,219",2900.4,12638662.799999999,Focus Features,2019
132,The Best of Enemies,"$10,205,616",2046.0,12246739.2,STX Entertainment,2019
133,Black Christmas,"$9,867,670",3150.0,12515676.0,Universal Pictures,2019
134,Hotel Mumbai,"$9,651,611",1116.0,11581933.2,Bleecker Street Media,2019
135,Holmes & Watson,"$9,324,376",3336.0,36688351.199999996,Sony Pictures Entertainment (SPE),2019
136,Motherless Brooklyn,"$9,277,736",1610.3999999999999,11133283.2,Warner Bros.,2019
137,No Manches Frida 2,"$9,270,920",566.4,11125104.0,Pantelion Films,2019
138,"Where'd You Go, Bernadette","$9,198,356",2884.7999999999997,11038027.2,United Artists Releasing,2019
139,Apollo 11,"$9,039,891",705.6,10847869.2,Neon,2019
140,Serenity,"$8,547,045",3073.2,10256454.0,Aviron Pictures,2019
141,Anna,"$7,743,794",2536.7999999999997,9292552.799999999,Lions Gate Films,2019
142,Penguins,"$7,699,452",2178.0,9239342.4,Walt Disney Studios Motion Pictures,2019
143,Brittany Runs a Marathon,"$7,189,808",1239.6,8627769.6,Amazon Studios,2019
144,Mary Queen of Scots,"$6,742,269",1262.3999999999999,19762198.8,Focus Features,2019
145,The Dead Don't Die,"$6,563,605",828.0,7876326.0,Focus Features,2019
146,Jexi,"$6,546,159",2798.4,7855390.8,Lions Gate Films,2019
147,Run the Race,"$6,424,420",1290.0,7709304.0,Roadside Attractions,2019
148,Free Solo,"$6,300,518",579.6,21049308.0,National Geographic Entertainment,2019
149,The Current War: Director's Cut,"$5,979,540",1298.3999999999999,7175448.0,101 Studios,2019
150,Captive State,"$5,958,315",3058.7999999999997,7149978.0,Focus Features,2019
151,The Wandering Earth,"$5,875,487",154.79999999999998,7165695.6,Unkwon,2019
152,Arctic Dogs,"$5,801,249",3412.7999999999997,6961498.8,Entertainment Studios Motion Pictures,2019
153,Gloria Bell,"$5,611,123",1352.3999999999999,6733347.6,A24,2019
154,Gully Boy,"$5,566,534",324.0,6679840.8,Viva Pictures,2019
155,Stan & Ollie,"$5,386,243",904.8,6564282.0,Sony Pictures Classics,2019
156,The Goldfinch,"$5,332,621",3050.4,6399145.2,Warner Bros.,2019
157,Don't Let Go,"$5,215,062",1106.3999999999999,6258074.399999999,Unkwon,2019
158,The Mustang,"$5,043,620",632.4,6052344.0,Focus Features,2019
159,The Sun Is Also a Star,"$4,950,029",2487.6,5940034.8,Warner Bros.,2019
160,Bring the Soul: The Movie,"$4,809,800",1047.6,5771760.0,Trafalgar Releasing,2019
161,Pavarotti,"$4,600,249",345.59999999999997,5520298.8,CBS Films,2019
162,Tolkien,"$4,535,154",1801.2,5442184.8,Unkwon,2019
163,The Last Black Man in San Francisco,"$4,515,719",248.39999999999998,5418862.8,A24,2019
164,War,"$4,486,000",366.0,5584800.0,Yash Raj Films,2019
165,Cold War2018 Re-release,"$4,427,217",324.0,5496057.6,Amazon Studios,2019
166,Menteur,"$4,403,322",106.8,5636836.8,Entertainment One,2019
167,Brian Banks,"$4,376,819",1488.0,5252182.8,Bleecker Street Media,2019
168,The Biggest Little Farm,"$4,366,949",342.0,5240338.8,Neon,2019
169,The Grinch,"$4,340,540",4969.2,324745140.0,Universal Pictures,2019
170,Amazing Grace,"$4,335,184",315.59999999999997,5340547.2,Neon,2019
171,Linda Ronstadt: The Sound of My Voice,"$4,240,509",296.4,5103188.399999999,Greenwich Entertainment,2019
172,Uri: The Surgical Strike,"$4,186,168",158.4,5023401.6,Unkwon,2019
173,Replicas,"$4,046,429",2794.7999999999997,4855714.8,Entertainment Studios Motion Pictures,2019
174,Pain and Glory,"$3,873,727",319.2,5480805.6,Sony Pictures Classics,2019
175,Ne Zha,"$3,695,533",162.0,4434639.6,Well Go USA Entertainment,2019
176,Mission Mangal,"$3,659,413",315.59999999999997,4391295.6,FIP,2019
177,The Oscar Nominated Short Films 2019: Documentary,"$3,531,094",498.0,4237312.8,Shorts International,2019
178,BTS World Tour: Love Yourself in Seoul,"$3,509,917",1196.3999999999999,4211900.399999999,Fathom Events,2019
179,The Beach Bum,"$3,502,600",1320.0,4203120.0,Neon,2019
180,Echo in the Canyon,"$3,355,324",176.4,4026388.8,Greenwich Entertainment,2019
181,Creed II,"$3,267,369",4502.4,138859066.79999998,Metro-Goldwyn-Mayer (MGM),2019
182,Jay and Silent Bob Reboot,"$3,258,814",945.5999999999999,5507388.0,Saban Films,2019
183,Maiden,"$3,164,840",216.0,3802773.5999999996,Sony Pictures Classics,2019
184,Simmba,"$2,991,179",361.2,6122554.8,Reliance Big Pictures,2019
185,Bharat,"$2,971,549",373.2,3565858.8,Viva Pictures,2019
186,Honey Boy,"$2,939,993",552.0,3615138.0,Amazon Studios,2019
187,Friends 25th: The One With The Anniversary,"$2,884,827",1903.1999999999998,3461792.4,Fathom Events,2019
188,Saaho,"$2,872,057",457.2,3446468.4,Yash Raj Films,2019
189,Fantastic Beasts: The Crimes of Grindelwald,"$2,774,042",4995.599999999999,191467081.2,Warner Bros.,2019
190,Kalank,"$2,729,336",384.0,3275203.1999999997,FIP,2019
191,Tod@s caen,"$2,670,925",445.2,3205110.0,Pantelion Films,2019
192,Everybody Knows,"$2,660,165",339.59999999999997,3192198.0,Focus Features,2019
193,Instant Family,"$2,518,231",4111.2,80835884.39999999,Paramount Pictures,2019
194,The Art of Self-Defense,"$2,410,914",660.0,2893096.8,Bleecker Street Media,2019
195,Arctic2019 Re-release,"$2,410,795",321.59999999999997,2892954.0,Bleecker Street Media,2019
196,Welcome to Marwen,"$2,405,625",2293.2,12916224.0,Universal Pictures,2019
197,"My People, My Country","$2,356,683",99.6,2828019.6,Unkwon,2019
198,Promare,"$2,287,950",841.1999999999999,3035188.8,GKIDS,2019
199,Super 30,"$2,269,878",380.4,2723853.6,Reliance Big Pictures,2019
200,Faustina: Love and Mercy,"$2,243,180",972.0,2691816.0,Fathom Events,2019
