Rank,Movies,gross,theater sale,total gross,distributor,Year
1,Star Wars: Episode VIII - The Last Jedi,"$517,218,368",5332.32,781428541.32,Walt Disney Studios Motion Pictures,2017
2,Beauty and the Beast,"$504,014,165",5304.6,635057847.9,Walt Disney Studios Motion Pictures,2017
3,Wonder Woman,"$412,563,408",5247.9,519829894.08,Warner Bros.,2017
4,Guardians of the Galaxy Vol. 2,"$389,813,101",5477.22,491164507.26,Walt Disney Studios Motion Pictures,2017
5,Spider-Man: Homecoming,"$334,201,140",5478.4800000000005,421093436.4,Sony Pictures Entertainment (SPE),2017
6,It,"$327,481,748",5226.4800000000005,412627002.48,Warner Bros.,2017
7,Thor: Ragnarok,"$311,225,150",5140.8,396973444.14,Walt Disney Studios Motion Pictures,2017
8,Despicable Me 3,"$264,624,300",5714.1,333426618.0,Universal Pictures,2017
9,Logan,"$226,277,068",5129.46,285109105.68,Twentieth Century Fox,2017
10,The Fate of the Furious,"$226,008,385",5454.54,284770565.1,Universal Pictures,2017
11,Justice League,"$225,546,295",5104.26,288570611.7,Warner Bros.,2017
12,Dunkirk,"$188,045,546",5057.64,236937387.96,Warner Bros.,2017
13,Coco,"$179,834,199",5023.62,265179618.9,Walt Disney Studios Motion Pictures,2017
14,The Lego Batman Movie,"$175,750,384",5150.88,221445483.84,Warner Bros.,2017
15,Get Out,"$175,686,870",3960.18,221811237.9,Universal Pictures,2017
16,The Boss Baby,"$175,003,033",4824.54,220503821.58,Twentieth Century Fox,2017
17,Pirates of the Caribbean: Dead Men Tell No Tales,"$172,558,876",5387.76,217424183.76,Walt Disney Studios Motion Pictures,2017
18,Jumanji: Welcome to the Jungle,"$170,863,915",4849.74,509689504.8,Sony Pictures Entertainment (SPE),2017
19,Kong: Skull Island,"$168,052,812",4845.96,211746543.12,Warner Bros.,2017
20,Hidden Figures,"$167,620,331",4304.16,213705181.62,Twentieth Century Fox,2017
21,Cars 3,"$152,901,115",5362.56,192655404.9,Walt Disney Studios Motion Pictures,2017
22,War for the Planet of the Apes,"$146,880,162",5166.0,185069004.12,Twentieth Century Fox,2017
23,Split,"$138,291,365",4249.9800000000005,174247119.9,Universal Pictures,2017
24,Transformers: The Last Knight,"$130,168,683",5206.32,164012540.58,Paramount Pictures,2017
25,Rogue One: A Star Wars Story,"$123,941,474",5237.82,670543428.24,Walt Disney Studios Motion Pictures,2017
26,Wonder,"$121,559,294",4433.94,166852739.34,Lions Gate Films,2017
27,La La Land,"$120,121,532",4077.36,190388271.78,Lions Gate Films,2017
28,Sing,"$117,541,430",5076.54,340698235.5,Universal Pictures,2017
29,Girls Trip,"$115,171,585",3336.48,145116197.1,Universal Pictures,2017
30,Fifty Shades Darker,"$114,581,250",4679.64,144372375.0,Universal Pictures,2017
31,Baby Driver,"$107,825,862",4064.76,135860586.12,TriStar Pictures,2017
32,Annabelle: Creation,"$102,092,201",4491.9,128636173.26,Warner Bros.,2017
33,Daddy's Home 2,"$101,791,381",4504.5,131077098.18,Paramount Pictures,2017
34,Murder on the Orient Express,"$100,619,624",4226.04,129561444.18,Twentieth Century Fox,2017
35,Kingsman: The Golden Circle,"$100,225,686",5087.88,126289355.22,Twentieth Century Fox,2017
36,John Wick: Chapter 2,"$92,029,184",3922.38,115956771.84,Lions Gate Films,2017
37,Blade Runner 2049,"$91,654,512",5113.08,115988240.34,Warner Bros.,2017
38,The Emoji Movie,"$86,089,513",5134.5,108472786.38,Sony Pictures Entertainment (SPE),2017
39,Power Rangers,"$85,364,450",4653.18,107559207.0,Lions Gate Films,2017
40,The Mummy,"$80,227,895",5084.1,101087147.7,Universal Pictures,2017
41,The Hitman's Bodyguard,"$75,468,583",4255.02,95090414.58,Lions Gate Films,2017
42,Alien: Covenant,"$74,262,031",4752.72,93570159.06,Twentieth Century Fox,2017
43,Captain Underpants: The First Epic Movie,"$73,921,000",4446.54,93140460.0,Twentieth Century Fox,2017
44,A Bad Moms Christmas,"$71,891,988",4554.9,90859430.34,STX Entertainment,2017
45,A Dog's Purpose,"$64,508,620",4004.28,81280861.2,Universal Pictures,2017
46,Pitch Perfect 3,"$63,300,605",4369.68,132170887.8,Universal Pictures,2017
47,The Lego Ninjago Movie,"$59,281,555",5099.22,74694759.3,Warner Bros.,2017
48,Baywatch,"$58,060,186",4595.22,73155834.36,Paramount Pictures,2017
49,The Shack,"$57,386,418",3638.88,72306886.68,Lions Gate Films,2017
50,Happy Death Day,"$55,683,845",4454.1,70161644.7,Universal Pictures,2017
51,Ferdinand,"$53,546,717",4573.8,106357078.8,Twentieth Century Fox,2017
52,Atomic Blonde,"$51,687,870",4190.76,65126716.2,Focus Features,2017
53,American Made,"$51,342,000",3903.48,64690920.0,Universal Pictures,2017
54,The Dark Tower,"$50,701,325",4348.26,63883669.5,Sony Pictures Entertainment (SPE),2017
55,The Greatest Showman,"$49,036,718",4210.92,219668619.24,Twentieth Century Fox,2017
56,Boo 2! A Madea Halloween,"$47,319,572",3008.88,59622660.72,Lions Gate Films,2017
57,Lion,"$46,435,205",2270.52,65191020.3,The Weinstein Company,2017
58,Snatched,"$45,852,178",4423.86,57773744.28,Twentieth Century Fox,2017
59,The Great Wall,"$45,540,830",4193.28,57381445.8,Universal Pictures,2017
60,Smurfs: The Lost Village,"$45,020,282",4548.6,56725555.32,Sony Pictures Entertainment (SPE),2017
61,Going in Style,"$45,018,541",3875.76,56723361.660000004,Warner Bros.,2017
62,All Eyez on Me,"$44,922,302",3113.46,56602100.52,Lions Gate Films,2017
63,xXx: Return of Xander Cage,"$44,898,413",4600.26,56572000.38,Paramount Pictures,2017
64,Passengers,"$44,634,490",4382.28,126018520.74,Sony Pictures Entertainment (SPE),2017
65,47 Meters Down,"$44,307,191",3113.46,55827060.660000004,Entertainment Studios Motion Pictures,2017
66,The Big Sick,"$42,873,127",3272.22,54020140.02,Lions Gate Films,2017
67,Moana,"$42,279,566",4882.5,313433875.44,Walt Disney Studios Motion Pictures,2017
68,Ghost in the Shell,"$40,563,557",4334.4,51110081.82,Paramount Pictures,2017
69,Valerian and the City of a Thousand Planets,"$40,479,370",4476.78,51898754.88,STX Entertainment,2017
70,The Star,"$39,963,949",3749.76,51474558.24,Sony Pictures Entertainment (SPE),2017
71,King Arthur: Legend of the Sword,"$39,175,066",4664.52,49360583.160000004,Warner Bros.,2017
72,Jigsaw,"$38,052,832",3705.66,47946568.32,Lions Gate Films,2017
73,American Assassin,"$36,249,674",3974.04,45674589.24,Lions Gate Films,2017
74,The Foreigner,"$34,393,507",3168.9,43335818.82,STX Entertainment,2017
75,"Everything, Everything","$34,121,140",3529.26,42992636.4,Warner Bros.,2017
76,Wind River,"$33,800,859",3641.4,42589082.34,The Weinstein Company,2017
77,Geostorm,"$33,578,782",4089.96,42462201.6,Warner Bros.,2017
78,Monster Trucks,"$33,370,166",3929.94,42046409.160000004,Paramount Pictures,2017
79,Fist Fight,"$32,187,017",4013.1,40555641.42,Warner Bros.,2017
80,How to Be a Latin Lover,"$32,149,404",1515.78,40508249.04,Pantelion Films,2017
81,Lady Bird,"$31,432,462",1961.82,61687423.98,A24,2017
82,Fences,"$31,351,933",2983.68,72680459.04,Paramount Pictures,2017
83,Patriots Day,"$31,319,806",3931.2,40176814.86,Lions Gate Films,2017
84,Kidnap,"$30,971,040",3046.68,39023510.4,Aviron Pictures,2017
85,Underworld: Blood Wars,"$30,353,973",3868.2,38246005.98,Screen Gems,2017
86,The Mountain Between Us,"$30,348,555",4106.34,38239179.3,Twentieth Century Fox,2017
87,Life,"$30,234,022",3963.96,38094867.72,Sony Pictures Entertainment (SPE),2017
88,Why Him?,"$29,689,870",3790.08,76007970.36,Twentieth Century Fox,2017
89,The Nut Job 2: Nutty by Nature,"$28,370,522",5043.78,35746857.72,Open Road Films (II),2017
90,Rings,"$27,793,018",3693.06,35019202.68,Paramount Pictures,2017
91,Logan Lucky,"$27,780,977",3819.06,35004031.02,Bleecker Street Media,2017
92,Home Again,"$27,020,284",3825.36,34045557.84,Open Road Films (II),2017
93,Resident Evil: The Final Chapter,"$26,830,068",3911.04,33805885.68,Screen Gems,2017
94,The House,"$25,584,504",3948.84,32236475.04,Warner Bros.,2017
95,Gifted,"$24,801,212",2790.9,31249527.12,Unkwon,2017
96,"Three Billboards Outside Ebbing, Missouri","$24,164,629",2174.76,68687312.4,Unkwon,2017
97,The Bye Bye Man,"$22,395,806",2797.2,28218715.56,STX Entertainment,2017
98,Victoria & Abdul,"$22,233,285",1335.6,28028788.2,Focus Features,2017
99,Rough Night,"$22,105,643",3984.12,27853110.18,Sony Pictures Entertainment (SPE),2017
100,My Little Pony: The Movie,"$21,885,107",3185.28,27575234.82,Lions Gate Films,2017
101,Leap!2017 Re-release,"$21,858,070",3408.3,27541168.2,The Weinstein Company,2017
102,Sleepless,"$20,783,704",2271.78,26187467.04,Open Road Films (II),2017
103,Diary of a Wimpy Kid: The Long Haul,"$20,738,724",3999.2400000000002,26130792.24,Twentieth Century Fox,2017
104,Manchester by the Sea,"$20,640,332",1528.38,60096167.46,Roadside Attractions,2017
105,The Circle,"$20,497,844",3985.38,25827283.44,STX Entertainment,2017
106,Baahubali 2: The Conclusion,"$20,186,659",535.5,25435190.34,Great India Films,2017
107,CHIPS,"$18,600,152",3104.64,23436191.52,Warner Bros.,2017
108,Assassin's Creed,"$18,232,781",3774.96,68856414.48,Twentieth Century Fox,2017
109,Only the Brave,"$18,181,288",3247.02,23113418.580000002,Sony Pictures Entertainment (SPE),2017
110,Darkest Hour,"$18,132,857",2183.58,71150196.6,Focus Features,2017
111,The Disaster Artist,"$17,861,795",1272.6,26611976.16,A24,2017
112,Mother!,"$17,800,004",2983.68,22428005.04,Paramount Pictures,2017
113,The Zookeeper's Wife,"$17,571,660",1331.82,22140291.6,Focus Features,2017
114,The Glass Castle,"$17,273,059",1840.86,21764054.34,Lions Gate Films,2017
115,Downsizing,"$17,160,674",3361.68,30806690.04,Paramount Pictures,2017
116,Flatliners,"$16,883,115",3215.52,21272724.9,Sony Pictures Entertainment (SPE),2017
117,Detroit,"$16,790,139",3788.82,21155575.14,Annapurna Pictures,2017
118,The Shape of Water,"$15,670,177",2949.66,80462888.1,Unkwon,2017
119,Moonlight,"$15,365,833",1970.64,35097214.32,A24,2017
120,The Case for Christ,"$14,682,684",1746.36,18500181.84,Pure Flix Entertainment,2017
121,Wish Upon,"$14,301,505",2835.0,18019896.3,Broad Green Pictures,2017
122,It Comes at Night,"$13,985,117",3191.58,17621247.42,A24,2017
123,Born in China,"$13,873,211",1900.08,17480245.86,Walt Disney Studios Motion Pictures,2017
124,Megan Leavey,"$13,406,304",2464.56,16892672.580000002,Bleecker Street Media,2017
125,Father Figures,"$12,885,287",3656.52,22051567.44,Warner Bros.,2017
126,The Founder,"$12,786,053",1404.9,16110426.78,The Weinstein Company,2017
127,All the Money in the World,"$12,712,380",2674.98,31643270.82,TriStar Pictures,2017
128,Battle of the Sexes,"$12,638,526",2295.72,15924542.76,Unkwon,2017
129,Before I Fall,"$12,241,122",2955.96,15423813.72,Open Road Films (II),2017
130,"Roman J. Israel, Esq.","$11,851,274",2102.94,15073100.28,Sony Pictures Entertainment (SPE),2017
131,Unforgettable,"$11,368,012",3045.42,14323695.12,Warner Bros.,2017
132,Fantastic Beasts and Where to Find Them,"$11,362,002",5221.44,294887344.5,Warner Bros.,2017
133,The Beguiled,"$10,709,995",1185.66,13494593.7,Focus Features,2017
134,Live by Night,"$10,283,585",3555.72,13076979.3,Warner Bros.,2017
135,The Belko Experiment,"$10,166,820",1689.66,12810193.2,BH Tilt,2017
136,Thank You for Your Service,"$9,536,300",2624.58,12015738.0,Universal Pictures,2017
137,Marshall,"$9,468,318",1034.46,12665090.34,Open Road Films (II),2017
138,Rock Dog,"$9,420,546",2617.02,11869887.96,Lions Gate Films,2017
139,Arrival,"$8,870,040",3924.9,126688135.14,Paramount Pictures,2017
140,The Lost City of Z,"$8,580,410",1091.16,10811316.6,Bleecker Street Media,2017
141,The Promise,"$8,224,288",2836.26,10362602.88,Open Road Films (II),2017
142,A Cure for Wellness,"$8,106,986",3407.04,10214802.36,Twentieth Century Fox,2017
143,The Space Between Us,"$7,885,294",3543.12,9935470.44,STX Entertainment,2017
144,Jackie,"$7,490,669",640.08,17590096.44,Unkwon,2017
145,Gold,"$7,227,038",2729.16,9106067.88,The Weinstein Company,2017
146,Let There Be Light,"$7,208,088",975.24,9114173.46,Atlas Distribution Company,2017
147,I Am Not Your Negro,"$7,123,919",403.2,8976137.94,Magnolia Pictures,2017
148,Beatriz at Dinner,"$7,115,854",860.58,8965976.040000001,Roadside Attractions,2017
149,Birth of the Dragon,"$6,901,965",2057.58,8696475.9,BH Tilt,2017
150,Silence,"$6,823,622",1990.8,8946223.02,Paramount Pictures,2017
151,The Snowman,"$6,700,035",2286.9,8442044.1,Universal Pictures,2017
152,Collateral Beauty,"$6,673,543",3815.28,39080186.46,Warner Bros.,2017
153,Same Kind of Different as Me,"$6,394,006",1716.1200000000001,8093742.3,Pure Flix Entertainment,2017
154,Lowriders,"$6,303,560",459.9,7942485.6,BH Tilt,2017
155,Loving Vincent,"$6,240,935",274.68,8486248.68,Good Deed Entertainment,2017
156,Maudie,"$6,171,598",293.58,7775457.48,Sony Pictures Classics,2017
157,Just Getting Started,"$6,034,990",2722.86,7647702.3,Broad Green Pictures,2017
158,All Saints,"$5,802,208",1065.96,7310782.08,Affirm Films,2017
159,Suburbicon,"$5,775,178",2577.96,7276724.28,Paramount Pictures,2017
160,Paris Can Wait,"$5,617,731",563.22,7078341.06,Sony Pictures Classics,2017
161,The Man Who Invented Christmas,"$5,575,759",907.2,7152372.36,Bleecker Street Media,2017
162,20th Century Women,"$5,526,783",819.0,7137602.64,A24,2017
163,Molly's Game,"$5,377,480",2152.08,36263737.44,STX Entertainment,2017
164,The Florida Project,"$5,297,299",288.54,7439501.16,A24,2017
165,Your Name.,"$5,017,246",391.86,6321729.96,FUNimation Entertainment,2017
166,Office Christmas Party,"$4,952,318",4044.6,69007042.44,Paramount Pictures,2017
167,A Beautiful Planet,"$4,676,580",195.3,19719774.9,IMAX,2017
168,Tiger Zinda Hai,"$4,572,231",376.74,7006760.46,Yash Raj Films,2017
169,Call Me by Your Name,"$4,516,120",1151.64,22800583.26,Sony Pictures Classics,2017
170,The Book of Henry,"$4,504,974",819.0,5676267.24,Focus Features,2017
171,Stronger,"$4,211,129",812.7,5306022.54,Roadside Attractions,2017
172,The Hero,"$4,077,333",563.22,5137439.58,The Orchard,2017
173,Dangal,"$4,037,118",425.88,15613618.86,UTV Motion Pictures,2017
174,Sleight,"$3,986,245",744.66,5022668.7,BH Tilt,2017
175,A United Kingdom,"$3,902,185",399.42,4916753.1,Unkwon,2017
176,Norman,"$3,814,868",469.98,4806733.68,Sony Pictures Classics,2017
177,Friend Request,"$3,759,078",3241.98,4736438.28,Entertainment Studios Motion Pictures,2017
178,A Monster Calls,"$3,676,757",1918.98,4713436.98,Focus Features,2017
179,Table 19,"$3,614,896",1093.68,4554768.96,Unkwon,2017
180,Their Finest,"$3,603,484",415.8,4540389.84,STX Entertainment,2017
181,Phoenix Forgotten,"$3,600,146",2048.76,4536183.96,Cinelou Films,2017
182,Trolls,"$3,576,772",5123.16,193670900.64000002,Twentieth Century Fox,2017
183,An Inconvenient Sequel: Truth to Power,"$3,496,795",700.5600000000001,4405961.7,Paramount Pictures,2017
184,Til Death Do Us Part,"$3,455,268",708.12,4353636.42,Unkwon,2017
185,Raees,"$3,262,954",333.9,4111322.04,Unkwon,2017
186,Close Encounters of the Third Kind2017 Re-release,"$3,100,479",1135.26,3906603.54,Sony Pictures Entertainment (SPE),2017
187,Colossal,"$3,029,287",412.02,3816901.62,Neon,2017
188,Ingrid Goes West,"$3,024,308",815.22,3810628.08,Neon,2017
189,Leap!,"$2,844,490",298.62,3584057.4,Entertainment One,2017
190,The Oscar Nominated Short Films 2017: Live Action,"$2,835,355",342.72,3572547.3,Shorts International,2017
191,Kedi,"$2,835,047",163.8,3572159.22,Oscilloscope,2017
192,Doctor Strange,"$2,765,583",4891.32,293128819.2,Walt Disney Studios Motion Pictures,2017
193,Hacksaw Ridge,"$2,746,401",3743.46,84684114.9,Lions Gate Films,2017
194,Wolf Warrior 2,"$2,721,100",66.78,3428586.0,The H Collective,2017
195,My Cousin Rachel,"$2,716,368",669.0600000000001,3422623.68,Unkwon,2017
196,Showtime Championship Boxing: Floyd Mayweather vs. Conor McGregor,"$2,620,183",670.32,3301430.58,Fathom Events,2017
197,A Question of Faith,"$2,587,072",832.86,3259710.72,Pure Flix Entertainment,2017
198,Is Genesis History?,"$2,570,392",887.04,3238693.92,Fathom Events,2017
199,Disney's Newsies: The Broadway Musical!,"$2,545,060",982.8,3206775.6,Fathom Events,2017
200,IN OUR HANDS: Battle for Jerusalem,"$2,534,370",923.58,3193306.2,Fathom Events,2017
