Rank,Movies,gross,theater sale,total gross,distributor,Year
1,Barbie,"$635,895,765",4337,635895765.0,Warner Bros.,2023
2,The Super Mario Bros. Movie,"$574,934,330",4371,574934330.0,Universal Pictures,2023
3,Spider-Man: Across the Spider-Verse,"$381,311,319",4332,381311319.0,Columbia Pictures,2023
4,Guardians of the Galaxy Vol. 3,"$358,995,815",4450,358995815.0,Walt Disney Studios Motion Pictures,2023
5,Oppenheimer,"$324,281,160",3761,324281160.0,Universal Pictures,2023
6,The Little Mermaid,"$298,172,056",4320,298172056.0,Walt Disney Studios Motion Pictures,2023
7,Avatar: The Way of Water,"$283,067,859",4340,684075767.0,20th Century Studios,2023
8,Ant-Man and the Wasp: Quantumania,"$214,504,909",4345,214504909.0,Walt Disney Studios Motion Pictures,2023
9,John Wick: Chapter 4,"$187,131,806",3855,187131806.0,Lions Gate Films,2023
10,Sound of Freedom,"$184,160,342",3411,184160342.0,Angel Studios,2023
11,Indiana Jones and the Dial of Destiny,"$174,480,468",4600,174480468.0,Walt Disney Studios Motion Pictures,2023
12,Mission: Impossible - Dead Reckoning Part One,"$172,135,383",4327,172135383.0,Paramount Pictures,2023
13,Transformers: Rise of the Beasts,"$157,066,392",3680,157066392.0,Paramount Pictures,2023
14,Creed III,"$156,248,615",4007,156248615.0,United Artists Releasing,2023
15,Elemental,"$154,426,697",4035,154426697.0,Walt Disney Studios Motion Pictures,2023
16,Taylor Swift: The Eras Tour,"$150,077,974",3855,150077974.0,Unkwon,2023
17,Fast X,"$145,960,660",4088,145960660.0,Universal Pictures,2023
18,Puss in Boots: The Last Wish,"$129,870,190",4121,185535345.0,Universal Pictures,2023
19,Teenage Mutant Ninja Turtles: Mutant Mayhem,"$118,613,586",3950,118613586.0,Paramount Pictures,2023
20,Scream VI,"$108,161,389",3676,108161389.0,Paramount Pictures,2023
21,The Flash,"$108,133,313",4256,108133313.0,Warner Bros.,2023
22,M3GAN,"$95,043,350",3628,95043350.0,Universal Pictures,2023
23,Dungeons & Dragons: Honor Among Thieves,"$93,277,026",3856,93277026.0,Paramount Pictures,2023
24,The Equalizer 3,"$92,005,103",3965,92005103.0,Columbia Pictures,2023
25,Five Nights at Freddy's,"$89,346,430",3675,89346430.0,Universal Pictures International (UPI),2023
26,The Nun II,"$86,001,052",3743,86001052.0,Warner Bros.,2023
27,Meg 2: The Trench,"$82,600,317",3604,82600317.0,Warner Bros.,2023
28,Insidious: The Red Door,"$82,156,962",3188,82156962.0,Screen Gems,2023
29,Blue Beetle,"$72,480,120",3871,72480120.0,Warner Bros.,2023
30,Haunted Mansion,"$67,651,218",3740,67651218.0,Walt Disney Studios Motion Pictures,2023
31,Evil Dead Rise,"$67,233,054",3417,67233054.0,Warner Bros.,2023
32,Cocaine Bear,"$64,388,510",3571,64388510.0,Universal Pictures,2023
33,A Man Called Otto,"$64,228,358",3957,64267657.0,Columbia Pictures,2023
34,The Exorcist: Believer,"$60,497,205",3684,60497205.0,Universal Pictures,2023
35,PAW Patrol: The Mighty Movie,"$59,718,582",4027,59718582.0,Paramount Pictures,2023
36,Shazam! Fury of the Gods,"$57,638,006",4071,57638006.0,Warner Bros.,2023
37,Air,"$52,460,106",3507,52460106.0,Unkwon,2023
38,Jesus Revolution,"$52,102,987",2575,52102987.0,Lions Gate Films,2023
39,Saw X,"$50,988,696",3262,50988696.0,Lions Gate Films,2023
40,No Hard Feelings,"$50,452,282",3208,50452282.0,Sony Pictures Entertainment (SPE),2023
41,Talk to Me,"$48,299,436",2379,48299436.0,A24,2023
42,Gran Turismo,"$43,772,361",3856,43772361.0,Sony Pictures Entertainment (SPE),2023
43,Killers of the Flower Moon,"$43,251,035",3632,43251035.0,Paramount Pictures,2023
44,The Boogeyman,"$43,244,282",3205,43244282.0,Walt Disney Studios Motion Pictures,2023
45,A Haunting in Venice,"$42,056,824",3305,42056824.0,Walt Disney Studios Motion Pictures,2023
46,80 for Brady,"$39,330,588",3939,39330588.0,Paramount Pictures,2023
47,The Creator,"$39,152,065",3680,39152065.0,Walt Disney Studios Motion Pictures,2023
48,Knock at the Cabin,"$35,397,980",3657,35397980.0,Universal Pictures,2023
49,Missing,"$32,502,025",3025,32502025.0,Sony Pictures Entertainment (SPE),2023
50,Plane,"$32,111,181",3060,32111181.0,Lions Gate Films,2023
51,65,"$32,062,904",3405,32062904.0,Sony Pictures Entertainment (SPE),2023
52,My Big Fat Greek Wedding 3,"$28,496,030",3678,28496030.0,Focus Features,2023
53,Asteroid City,"$28,153,025",1901,28153025.0,Focus Features,2023
54,Magic Mike's Last Dance,"$26,005,156",3034,26005156.0,Warner Bros.,2023
55,Strays,"$23,988,885",3232,23988885.0,Universal Pictures,2023
56,"Are You There God? It's Me, Margaret.","$20,372,406",3343,20372406.0,Lions Gate Films,2023
57,The Pope's Exorcist,"$20,009,380",3178,20009380.0,Screen Gems,2023
58,The Blackening,"$17,707,207",1775,17707207.0,Lions Gate Films,2023
59,Book Club: The Next Chapter,"$17,556,340",3513,17556340.0,Focus Features,2023
60,Pathaan,"$17,487,476",697,17487476.0,Yash Raj Films USA Inc.,2023
61,Black Panther: Wakanda Forever,"$17,329,414",4396,453829060.0,Walt Disney Studios Motion Pictures,2023
62,Renfield,"$17,152,625",3378,17152625.0,Universal Pictures,2023
63,The Covenant,"$16,938,039",2631,16938039.0,Metro-Goldwyn-Mayer (MGM),2023
64,Expend4bles,"$16,710,153",3518,16710153.0,Lions Gate Films,2023
65,The Blind,"$16,548,137",1715,16548137.0,Fathom Events,2023
66,Champions,"$16,271,910",3039,16271910.0,Focus Features,2023
67,"Ruby Gillman, Teenage Kraken","$15,753,600",3408,15753600.0,DreamWorks,2023
68,Jawan,"$15,198,530",826,15198530.0,Yash Raj Films USA Inc.,2023
69,Titanic25 Year Anniversary,"$15,033,795",2464,15033795.0,Paramount Pictures,2023
70,Dumb Money,"$13,854,525",2837,13854525.0,Sony Pictures Entertainment (SPE),2023
71,The Last Voyage of the Demeter,"$13,637,180",2715,13637180.0,Universal Pictures,2023
72,Joy Ride,"$12,897,789",2820,12897789.0,Lions Gate Films,2023
73,The Whale,"$12,269,350",1721,17463630.0,A24,2023
74,About My Father,"$12,089,391",2464,12089391.0,Lions Gate Films,2023
75,His Only Son,"$12,084,084",1930,12084084.0,Angel Studios,2023
76,Bottoms,"$12,036,071",1265,12036071.0,Orion Pictures,2023
77,Past Lives,"$10,923,569",906,10923569.0,A24,2023
78,Suzume,"$10,843,639",2170,10843639.0,Crunchyroll,2023
79,The Machine,"$10,458,331",2409,10458331.0,Sony Pictures Entertainment (SPE),2023
80,Whitney Houston: I Wanna Dance with Somebody,"$10,451,167",3625,23708080.0,TriStar Pictures,2023
81,Demon Slayer: Kimetsu No Yaiba - To the Swordsmith Village,"$10,117,806",1774,10117806.0,Crunchyroll,2023
82,House Party,"$9,002,247",1400,9002247.0,Warner Bros.,2023
83,The Nightmare Before Christmas30th Anniversary Re-Release,"$8,678,093",2185,8678093.0,Walt Disney Studios Motion Pictures,2023
84,Everything Everywhere All at Once,"$8,410,284",2220,77191785.0,A24,2023
85,Beau Is Afraid,"$7,740,323",2125,8176562.0,A24,2023
86,The Hill,"$7,665,865",1703,7665865.0,Briarcliff Entertainment,2023
87,Sisu,"$7,265,622",1006,7265622.0,Lions Gate Films,2023
88,Star Wars: Episode VI - Return of the Jedi2023 Re-release,"$7,259,924",475,7259924.0,Unkwon,2023
89,Coraline2023 Re-release (remastered),"$7,149,366",1469,7149366.0,Unkwon,2023
90,Retribution,"$6,937,696",1750,6937696.0,Roadside Attractions,2023
91,Operation Fortune: Ruse de Guerre,"$6,496,125",2168,6496125.0,Lions Gate Films,2023
92,BTS: Yet to Come in Cinemas,"$6,350,496",1210,8093270.0,Trafalgar Releasing,2023
93,Babylon,"$6,268,558",3351,15351455.0,Paramount Pictures,2023
94,Love Again,"$6,230,837",2703,6230837.0,Screen Gems,2023
95,After Death,"$6,129,073",2645,6129073.0,Angel Studios,2023
96,The Fabelmans,"$5,541,550",1962,17348945.0,Universal Pictures,2023
97,The Chosen Season 3 Finale,"$5,525,069",1979,5525069.0,Fathom Events,2023
98,Nefarious,"$5,433,685",933,5433685.0,Soli Deo Gloria Releasing,2023
99,Big George Foreman,"$5,426,772",3054,5426772.0,Sony Pictures Entertainment (SPE),2023
100,Women Talking,"$5,321,627",707,5456531.0,United Artists Releasing,2023
101,Infinity Pool,"$5,078,400",1835,5078400.0,Neon,2023
102,Hocus Pocus30th Anniversary re-release,"$4,878,679",1430,4878679.0,Walt Disney Studios Motion Pictures,2023
103,You Hurt My Feelings,"$4,830,788",912,4830788.0,A24,2023
104,Kandahar,"$4,813,132",2105,4813132.0,Open Road Films (II),2023
105,Golda,"$4,800,511",883,4800511.0,Bleecker Street Media,2023
106,It Lives Inside,"$4,675,092",2005,4675092.0,Neon,2023
107,Hypnotic,"$4,500,169",2118,4500169.0,Ketchup Entertainment,2023
108,Marlowe,"$4,350,243",2281,4350243.0,Open Road Films (II),2023
109,The Amazing Maurice,"$4,303,645",1717,4303645.0,Viva Pictures,2023
110,Mummies,"$4,275,970",384,4275970.0,Warner Bros.,2023
111,Stop Making Sense2023  Re-release,"$4,211,612",786,4840239.0,Unkwon,2023
112,Theater Camp,"$4,009,945",555,4009945.0,Searchlight Pictures,2023
113,Ponniyin Selvan: Part Two,"$3,813,000",Unkwon,3813000.0,Unkwon,2023
114,Left Behind: Rise of the Antichrist,"$3,649,422",1407,3649422.0,Fathom Events,2023
115,The Journey: A Music Special from Andrea Bocelli,"$3,574,915",1074,3574915.0,Fathom Events,2023
116,Chevalier,"$3,541,159",1281,3541159.0,Walt Disney Studios Motion Pictures,2023
117,Mafia Mamma,"$3,496,761",2002,3496761.0,Bleecker Street Media,2023
118,The Wandering Earth II,"$3,444,487",172,5023132.0,Well Go USA Entertainment,2023
119,A Thousand and One,"$3,400,020",926,3400020.0,Focus Features,2023
120,Violent Night,"$3,278,955",3723,50057405.0,Universal Pictures,2023
121,2023 Oscar Nominated Short Films: Live Action,"$3,025,631",357,3025631.0,ShortsTV,2023
122,Living,"$2,984,305",644,3038113.0,Sony Pictures Classics,2023
123,Jurassic Park2023 Re-release (30th Anniversary),"$2,970,355",1224,2970355.0,Universal Pictures,2023
124,The Menu,"$2,779,574",3228,38501125.0,Searchlight Pictures,2023
125,Tu Jhoothi Main Makkaar,"$2,503,604",400,2503604.0,Yash Raj Films USA Inc.,2023
126,Come Out in Jesus Name,"$2,500,574",1047,2500574.0,Fathom Events,2023
127,The Miracle Club,"$2,373,304",677,2397104.0,Sony Pictures Entertainment (SPE),2023
128,A Good Person,"$2,210,465",687,2210465.0,United Artists Releasing,2023
129,Moving On,"$2,136,832",794,2136832.0,Roadside Attractions,2023
130,Freelance,"$2,086,000",2057,2086000.0,Relativity Media,2023
131,Skinamarink,"$2,052,272",809,2052272.0,IFC Films,2023
132,Jules,"$1,924,922",780,1924922.0,Bleecker Street Media,2023
133,Somewhere in Queens,"$1,802,442",602,1802442.0,Roadside Attractions,2023
134,Winnie the Pooh: Blood and Honey,"$1,750,639",1652,1750639.0,Fathom Events,2023
135,Fear,"$1,735,359",974,2090261.0,Hidden Empire Film Group (HEFG),2023
136,Lost in the Stars,"$1,721,446",Unkwon,1721446.0,CMC Pictures,2023
137,Oldboy2023 Re-release,"$1,720,117",250,1720117.0,Unkwon,2023
138,Creation of the Gods I: Kingdom of Storms,"$1,685,667",115,1704708.0,Well Go USA Entertainment,2023
139,That Time I Got Reincarnated as a Slime the Movie: Scarlet Bond,"$1,588,491",1473,1588491.0,Crunchyroll,2023
140,The Banshees of Inisherin,"$1,555,301",1205,10582266.0,Searchlight Pictures,2023
141,Polite Society,"$1,545,600",927,1545600.0,Focus Features,2023
142,The Quiet Girl,"$1,500,014",244,1500014.0,Neon,2023
143,BlackBerry,"$1,476,598",449,1476597.0,IFC Films,2023
144,Spirited Away2023 Re-release (Live on Stage),"$1,455,081",1046,1455081.0,Fathom Events,2023
145,Maybe I Do,"$1,293,722",465,1293722.0,Vertical Entertainment,2023
146,Billie Eilish Live at the O2,"$1,290,000",600,1290000.0,Trafalgar Releasing,2023
147,The First Slam Dunk,"$1,275,149",581,1275149.0,GKIDS,2023
148,Dicks: The Musical,"$1,203,567",635,1203567.0,A24,2023
149,Tár,"$1,193,875",1090,6773650.0,Focus Features,2023
150,The Lost King,"$1,189,307",753,1188032.0,IFC Films,2023
151,The Lord of the Rings: The Return of the King2023 Re-release (20th Anniversary),"$1,176,085",1107,1176085.0,Fathom Events,2023
152,Strange World,"$1,120,039",4174,37968963.0,Walt Disney Studios Motion Pictures,2023
153,Camp Hideout,"$1,119,927",848,1119927.0,Roadside Attractions,2023
154,Close,"$1,100,113",233,1100113.0,A24,2023
155,Emily,"$1,097,067",579,1097067.0,Bleecker Street Media,2023
156,Knights of the Zodiac,"$1,090,155",588,1090155.0,Unkwon,2023
157,Anatomy of a Fall,"$1,037,014",262,1037014.0,Unkwon,2023
158,Broker,"$1,001,892",271,1046899.0,Neon,2023
159,Showing Up,"$972,074",115,754483.0,A24,2023
160,The Roundup: No Way Out,"$909,411",41,909411.0,Capelight Pictures,2023
161,Inside,"$897,190",357,897190.0,Focus Features,2023
162,Fool's Paradise,"$855,173",794,855173.0,Roadside Attractions,2023
163,Paint,"$811,739",819,811739.0,IFC Films,2023
164,The Royal Hotel,"$780,263",273,780263.0,Neon,2023
165,Return to Seoul,"$776,427",103,798774.0,Sony Pictures Classics,2023
166,Hidden Blade,"$770,276",62,803189.0,Well Go USA Entertainment,2023
167,The Devil Conspiracy,"$765,218",925,765218.0,Unkwon,2023
168,Route 60: The Biblical Highway,"$764,316",1006,1606339.0,Fathom Events,2023
169,Roll with It,"$757,981",725,757981.0,Fathom Events,2023
170,How to Blow Up a Pipeline,"$750,010",530,750010.0,Unkwon,2023
171,She Came to Me,"$733,978",355,733978.0,Vertical Entertainment,2023
172,Rally Road Racers,"$711,005",1228,744169.0,Viva Pictures,2023
173,It Ain't Over,"$705,355",128,705355.0,Sony Pictures Entertainment (SPE),2023
174,Devotion,"$673,996",3458,20511938.0,Columbia Pictures,2023
175,Shortcomings,"$669,840",404,675257.0,Sony Pictures Classics,2023
176,Back on the Strip,"$669,472",1318,669472.0,Unkwon,2023
177,Master Gardener,"$667,114",225,667114.0,Magnolia Pictures,2023
178,Corsage,"$638,320",317,705767.0,IFC Films,2023
179,EO,"$623,924",80,1068782.0,Sideshow Releasing,2023
180,Shin Ultraman,"$601,490",1040,601490.0,Fathom Events,2023
181,The Thorn,"$577,004",834,577004.0,Fathom Events,2023
182,The Domino Revival,"$572,772",1020,572772.0,Fathom Events,2023
183,CatVideoFest 2023,"$572,697",88,572697.0,Oscilloscope,2023
184,The Way2023  Re-release,"$567,448",755,567448.0,Fathom Events,2023
185,Of an Age,"$556,585",289,556585.0,Focus Features,2023
186,When Evil Lurks,"$544,725",659,542297.0,IFC Films,2023
187,Sweetwater,"$541,633",1204,541633.0,Briarcliff Entertainment,2023
188,Aftersun,"$539,031",97,1658790.0,A24,2023
189,Consecration,"$538,551",762,538551.0,IFC Films,2023
190,Sanctuary,"$535,201",225,535201.0,Neon,2023
191,The Good Mother,"$503,378",423,503378.0,Vertical Entertainment,2023
192,Joan Baez I Am a Noise,"$501,282",134,458839.0,Magnolia Pictures,2023
193,Triangle of Sadness,"$490,678",610,4608096.0,Neon,2023
194,Strange Way of Life,"$473,824",276,473824.0,Sony Pictures Entertainment (SPE),2023
195,"Crouching Tiger, Hidden Dragon2023 Re-release","$451,549",475,451549.0,Sony Pictures Classics,2023
196,A Father's Heart,"$447,912",741,447912.0,Fathom Events,2023
197,Carlos,"$428,166",541,427899.0,Sony Pictures Entertainment (SPE),2023
198,The Son,"$424,964",554,449650.0,Sony Pictures Classics,2023
199,The Essential Church,"$412,550",301,412550.0,Atlas Distribution Company,2023
200,Amerikatsi,"$409,476",39,409476.0,Variance Films,2023
