Rank,Movies,gross,theater sale,total gross,distributor,Year
1,Spider-Man,"$403,706,375",6627.96,690337901.25,Sony Pictures Entertainment (SPE),2002
2,Star Wars: Episode II - Attack of the Clones,"$302,191,252",5405.3099999999995,516747040.92,Twentieth Century Fox,2002
3,Harry Potter and the Chamber of Secrets,"$243,867,371",6296.22,448000304.21999997,Warner Bros.,2002
4,Signs,"$227,486,621",5904.63,389822944.14,Walt Disney Studios Motion Pictures,2002
5,My Big Fat Greek Wedding,"$223,900,343",3447.36,412859335.68,IFC Films,2002
6,The Lord of the Rings: The Two Towers,"$218,595,905",6193.62,581040696.51,New Line Cinema,2002
7,Austin Powers in Goldmember,"$212,864,437",6178.23,364756490.19,New Line Cinema,2002
8,Men in Black II,"$190,418,803",6226.11,325616153.13,Sony Pictures Entertainment (SPE),2002
9,Ice Age,"$176,387,405",5719.95,301622462.55,Twentieth Century Fox,2002
10,A Beautiful Mind,"$154,865,545",3847.5,291969403.11,Universal Pictures,2002
11,Scooby-Doo,"$153,294,164",5894.37,262133020.44,Warner Bros.,2002
12,The Lord of the Rings: The Fellowship of the Ring,"$149,492,899",5781.51,535852634.94,New Line Cinema,2002
13,Die Another Day,"$148,765,559",5774.67,275211057.69,Metro-Goldwyn-Mayer (MGM),2002
14,Lilo & Stitch,"$145,794,338",5509.62,249308317.98,Walt Disney Studios Motion Pictures,2002
15,xXx,"$142,052,700",6046.5599999999995,243007043.22,Revolution Studios,2002
16,The Santa Clause 2,"$136,568,619",5731.92,238094119.17,Walt Disney Studios Motion Pictures,2002
17,Minority Report,"$132,072,926",5131.71,225844703.46,Twentieth Century Fox,2002
18,The Ring,"$126,853,967",5005.17,220809107.43,DreamWorks Distribution,2002
19,Mr. Deeds,"$126,293,452",5538.69,215961802.92,Sony Pictures Entertainment (SPE),2002
20,Sweet Home Alabama,"$125,162,368",5665.23,217552044.78,Walt Disney Studios Motion Pictures,2002
21,The Bourne Identity,"$121,661,683",4553.73,208041477.93,Universal Pictures,2002
22,The Sum of All Fears,"$118,907,036",5523.3,203331031.56,Paramount Pictures,2002
23,8 Mile,"$114,825,865",4420.349999999999,199644040.71,Universal Pictures,2002
24,Black Hawk Down,"$108,417,454",5374.53,185772253.95,Revolution Studios,2002
25,Road to Perdition,"$104,454,762",3987.72,178617643.02,DreamWorks Distribution,2002
26,Panic Room,"$96,397,334",5333.49,164839441.14,Sony Pictures Entertainment (SPE),2002
27,Red Dragon,"$93,124,155",5750.73,159286325.57999998,Universal Pictures,2002
28,The Scorpion King,"$91,047,077",5926.86,155690501.67,Universal Pictures,2002
29,Spy Kids 2: Island of Lost Dreams,"$85,426,231",5654.97,146797393.59,Dimension Films,2002
30,Blade II,"$82,348,319",4628.97,140815625.49,New Line Cinema,2002
31,Snow Dogs,"$81,172,560",4196.34,138805077.6,Walt Disney Studios Motion Pictures,2002
32,We Were Soldiers,"$78,122,718",5374.53,133589847.78,Paramount Pictures,2002
33,Barbershop,"$75,600,370",3720.96,129587399.55,Metro-Goldwyn-Mayer (MGM),2002
34,The Rookie,"$75,600,072",4348.53,129276123.11999999,Walt Disney Studios Motion Pictures,2002
35,Spirit: Stallion of the Cimarron,"$73,280,117",5749.0199999999995,125309000.07,DreamWorks Distribution,2002
36,John Q,"$71,756,802",4283.55,122704131.42,New Line Cinema,2002
37,Divine Secrets of the Ya-Ya Sisterhood,"$69,599,016",4774.32,119014317.36,Warner Bros.,2002
38,Insomnia,"$67,355,513",4463.099999999999,115177927.23,Warner Bros.,2002
39,Changing Lanes,"$66,818,548",4517.82,114259717.08,Paramount Pictures,2002
40,Stuart Little 2,"$64,883,156",5612.22,111076138.25999999,Sony Pictures Entertainment (SPE),2002
41,Jackass: The Movie,"$64,088,388",4329.72,109876583.52,Paramount Pictures,2002
42,Catch Me If You Can,"$62,572,761",5514.75,281492250.21,DreamWorks Distribution,2002
43,Maid in Manhattan,"$62,130,801",5215.5,160759194.75,Revolution Studios,2002
44,The Time Machine,"$56,832,494",5058.18,97183564.74,DreamWorks Distribution,2002
45,The Count of Monte Cristo,"$54,234,062",3780.81,92740246.02,Walt Disney Studios Motion Pictures,2002
46,Unfaithful,"$52,775,765",4488.75,90246558.14999999,Twentieth Century Fox,2002
47,Like Mike,"$51,432,760",4165.5599999999995,87950019.6,Twentieth Century Fox,2002
48,Ocean's Eleven,"$51,268,627",5258.25,313643326.5,Warner Bros.,2002
49,The Tuxedo,"$50,449,608",5167.62,86437076.58,DreamWorks Distribution,2002
50,Two Weeks Notice,"$50,201,319",4711.05,159636795.21,Warner Bros.,2002
51,Return to Never Land,"$48,430,258",4490.46,82815741.17999999,Walt Disney Studios Motion Pictures,2002
52,Big Fat Liar,"$48,360,547",4333.14,82696535.37,Universal Pictures,2002
53,The Royal Tenenbaums,"$43,127,147",1708.29,89542457.1,Walt Disney Studios Motion Pictures,2002
54,Reign of Fire,"$43,061,982",4495.59,73635989.22,Walt Disney Studios Motion Pictures,2002
55,High Crimes,"$41,543,917",4697.37,71040098.07,Twentieth Century Fox,2002
56,About a Boy,"$41,385,278",3002.7599999999998,70768825.38,Universal Pictures,2002
57,A Walk to Remember,"$41,281,092",4138.2,70590667.32,Warner Bros.,2002
58,Orange County,"$41,076,018",3962.0699999999997,70239990.78,Paramount Pictures,2002
59,Windtalkers,"$40,914,068",4955.58,69963056.28,Metro-Goldwyn-Mayer (MGM),2002
60,Gosford Park,"$40,895,232",1569.78,70637731.65,USA Films,2002
61,Blue Crush,"$40,390,647",5155.65,69068006.37,Universal Pictures,2002
62,The Master of Disguise,"$40,388,794",4391.28,69064837.74,Revolution Studios,2002
63,I Am Sam,"$40,263,224",2479.5,68933266.92,New Line Cinema,2002
64,Resident Evil,"$40,119,709",4322.88,68604702.39,Screen Gems,2002
65,Collateral Damage,"$40,077,257",4829.04,68532109.47,Warner Bros.,2002
66,Enough,"$40,007,742",4485.33,68413238.82,Sony Pictures Entertainment (SPE),2002
67,Drumline,"$39,116,389",3141.27,96442604.64,Twentieth Century Fox,2002
68,Undercover Brother,"$39,089,928",3708.99,66843776.879999995,Universal Pictures,2002
69,Showtime,"$38,082,712",4988.07,65121437.519999996,Warner Bros.,2002
70,40 Days and 40 Nights,"$37,950,822",4102.29,64895905.62,Miramax,2002
71,Crossroads,"$37,191,304",4639.23,63597129.839999996,Paramount Pictures,2002
72,Clockstoppers,"$36,989,956",4382.73,63252824.76,Paramount Pictures,2002
73,The Mothman Prophecies,"$35,746,370",3986.0099999999998,61126292.699999996,Screen Gems,2002
74,Star Trek: Nemesis,"$35,494,352",4635.8099999999995,73965039.39,Paramount Pictures,2002
75,E.T. the Extra-Terrestrial20th Anniversary,"$35,306,015",5141.97,60373285.65,Universal Pictures,2002
76,Jimmy Neutron: Boy Genius,"$35,234,466",5388.21,138400956.72,Paramount Pictures,2002
77,K-19: The Widowmaker,"$35,168,966",4839.3,60138931.86,Paramount Pictures,2002
78,Gangs of New York,"$34,325,000",4001.4,133058520.0,Miramax,2002
79,In the Bedroom,"$33,985,039",1886.1299999999999,61441332.839999996,Miramax,2002
80,Treasure Planet,"$33,767,017",5518.17,65282298.93,Walt Disney Studios Motion Pictures,2002
81,I Spy,"$33,297,730",5441.22,57389544.269999996,Sony Pictures Entertainment (SPE),2002
82,Friday After Next,"$32,351,900",2771.91,56863671.39,New Line Cinema,2002
83,Vanilla Sky,"$31,997,193",4859.82,172057368.24,Paramount Pictures,2002
84,Murder by Numbers,"$31,945,749",4553.73,54627230.79,Warner Bros.,2002
85,One Hour Photo,"$31,587,882",2277.72,54031094.01,Unkwon,2002
86,Monster's Ball,"$31,111,028",1220.94,53478406.62,Lions Gate Films,2002
87,Halloween: Resurrection,"$30,354,442",3580.74,51906095.82,Dimension Films,2002
88,Queen of the Damned,"$30,336,800",4293.8099999999995,51875928.0,Warner Bros.,2002
89,Dragonfly,"$30,323,400",4286.97,51853014.0,Universal Pictures,2002
90,The Banger Sisters,"$30,307,416",4683.69,51825681.36,Unkwon,2002
91,Bad Company,"$30,160,161",5034.24,51573875.31,Walt Disney Studios Motion Pictures,2002
92,Space Station 3D,"$30,126,705",109.44,159686559.63,IMAX,2002
93,Kate & Leopold,"$29,899,574",4218.57,80578378.89,Miramax,2002
94,The New Guy,"$29,760,152",4594.7699999999995,50889859.92,Revolution Studios,2002
95,Ghost Ship,"$29,662,862",4765.7699999999995,51494069.61,Warner Bros.,2002
96,Harry Potter and the Sorcerer's Stone,"$29,059,541",6279.12,543054190.5,Warner Bros.,2002
97,Analyze That,"$28,739,707",4505.849999999999,54943372.17,Warner Bros.,2002
98,Swimfan,"$28,564,995",4890.599999999999,48846141.449999996,Twentieth Century Fox,2002
99,The Crocodile Hunter: Collision Course,"$28,442,574",4334.85,48636801.54,Metro-Goldwyn-Mayer (MGM),2002
100,Brown Sugar,"$27,273,283",2356.38,46792253.61,Unkwon,2002
101,Blood Work,"$26,235,081",4317.75,44861988.51,Warner Bros.,2002
102,All About the Benjamins,"$25,916,319",2597.49,44316905.49,New Line Cinema,2002
103,The Transporter,"$25,272,510",4463.099999999999,43256924.37,Twentieth Century Fox,2002
104,Jonah: A VeggieTales Movie,"$25,230,712",2778.75,43743901.589999996,Artisan Entertainment,2002
105,The Sweetest Thing,"$24,718,164",4565.7,42268060.44,Sony Pictures Entertainment (SPE),2002
106,Beauty and the Beast2000 IMAX Release,"$24,168,654",116.28,43583094.9,Walt Disney Studios Motion Pictures,2002
107,The Hot Chick,"$23,995,607",3840.66,59989525.74,Walt Disney Studios Motion Pictures,2002
108,Eight Crazy Nights,"$23,341,502",4280.13,40333082.58,Sony Pictures Entertainment (SPE),2002
109,City by the Sea,"$22,457,568",4403.25,38387790.0,Warner Bros.,2002
110,The Wild Thornberrys,"$22,411,533",5150.5199999999995,68585871.87,Paramount Pictures,2002
111,Ali,"$21,508,157",4310.91,99527309.55,Sony Pictures Entertainment (SPE),2002
112,National Lampoon's Van Wilder,"$21,305,259",3597.84,36431992.89,Artisan Entertainment,2002
113,Frida,"$20,518,988",1357.74,44263350.0,Miramax,2002
114,Martin Lawrence Live: Runteldat,"$19,184,820",1323.54,32806042.2,Paramount Pictures,2002
115,Hart's War,"$19,077,641",4204.89,32622766.11,Metro-Goldwyn-Mayer (MGM),2002
116,Rollerball,"$18,990,798",4723.0199999999995,32474264.58,Metro-Goldwyn-Mayer (MGM),2002
117,Tuck Everlasting,"$18,795,418",2496.6,32767018.29,Walt Disney Studios Motion Pictures,2002
118,Super Troopers,"$18,492,362",3086.5499999999997,31621939.02,Unkwon,2002
119,"Monsters, Inc.","$18,407,006",6239.79,437543257.5,Walt Disney Studios Motion Pictures,2002
120,The Four Feathers,"$18,306,166",3739.77,31303543.86,Paramount Pictures,2002
121,Punch-Drunk Love,"$17,844,216",2211.0299999999997,30513609.36,Revolution Studios,2002
122,Amélie,"$17,436,294",518.13,56815603.29,Miramax,2002
123,Eight Legged Freaks,"$17,322,606",4326.3,29621656.259999998,Warner Bros.,2002
124,The Country Bears,"$16,990,825",4365.63,29054310.75,Walt Disney Studios Motion Pictures,2002
125,Serving Sara,"$16,930,185",3717.54,28950616.349999998,Paramount Pictures,2002
126,White Oleander,"$16,357,770",2582.1,27971786.7,Warner Bros.,2002
127,Kung Pow: Enter the Fist,"$16,037,962",4237.38,27424915.02,Twentieth Century Fox,2002
128,Empire,"$15,413,065",1485.99,30096723.33,Universal Pictures,2002
129,Half Past Dead,"$15,374,912",3613.23,26621040.599999998,Sony Pictures Entertainment (SPE),2002
130,Bowling for Columbine,"$15,364,197",424.08,36894990.78,United Artists,2002
131,The Next Best Thing,"$14,986,688",3479.85,25633895.22,Paramount Pictures,2002
132,Solaris,"$14,838,227",4114.26,25604483.22,Twentieth Century Fox,2002
133,Life or Something Like It,"$14,448,589",4461.39,24707087.19,Twentieth Century Fox,2002
134,Ballistic: Ecks vs. Sever,"$14,307,963",4625.55,24466616.73,Warner Bros.,2002
135,Stealing Harvard,"$14,036,406",4045.86,24002254.259999998,Revolution Studios,2002
136,The Good Girl,"$14,018,296",1176.48,23971286.16,Unkwon,2002
137,Monsoon Wedding,"$13,885,966",434.34,23745001.86,USA Films,2002
138,And Your Mother Too,"$13,839,658",489.06,23665815.18,IFC Films,2002
139,Hey Arnold! The Movie,"$13,728,902",4333.14,23476422.419999998,Paramount Pictures,2002
140,The Emperor's Club,"$13,673,240",1386.81,24143064.21,Universal Pictures,2002
141,Juwanna Mann,"$13,670,733",2265.75,23376953.43,Warner Bros.,2002
142,Feardotcom,"$13,258,249",4360.5,22671605.79,Warner Bros.,2002
143,Jason X,"$13,121,555",3213.09,22437859.05,New Line Cinema,2002
144,Frailty,"$13,110,448",2559.87,22418866.08,Lions Gate Films,2002
145,How High,"$12,944,920",2176.83,53315645.4,Universal Pictures,2002
146,Undisputed,"$12,764,457",1910.07,21827563.47,Miramax,2002
147,They,"$12,616,304",2775.33,21957839.82,Dimension Films,2002
148,The Majestic,"$11,884,012",4037.31,47550424.86,Warner Bros.,2002
149,Knockaround Guys,"$11,693,962",3088.2599999999998,20033739.27,New Line Cinema,2002
150,The Powerpuff Girls Movie,"$11,412,414",4001.4,19515227.94,Warner Bros.,2002
151,CyberWorld,"$11,315,437",64.98,19244169.0,IMAX,2002
152,Brotherhood of the Wolf,"$11,260,096",692.55,19254764.16,Universal Pictures,2002
153,Abandon,"$10,727,683",4013.37,18344337.93,Paramount Pictures,2002
154,Far from Heaven,"$10,303,978",497.61,27192161.79,Focus Features,2002
155,Sorority Boys,"$10,200,032",3079.71,17442054.72,Walt Disney Studios Motion Pictures,2002
156,Possession,"$10,113,616",1058.49,17294483.43,Focus Features,2002
157,S1m0ne,"$9,729,415",3283.2,16567635.959999999,New Line Cinema,2002
158,The Shipping News,"$9,242,154",742.14,19552509.36,Miramax,2002
159,Behind Enemy Lines,"$8,641,762",4863.24,100645110.89999999,Twentieth Century Fox,2002
160,The Importance of Being Earnest,"$8,384,929",369.36,14338228.59,Miramax,2002
161,Death to Smoochy,"$8,364,691",3700.44,14303621.61,Warner Bros.,2002
162,Joe Somebody,"$8,194,551",4304.07,38939514.66,Twentieth Century Fox,2002
163,Star Wars: Episode II - Attack of the Clones2002 IMAX Release,"$7,979,225",99.17999999999999,14510184.48,Twentieth Century Fox,2002
164,Not Another Teen Movie,"$7,387,484",4044.15,65411405.64,Sony Pictures Entertainment (SPE),2002
165,Shackleton's Antarctic Adventure,"$7,335,696",44.46,26596184.04,Unkwon,2002
166,Big Trouble,"$7,267,307",3353.31,12427094.97,Walt Disney Studios Motion Pictures,2002
167,Trapped,"$7,073,251",3808.17,12095259.209999999,Sony Pictures Entertainment (SPE),2002
168,Kissing Jessica Stein,"$7,025,722",545.49,12013984.62,Unkwon,2002
169,Moonlight Mile,"$6,788,377",747.27,11689313.76,Walt Disney Studios Motion Pictures,2002
170,Spider-Man/Men in Black IIDouble Bill,"$6,632,970",3553.38,11342378.7,Sony Pictures Entertainment (SPE),2002
171,Femme Fatale,"$6,630,252",1822.86,11337730.92,Warner Bros.,2002
172,The Rules of Attraction,"$6,529,218",2457.27,11170778.49,Lions Gate Films,2002
173,Impostor,"$6,285,176",3197.7,10747650.959999999,Miramax,2002
174,Deuces Wild,"$6,080,065",2530.7999999999997,10396911.15,Metro-Goldwyn-Mayer (MGM),2002
175,Iris,"$5,571,473",376.2,9566795.07,Miramax,2002
176,Spirited Away,"$5,384,953",1220.94,17195518.89,Walt Disney Studios Motion Pictures,2002
177,The Truth About Charlie,"$5,350,371",1291.05,9149134.41,Universal Pictures,2002
178,Slackers,"$5,285,941",3237.0299999999997,9038959.11,Sony Pictures Entertainment (SPE),2002
179,Formula 51,"$5,204,007",3175.47,8898851.97,Screen Gems,2002
180,Real Women Have Curves,"$5,165,916",278.73,10008961.74,Newmarket Films,2002
181,Birthday Girl,"$5,142,576",1710.0,8793804.959999999,Miramax,2002
182,Hollywood Ending,"$4,850,753",1320.12,8294787.63,DreamWorks Distribution,2002
183,Extreme Ops,"$4,775,724",3078.0,8280262.89,Paramount Pictures,2002
184,Igby Goes Down,"$4,706,595",266.76,8169465.149999999,Metro-Goldwyn-Mayer (MGM),2002
185,Adaptation.,"$4,551,555",1149.12,38472469.199999996,Sony Pictures Entertainment (SPE),2002
186,Italian for Beginners,"$4,544,753",169.29,7771527.63,Miramax,2002
187,The Adventures of Pluto Nash,"$4,420,080",3967.2,7558336.8,Warner Bros.,2002
188,Lantana,"$4,338,191",184.68,7905653.1899999995,Lions Gate Films,2002
189,Enigma2001 Re-release,"$4,301,582",196.65,7355705.22,Unkwon,2002
190,The Crime of Padre Amaro,"$4,293,774",234.26999999999998,9776145.24,IDP Distribution,2002
191,The Other Side of Heaven,"$4,272,708",523.26,8071834.41,Excel Entertainment,2002
192,Séraphin: Heart of Stone,"$4,265,443",210.32999999999998,11541109.77,Alliance Atlantis Vivafilm,2002
193,Men with Brooms,"$4,245,870",353.96999999999997,7260437.7,Artisan Entertainment,2002
194,Lovely & Amazing,"$4,222,923",299.25,7221198.33,Lions Gate Films,2002
195,Ultimate X: The Movie,"$4,197,492",82.08,7177711.32,Walt Disney Studios Motion Pictures,2002
196,Mostly Martha,"$4,133,232",244.53,7114412.25,Paramount Classics,2002
197,Secretary,"$3,843,970",254.79,6942052.8,Lions Gate Films,2002
198,Antwone Fisher,"$3,671,337",1745.9099999999999,36043627.949999996,Unkwon,2002
199,T-Rex: Back to the Cretaceous,"$3,337,927",64.98,91236610.53,IMAX,2002
200,13 Conversations About One Thing,"$3,288,164",116.28,5622760.4399999995,Sony Pictures Classics,2002
