Rank,Movies,gross,theater sale,total gross,distributor,Year
1,Iron Man 3,"$409,013,994",5613.96,539898472.08,Walt Disney Studios Motion Pictures,2013
2,The Hunger Games: Catching Fire,"$395,526,705",5495.16,560561822.0400001,Lions Gate Films,2013
3,Despicable Me 2,"$367,793,270",5283.96,485846308.20000005,Universal Pictures,2013
4,Man of Steel,"$291,045,518",5553.240000000001,384180083.76,Warner Bros.,2013
5,Monsters University,"$268,492,764",5285.280000000001,354410448.48,Walt Disney Studios Motion Pictures,2013
6,Frozen,"$263,092,648",4939.4400000000005,528974171.88,Walt Disney Studios Motion Pictures,2013
7,Gravity,"$254,861,229",5042.400000000001,361802370.6,Warner Bros.,2013
8,Fast & Furious 6,"$238,679,850",4977.72,315057402.0,Universal Pictures,2013
9,Oz the Great and Powerful,"$234,911,825",5163.84,310083609.0,Walt Disney Studios Motion Pictures,2013
10,Star Trek Into Darkness,"$228,778,661",5157.240000000001,301987832.52000004,Paramount Pictures,2013
11,Thor: The Dark World,"$202,651,732",5070.12,272398024.8,Walt Disney Studios Motion Pictures,2013
12,World War Z,"$202,359,711",4761.24,267114818.52,Paramount Pictures,2013
13,The Hobbit: The Desolation of Smaug,"$201,542,078",5184.96,341044248.6,Warner Bros.,2013
14,The Croods,"$187,168,425",5365.8,247062321.0,Twentieth Century Fox,2013
15,The Heat,"$159,582,188",4202.88,210648488.16,Twentieth Century Fox,2013
16,We're the Millers,"$150,394,119",4547.400000000001,198520237.08,Warner Bros.,2013
17,The Great Gatsby,"$144,840,419",4686.0,191189353.08,Warner Bros.,2013
18,The Conjuring,"$137,400,141",4111.8,181368186.12,Warner Bros.,2013
19,Identity Thief,"$134,506,920",4263.6,177549134.4,Universal Pictures,2013
20,Grown Ups 2,"$133,668,525",4608.12,176442453.0,Sony Pictures Entertainment (SPE),2013
21,The Wolverine,"$132,556,852",5179.68,174975044.64000002,Twentieth Century Fox,2013
22,G.I. Joe: Retaliation,"$122,523,060",4928.88,161730439.20000002,Paramount Pictures,2013
23,Now You See Me,"$117,723,989",4068.2400000000002,155395665.48000002,Lions Gate Films,2013
24,Cloudy with a Chance of Meatballs 2,"$116,857,454",5281.320000000001,158127508.44,Sony Pictures Entertainment (SPE),2013
25,The Butler,"$116,180,128",4395.6,153954365.4,The Weinstein Company,2013
26,The Hangover Part III,"$112,200,072",4705.8,148104095.04000002,Warner Bros.,2013
27,Epic,"$107,518,682",5140.08,141924660.24,Twentieth Century Fox,2013
28,Captain Phillips,"$104,638,057",4148.76,141373128.6,Sony Pictures Entertainment (SPE),2013
29,Silver Linings Playbook,"$103,633,972",3707.88,174362704.56,The Weinstein Company,2013
30,Pacific Rim,"$101,802,906",4336.2,134379835.92000002,Warner Bros.,2013
31,This Is the End,"$101,470,202",4032.6000000000004,133940666.64,Sony Pictures Entertainment (SPE),2013
32,Jackass Presents: Bad Grandpa,"$101,337,759",4415.400000000001,134643985.08,Paramount Pictures,2013
33,Olympus Has Fallen,"$98,925,640",4099.92,130581844.80000001,FilmDistrict,2013
34,42,"$95,020,213",4494.6,125426681.16000001,Warner Bros.,2013
35,Zero Dark Thirty,"$94,277,984",3888.7200000000003,126351345.12,Sony Pictures Entertainment (SPE),2013
36,Django Unchained,"$94,199,823",3975.84,214903172.88,The Weinstein Company,2013
37,Elysium,"$93,050,117",4334.88,122826154.44000001,TriStar Pictures,2013
38,Anchorman 2: The Legend Continues,"$90,579,768",4629.24,165222245.76000002,Paramount Pictures,2013
39,Planes,"$90,288,712",4905.12,119181099.84,Walt Disney Studios Motion Pictures,2013
40,The Lone Ranger,"$89,302,115",5153.280000000001,117878791.80000001,Walt Disney Studios Motion Pictures,2013
41,Oblivion,"$89,107,235",5005.4400000000005,117621550.2,Universal Pictures,2013
42,Insidious: Chapter 2,"$83,586,447",4164.6,110334110.04,FilmDistrict,2013
43,Turbo,"$83,028,128",5027.88,109597128.96000001,Twentieth Century Fox,2013
44,Les Misérables,"$75,842,530",3863.6400000000003,196428896.4,Universal Pictures,2013
45,2 Guns,"$75,612,460",3996.96,99808447.2,Universal Pictures,2013
46,The Hobbit: An Unexpected Journey,"$74,456,964",5412.0,399964709.76,Warner Bros.,2013
47,White House Down,"$73,103,784",4253.04,96496994.88000001,Sony Pictures Entertainment (SPE),2013
48,Mama,"$71,628,180",3670.92,94549197.60000001,Universal Pictures,2013
49,Safe Haven,"$71,349,120",4254.360000000001,94180838.4,Relativity Media,2013
50,The Smurfs 2,"$71,017,784",5104.4400000000005,93743474.88000001,Sony Pictures Entertainment (SPE),2013
51,The Best Man Holiday,"$70,313,550",2694.1200000000003,93093257.4,Universal Pictures,2013
52,Percy Jackson: Sea of Monsters,"$68,481,744",4065.6000000000004,90498611.28,Twentieth Century Fox,2013
53,American Hustle,"$67,518,524",3470.28,198155505.24,Sony Pictures Entertainment (SPE),2013
54,A Good Day to Die Hard,"$67,349,198",4692.6,88900941.36,Twentieth Century Fox,2013
55,Warm Bodies,"$66,380,662",3971.88,87622473.84,Lions Gate Films,2013
56,Jack the Giant Slayer,"$65,187,603",4653.0,86047635.96000001,Warner Bros.,2013
57,The Purge,"$64,473,115",3420.1200000000003,85104511.8,Universal Pictures,2013
58,Last Vegas,"$62,791,595",4272.84,84366700.44,CBS Films,2013
59,Ender's Game,"$61,283,464",4497.24,81493092.12,Lions Gate Films,2013
60,Prisoners,"$61,002,302",4342.8,80523038.64,Warner Bros.,2013
61,After Earth,"$60,522,097",4489.320000000001,79889168.04,Sony Pictures Entertainment (SPE),2013
62,Escape from Planet Earth,"$57,012,977",4425.96,75257129.64,The Weinstein Company,2013
63,Hansel & Gretel: Witch Hunters,"$55,703,475",4455.0,73528587.0,Paramount Pictures,2013
64,Free Birds,"$54,542,536",4931.52,73590633.60000001,Relativity Media,2013
65,Evil Dead,"$54,239,856",3993.0,71596609.92,TriStar Pictures,2013
66,RED 2,"$53,262,560",3981.1200000000003,70306579.2,Lions Gate Films,2013
67,Temptation: Confessions of a Marriage Counselor,"$51,975,354",2702.04,68607467.28,Lions Gate Films,2013
68,The Call,"$51,872,378",3309.2400000000002,68471538.96000001,TriStar Pictures,2013
69,Pain & Gain,"$49,875,291",4359.96,65835384.120000005,Paramount Pictures,2013
70,Lincoln,"$48,018,876",3026.76,240514524.36,Walt Disney Studios Motion Pictures,2013
71,Gangster Squad,"$46,000,903",4095.96,60721191.96,Warner Bros.,2013
72,Jurassic Park2013 Re-release,"$45,385,935",3666.96,59909434.2,Universal Pictures,2013
73,A Madea Christmas,"$45,282,853",2896.08,69357227.28,Lions Gate Films,2013
74,The Internship,"$44,672,764",4486.68,58968048.480000004,Twentieth Century Fox,2013
75,Instructions Not Included,"$44,467,206",1290.96,58696711.92,Lions Gate Films,2013
76,Saving Mr. Banks,"$44,087,469",3525.7200000000003,109958085.60000001,Walt Disney Studios Motion Pictures,2013
77,Parental Guidance,"$43,273,946",4445.76,101992830.72,Twentieth Century Fox,2013
78,Snitch,"$42,930,462",3314.52,56668209.84,Lions Gate Films,2013
79,Riddick,"$42,025,135",4114.4400000000005,55473178.2,Universal Pictures,2013
80,The Wolf of Wall Street,"$41,448,935",3375.2400000000002,154308916.08,Paramount Pictures,2013
81,A Haunted House,"$40,041,683",2851.2000000000003,52855021.56,Open Road Films (II),2013
82,Life of Pi,"$39,347,207",3888.7200000000003,164982870.36,Twentieth Century Fox,2013
83,12 Years a Slave,"$37,951,371",1945.68,74807030.76,Unkwon,2013
84,The Family,"$36,912,954",4080.1200000000003,48732830.52,Relativity Media,2013
85,Carrie,"$35,266,619",4167.24,46551937.080000006,Screen Gems,2013
86,Texas Chainsaw,"$34,341,945",3509.88,45331367.4,Lions Gate Films,2013
87,R.I.P.D.,"$33,618,855",3764.6400000000003,44376888.6,Universal Pictures,2013
88,Blue Jasmine,"$33,021,046",1693.5600000000002,44095234.92,Sony Pictures Classics,2013
89,Jack Reacher,"$32,520,094",4424.64,105693371.52000001,Paramount Pictures,2013
90,Kevin Hart: Let Me Explain,"$32,244,051",1177.44,42562147.32,Lions Gate Films,2013
91,Side Effects,"$32,172,757",3438.6000000000004,42468039.24,Open Road Films (II),2013
92,Scary Movie V,"$32,015,787",4490.64,42260838.84,Unkwon,2013
93,The Secret Life of Walter Mitty,"$31,484,331",3857.04,76872626.16,Twentieth Century Fox,2013
94,The Mortal Instruments: City of Bones,"$31,165,421",4115.76,41138355.72,Screen Gems,2013
95,Delivery Man,"$29,704,884",4007.52,40476619.92,Walt Disney Studios Motion Pictures,2013
96,One Direction: This Is Us,"$28,873,374",3610.2000000000003,38112853.68,TriStar Pictures,2013
97,Kick-Ass 2,"$28,795,985",3887.4,38010700.2,Universal Pictures,2013
98,This Is 40,"$28,592,545",3868.92,89158746.60000001,Universal Pictures,2013
99,Argo,"$27,304,583",4286.04,179553663.96,Warner Bros.,2013
100,Rush,"$26,947,624",3046.56,35570863.68,Universal Pictures,2013
101,The Host,"$26,627,201",4226.64,35147905.32,Open Road Films (II),2013
102,The World's End,"$26,004,851",2049.96,34326403.32,Focus Features,2013
103,21 & Over,"$25,682,380",3657.7200000000003,33900741.6,Relativity Media,2013
104,Escape Plan,"$24,977,645",3805.5600000000004,33179473.8,Lions Gate Films,2013
105,Don Jon,"$24,469,383",3197.04,32310569.28,Relativity Media,2013
106,Walking with Dinosaurs 3D,"$24,345,767",4280.76,47620479.72,Twentieth Century Fox,2013
107,47 Ronin,"$23,852,775",3550.8,50638467.0,Universal Pictures,2013
108,The Incredible Burt Wonderstone,"$22,537,881",4171.2,29750002.92,Warner Bros.,2013
109,The Big Wedding,"$21,819,348",3475.56,28801539.360000003,Lions Gate Films,2013
110,Mud,"$21,590,086",1267.2,28498913.52,Roadside Attractions,2013
111,Baggage Claim,"$21,569,509",2943.6000000000004,28471751.880000003,Unkwon,2013
112,The Way Way Back,"$21,506,546",1321.3200000000002,28388640.720000003,Unkwon,2013
113,The Place Beyond the Pines,"$21,403,519",2090.88,28252645.080000002,Focus Features,2013
114,Homefront,"$20,122,876",3392.4,26609745.36,Open Road Films (II),2013
115,Broken City,"$19,701,164",3461.04,26005536.48,Twentieth Century Fox,2013
116,Beautiful Creatures,"$19,452,138",3894.0,25676822.16,Warner Bros.,2013
117,Runner Runner,"$19,316,646",3994.32,25497972.720000003,Twentieth Century Fox,2013
118,You're Next,"$18,494,006",3216.84,24412087.92,Lions Gate Films,2013
119,The Impossible,"$18,491,079",1169.52,25106244.240000002,Lions Gate Films,2013
120,Quartet,"$18,390,117",957.0,24274954.44,The Weinstein Company,2013
121,The Book Thief,"$18,214,732",1737.1200000000001,28364794.92,Twentieth Century Fox,2013
122,Admission,"$18,007,317",2852.52,23769658.44,Focus Features,2013
123,Parker,"$17,616,641",2954.1600000000003,23253966.12,FilmDistrict,2013
124,Enough Said,"$17,464,587",1102.2,23167151.040000003,Unkwon,2013
125,Dark Skies,"$17,418,667",3053.1600000000003,22992640.44,Unkwon,2013
126,Philomena,"$17,312,034",1617.0,49777172.28,The Weinstein Company,2013
127,The Counselor,"$16,952,766",4018.0800000000004,22405303.8,Twentieth Century Fox,2013
128,Grudge Match,"$16,240,226",3769.92,39345583.2,Warner Bros.,2013
129,Jobs,"$16,131,410",3142.92,21293461.2,Open Road Films (II),2013
130,Fruitvale Station,"$16,101,339",1433.52,21253767.48,The Weinstein Company,2013
131,Dallas Buyers Club,"$15,847,213",1465.2,36033736.2,Focus Features,2013
132,About Time,"$15,322,921",1689.6000000000001,20226255.720000003,Universal Pictures,2013
133,The Last Exorcism Part II,"$15,179,302",3564.0,20036678.64,CBS Films,2013
134,The Guilt Trip,"$14,363,294",3208.92,49017163.800000004,Paramount Pictures,2013
135,Spring Breakers,"$14,124,284",1820.28,18644054.880000003,A24,2013
136,"Monsters, Inc.2012 3D Release","$14,029,026",3455.76,44936767.92,Walt Disney Studios Motion Pictures,2013
137,Skyfall,"$13,456,006",4654.320000000001,401755565.64000005,Sony Pictures Entertainment (SPE),2013
138,Wreck-It Ralph,"$13,432,870",4952.64,250038213.48000002,Walt Disney Studios Motion Pictures,2013
139,Rise of the Guardians,"$12,075,099",4847.04,136504840.56,DreamWorks,2013
140,The Last Stand,"$12,050,299",3845.1600000000003,15906394.680000002,Lions Gate Films,2013
141,Out of the Furnace,"$11,140,012",2773.32,14956720.680000002,Relativity Media,2013
142,Dead Man Down,"$10,895,295",2888.1600000000003,14381789.4,FilmDistrict,2013
143,Getaway,"$10,501,938",2818.2000000000003,13862558.16,Warner Bros.,2013
144,Bullet to the Head,"$9,489,829",3173.28,12526574.280000001,Warner Bros.,2013
145,Peeples,"$9,177,065",2694.1200000000003,12113725.8,Lions Gate Films,2013
146,Battle of the Year,"$8,888,355",2650.56,11732628.6,Screen Gems,2013
147,Movie 43,"$8,840,453",2670.36,11669397.96,Relativity Media,2013
148,Before Midnight,"$8,114,627",1184.04,10711307.64,Sony Pictures Classics,2013
149,Machete Kills,"$8,008,161",3350.1600000000003,10570772.520000001,Open Road Films (II),2013
150,Paranoia,"$7,388,654",3245.88,9753023.280000001,Relativity Media,2013
151,Promised Land,"$7,371,538",2212.32,10029225.360000001,Focus Features,2013
152,Dhoom 3,"$7,194,748",315.48,10602180.6,Yash Raj Films,2013
153,Black Nativity,"$7,004,330",2013.0,9264009.48,Unkwon,2013
154,The Spectacular Now,"$6,854,611",1016.4000000000001,9048086.52,A24,2013
155,The Grandmaster,"$6,594,959",1061.28,8705345.88,The Weinstein Company,2013
156,Amour,"$6,511,320",439.56,8896129.440000001,Sony Pictures Classics,2013
157,Hubble,"$6,177,621",199.32000000000002,69330233.28,Warner Bros.,2013
158,Nebraska,"$6,058,098",1277.76,23304483.84,Paramount Pictures,2013
159,All Is Lost,"$5,972,093",637.5600000000001,8268044.4,Roadside Attractions,2013
160,The Twilight Saga: Breaking Dawn - Part 2,"$5,901,844",5372.400000000001,385868652.84000003,Lions Gate Films,2013
161,The Bling Ring,"$5,845,733",858.0,7716366.24,A24,2013
162,Pulling Strings,"$5,842,961",578.1600000000001,7712708.5200000005,Lions Gate Films,2013
163,Closed Circuit,"$5,750,401",1148.4,7590529.32,Focus Features,2013
164,The Wizard of Oz2013 3D/IMAX Release,"$5,633,202",419.76000000000005,7435826.640000001,Warner Bros.,2013
165,Chennai Express,"$5,307,960",258.72,7006507.2,UTV Motion Pictures,2013
166,Mandela: Long Walk to Freedom,"$5,236,120",1333.2,10986472.200000001,The Weinstein Company,2013
167,Inside Llewyn Davis,"$5,198,928",962.2800000000001,17470621.080000002,CBS Films,2013
168,The Company You Keep,"$5,133,027",1065.24,6775595.640000001,Sony Pictures Classics,2013
169,Justin Bieber's Believe,"$4,881,936",1368.8400000000001,8192667.12,Open Road Films (II),2013
170,20 Feet from Stardom,"$4,815,564",194.04000000000002,6529307.4,RADiUS-TWC,2013
171,Hyde Park on Hudson,"$4,486,248",324.72,8416511.4,Focus Features,2013
172,Cirque du Soleil: Worlds Away,"$4,422,021",1108.8,16516977.84,Paramount Pictures,2013
173,Much Ado About Nothing,"$4,328,849",293.04,5714080.680000001,Roadside Attractions,2013
174,Frances Ha,"$4,069,826",307.56,5372170.32,IFC Films,2013
175,Yeh Jawaani Hai Deewani,"$3,827,466",212.52,5052255.12,Eros Worldwide,2013
176,The To Do List,"$3,491,669",780.12,4609003.08,CBS Films,2013
177,Metallica Through the Never,"$3,419,967",777.48,4514356.44,Unkwon,2013
178,Emperor,"$3,346,275",410.52000000000004,4417069.8,Roadside Attractions,2013
179,Stand Up Guys,"$3,310,031",884.4000000000001,4369240.92,Lions Gate Films,2013
180,The Fifth Estate,"$3,255,008",2335.08,4296610.5600000005,Walt Disney Studios Motion Pictures,2013
181,Love Is All You Need,"$3,180,709",133.32,2153855.88,Sony Pictures Classics,2013
182,Top Gun2013 3D Release,"$3,018,873",396.0,3984912.3600000003,Paramount Pictures,2013
183,In a World...,"$2,963,902",190.08,3912350.64,Roadside Attractions,2013
184,To the Arctic 3D,"$2,925,326",68.64,19220306.16,Warner Bros.,2013
185,Home Run,"$2,861,020",502.92,3776546.4000000004,The Samuel Goldwyn Company,2013
186,Filly Brown,"$2,850,357",341.88,3762471.24,Lions Gate Films,2013
187,Hotel Transylvania,"$2,775,193",4455.0,195773223.36,Sony Pictures Entertainment (SPE),2013
188,RamLeela,"$2,738,863",269.28000000000003,3615299.16,Eros Worldwide,2013
189,Space Station 3D,"$2,616,192",84.48,123266817.96000001,IMAX,2013
190,Grace Unplugged,"$2,507,201",674.52,3309505.3200000003,Roadside Attractions,2013
191,The Sapphires,"$2,450,867",166.32000000000002,3235144.44,The Weinstein Company,2013
192,The Gatekeepers,"$2,415,727",172.92000000000002,3188759.64,Sony Pictures Classics,2013
193,I'm in Love with a Church Girl,"$2,387,730",604.5600000000001,3151803.6,High Top Releasing,2013
194,No,"$2,343,664",130.68,3093636.48,Sony Pictures Classics,2013
195,Trance,"$2,328,743",584.76,3073940.7600000002,Unkwon,2013
196,The East,"$2,301,839",257.40000000000003,3038427.48,Unkwon,2013
197,Renoir,"$2,293,798",113.52000000000001,3027813.3600000003,The Samuel Goldwyn Company,2013
198,The Christmas Candle,"$2,252,400",517.44,2981378.4000000004,EchoLight Studios,2013
199,Krrish 3,"$2,191,534",274.56,2892824.8800000004,Eros Worldwide,2013
200,Oldboy,"$2,190,524",769.5600000000001,2895628.56,FilmDistrict,2013
