Rank,Movies,gross,theater sale,total gross,distributor,Year
1,Star Wars: Episode III - Revenge of the Sith,"$380,270,577",5787.54,600827511.6600001,Twentieth Century Fox,2005
2,Harry Potter and the Goblet of Fire,"$273,281,180",6095.64,458220596.88,Warner Bros.,2005
3,War of the Worlds,"$234,280,354",6177.8,370162959.32,Paramount Pictures,2005
4,"The Chronicles of Narnia: The Lion, the Witch and the Wardrobe","$209,440,087",6087.740000000001,460903312.06,Walt Disney Studios Motion Pictures,2005
5,Wedding Crashers,"$209,253,921",4946.9800000000005,330624355.18,New Line Cinema,2005
6,Charlie and the Chocolate Factory,"$206,459,076",5988.2,326205340.08000004,Warner Bros.,2005
7,Batman Begins,"$205,343,774",6095.64,324443162.92,Warner Bros.,2005
8,Madagascar,"$193,595,521",6544.360000000001,305880923.18,DreamWorks Distribution,2005
9,Mr. & Mrs. Smith,"$186,336,279",5452.58,294411320.82,Twentieth Century Fox,2005
10,Hitch,"$179,495,555",5648.5,283602976.90000004,Sony Pictures Entertainment (SPE),2005
11,King Kong,"$158,709,835",5730.66,344566439.5,Universal Pictures,2005
12,The Longest Yard,"$158,119,460",5773.320000000001,249828746.8,Paramount Pictures,2005
13,Fantastic Four,"$154,696,080",5718.02,244419806.4,Twentieth Century Fox,2005
14,Meet the Fockers,"$146,401,395",5615.320000000001,441232632.8,Universal Pictures,2005
15,Chicken Little,"$131,744,998",5779.64,213910930.70000002,Walt Disney Studios Motion Pictures,2005
16,Robots,"$128,200,012",5966.08,202556018.96,Twentieth Century Fox,2005
17,The Pacifier,"$113,086,868",5025.9800000000005,178677251.44,Walt Disney Studios Motion Pictures,2005
18,The 40-Year-Old Virgin,"$109,449,237",4749.4800000000005,172929794.46,Universal Pictures,2005
19,Million Dollar Baby,"$99,649,950",3752.5,158777680.74,Warner Bros.,2005
20,Walk the Line,"$90,851,004",4992.8,188840655.16,Twentieth Century Fox,2005
21,Flightplan,"$89,082,220",5409.92,141737532.42000002,Walt Disney Studios Motion Pictures,2005
22,Saw II,"$86,996,234",4659.42,137523144.70000002,Lions Gate Films,2005
23,Monster-in-Law,"$82,931,695",5409.92,131031455.58000001,New Line Cinema,2005
24,Are We There Yet?,"$82,674,398",4439.8,130625548.84,Revolution Studios,2005
25,The Dukes of Hazzard,"$80,270,227",5980.3,126826958.66000001,Warner Bros.,2005
26,The Aviator,"$78,521,054",3997.4,162124321.4,Miramax,2005
27,March of the Penguins,"$77,437,223",3959.48,122350812.34,Warner Independent Pictures (WIP),2005
28,The Ring Two,"$76,231,249",5278.780000000001,120445373.42,DreamWorks Distribution,2005
29,Constantine,"$75,934,974",4749.4800000000005,120042361.24000001,Warner Bros.,2005
30,The Exorcism of Emily Rose,"$75,072,454",4811.1,118614477.32000001,Screen Gems,2005
31,Four Brothers,"$74,494,381",4185.42,117701121.98,Paramount Pictures,2005
32,Sin City,"$74,102,841",5103.400000000001,117084035.60000001,Dimension Films,2005
33,The Interpreter,"$72,708,161",4446.12,114878894.38000001,Universal Pictures,2005
34,Guess Who,"$68,915,888",4972.26,108887103.04,Sony Pictures Entertainment (SPE),2005
35,Sahara,"$68,671,925",5056.0,108501641.5,Paramount Pictures,2005
36,Coach Carter,"$67,264,877",4066.92,106278505.66000001,Paramount Pictures,2005
37,Herbie Fully Loaded,"$66,023,816",5563.18,104317629.28,Walt Disney Studios Motion Pictures,2005
38,The Amityville Horror,"$65,233,369",5250.34,103068723.02000001,Metro-Goldwyn-Mayer (MGM),2005
39,Sky High,"$63,946,815",4600.96,101035967.7,Walt Disney Studios Motion Pictures,2005
40,Bewitched,"$63,313,159",5037.04,100034791.22,Sony Pictures Entertainment (SPE),2005
41,Jarhead,"$62,422,775",3867.84,98999987.60000001,Universal Pictures,2005
42,Cinderella Man,"$61,649,911",4455.6,97406859.38000001,Universal Pictures,2005
43,Red Eye,"$57,891,803",4951.72,91469048.74000001,DreamWorks Distribution,2005
44,White Noise,"$56,386,759",3600.82,89091079.22,Universal Pictures,2005
45,Be Cool,"$56,046,979",5081.280000000001,88554226.82000001,Metro-Goldwyn-Mayer (MGM),2005
46,Wallace & Gromit: The Curse of the Were-Rabbit,"$55,969,163",5776.4800000000005,88655217.26,DreamWorks Distribution,2005
47,Fun with Dick and Jane,"$54,062,538",5117.62,174325724.46,Sony Pictures Entertainment (SPE),2005
48,Crash,"$53,404,817",3009.9,86236874.0,Lions Gate Films,2005
49,Corpse Bride,"$53,359,111",5062.320000000001,84307395.38000001,Warner Bros.,2005
50,Kicking & Screaming,"$52,842,724",5482.6,83491503.92,Universal Pictures,2005
51,Hide and Seek,"$51,100,486",4747.900000000001,80738767.88000001,Twentieth Century Fox,2005
52,The Hitchhiker's Guide to the Galaxy,"$51,085,416",4950.14,80714957.28,Walt Disney Studios Motion Pictures,2005
53,Sideways,"$50,635,185",2821.88,112975676.94000001,Unkwon,2005
54,Diary of a Mad Black Woman,"$50,633,099",2690.7400000000002,80000296.42,Lions Gate Films,2005
55,"Yours, Mine & Ours","$50,328,659",5071.8,84392321.96000001,Paramount Pictures,2005
56,Racing Stripes,"$49,772,522",5032.3,78640584.76,Warner Bros.,2005
57,Miss Congeniality 2: Armed & Fabulous,"$48,478,006",5108.14,76595249.48,Warner Bros.,2005
58,Just Like Heaven,"$48,318,130",5597.9400000000005,76342645.4,DreamWorks Distribution,2005
59,The Skeleton Key,"$47,907,715",4398.72,75694189.7,Universal Pictures,2005
60,Kingdom of Heaven,"$47,398,413",5086.02,74889492.54,Twentieth Century Fox,2005
61,Boogeyman,"$46,752,382",4822.16,73868763.56,Screen Gems,2005
62,Cheaper by the Dozen 2,"$45,958,914",5073.38,130462453.34,Twentieth Century Fox,2005
63,In Good Company,"$45,695,490",3101.54,72374521.22,Universal Pictures,2005
64,The Legend of Zorro,"$45,383,726",5561.6,73413156.34,Sony Pictures Entertainment (SPE),2005
65,Must Love Dogs,"$43,894,863",3957.9,69353883.54,Warner Bros.,2005
66,Transporter 2,"$43,095,856",5245.6,68091452.48,Twentieth Century Fox,2005
67,Fever Pitch,"$42,071,069",5174.5,66472289.02,Twentieth Century Fox,2005
68,The Family Stone,"$41,405,336",3901.02,94899331.44,Twentieth Century Fox,2005
69,The Adventures of Sharkboy and Lavagirl 3-D,"$39,177,708",4194.900000000001,61900740.720000006,Dimension Films,2005
70,The Sisterhood of the Traveling Pants,"$39,053,061",4081.1400000000003,61703836.38,Warner Bros.,2005
71,The Phantom of the Opera,"$38,311,922",2393.7000000000003,81004727.7,Warner Bros.,2005
72,The Brothers Grimm,"$37,917,584",4894.84,59907701.86,Dimension Films,2005
73,Beauty Shop,"$36,351,350",4201.22,57435133.0,Metro-Goldwyn-Mayer (MGM),2005
74,Syriana,"$36,147,858",2804.5,80302899.60000001,Warner Bros.,2005
75,The Island,"$35,818,913",4958.04,56593882.54,DreamWorks Distribution,2005
76,Derailed,"$35,667,597",3866.26,56918040.080000006,The Weinstein Company,2005
77,Hostage,"$34,636,671",3449.1400000000003,54731103.620000005,Miramax,2005
78,A Series of Unfortunate Events,"$33,877,477",5724.34,187442587.42000002,Paramount Pictures,2005
79,The Constant Gardener,"$33,578,235",2191.46,53056079.260000005,Focus Features,2005
80,Pride & Prejudice,"$33,174,127",2109.3,60680039.04,Focus Features,2005
81,Bad News Bears,"$32,868,349",5029.14,51931991.42,Paramount Pictures,2005
82,In Her Shoes,"$32,828,678",4487.2,51951333.78,Twentieth Century Fox,2005
83,Because of Winn-Dixie,"$32,647,042",5037.04,51582326.36,Twentieth Century Fox,2005
84,Dreamer,"$32,605,604",4321.3,51746726.940000005,DreamWorks Distribution,2005
85,Stealth,"$32,116,746",5522.1,50744458.68,Sony Pictures Entertainment (SPE),2005
86,House of Wax,"$32,064,800",4915.38,50662384.0,Warner Bros.,2005
87,The Wedding Date,"$31,726,995",2692.32,50128652.1,Universal Pictures,2005
88,Just Friends,"$31,366,561",3957.9,51539080.18,New Line Cinema,2005
89,A History of Violence,"$31,176,424",2129.84,49777320.14,New Line Cinema,2005
90,Get Rich or Die Tryin',"$30,783,362",2632.28,48956856.160000004,Paramount Pictures,2005
91,The Fog,"$29,511,112",4695.76,46690373.02,Revolution Studios,2005
92,Rent,"$29,008,029",3850.46,45942524.260000005,Revolution Studios,2005
93,Doom,"$28,212,337",4809.52,44575492.46,Universal Pictures,2005
94,Zathura: A Space Adventure,"$28,045,540",5106.56,46229013.02,Sony Pictures Entertainment (SPE),2005
95,Finding Neverland,"$27,860,541",2229.38,81655368.54,Miramax,2005
96,xXx: State of the Union,"$26,873,932",5498.400000000001,42460812.56,Revolution Studios,2005
97,Elizabethtown,"$26,850,433",3976.86,42423673.08,Paramount Pictures,2005
98,Serenity,"$25,514,517",3458.6200000000003,40312936.86,Universal Pictures,2005
99,Dark Water2005 Re-release,"$25,473,352",4198.06,40247896.160000004,Walt Disney Studios Motion Pictures,2005
100,Memoirs of a Geisha,"$25,323,884",2613.32,90835002.64,Sony Pictures Entertainment (SPE),2005
101,Ocean's Twelve,"$25,127,623",5198.2,198359962.4,Warner Bros.,2005
102,Æon Flux,"$24,845,514",4120.64,40881452.46,Paramount Pictures,2005
103,Rumor Has It...,"$24,739,906",4447.7,67940413.96000001,Warner Bros.,2005
104,Unleashed,"$24,537,116",3099.96,38769441.18,Rogue Pictures,2005
105,Elektra,"$24,409,722",5062.320000000001,38567360.760000005,Twentieth Century Fox,2005
106,Ice Princess,"$24,402,491",3951.5800000000004,38555935.78,Walt Disney Studios Motion Pictures,2005
107,Lord of War,"$24,149,632",4446.12,38156418.56,Lions Gate Films,2005
108,"Good Night, and Good Luck.","$23,443,621",1467.8200000000002,49861644.74,Warner Independent Pictures (WIP),2005
109,Hotel Rwanda,"$23,213,894",1301.92,37178809.36,United Artists,2005
110,Two for the Money,"$22,991,379",3787.26,36326378.82,Universal Pictures,2005
111,National Treasure,"$22,886,909",5123.9400000000005,273354052.52000004,Walt Disney Studios Motion Pictures,2005
112,Prime,"$22,827,153",2902.46,36066901.74,Universal Pictures,2005
113,Deuce Bigalow: European Gigolo,"$22,400,154",4940.66,35392243.32,Sony Pictures Entertainment (SPE),2005
114,Hustle & Flow,"$22,202,809",1605.28,35080438.22,Paramount Classics,2005
115,Fat Albert,"$21,935,948",4335.52,76023788.76,Twentieth Century Fox,2005
116,A Lot Like Love,"$21,845,719",3953.1600000000003,34516236.02,Walt Disney Studios Motion Pictures,2005
117,Land of the Dead,"$20,700,082",3559.7400000000002,32706129.560000002,Universal Pictures,2005
118,Assault on Precinct 13,"$20,043,091",3629.26,31664614.1,Rogue Pictures,2005
119,Man of the House,"$19,699,706",3826.76,31125535.48,Sony Pictures Entertainment (SPE),2005
120,Valiant,"$19,478,106",3185.28,30775407.48,Walt Disney Studios Motion Pictures,2005
121,Cursed,"$19,298,687",4431.900000000001,30490084.76,Dimension Films,2005
122,The Upside of Anger,"$18,763,647",1842.28,29643948.94,New Line Cinema,2005
123,Into the Blue,"$18,491,661",4406.62,29705949.720000003,Sony Pictures Entertainment (SPE),2005
124,North Country,"$18,245,513",4036.9,28973600.76,Warner Bros.,2005
125,Pooh's Heffalump Movie,"$18,098,433",3995.82,28595524.14,Walt Disney Studios Motion Pictures,2005
126,Roll Bounce,"$17,372,536",2624.38,27461768.28,Unkwon,2005
127,The Ringer,"$17,265,628",2927.7400000000002,55977306.5,Unkwon,2005
128,Kung Fu Hustle,"$17,110,460",3954.7400000000002,27031573.78,Sony Pictures Classics,2005
129,The Devil's Rejects,"$17,044,981",2776.06,26931069.98,Lions Gate Films,2005
130,Son of the Mask,"$17,018,378",4686.280000000001,26889106.76,New Line Cinema,2005
131,Rebound,"$16,809,014",3893.1200000000003,26558242.12,Twentieth Century Fox,2005
132,The Perfect Man,"$16,535,005",3302.2000000000003,26125307.900000002,Universal Pictures,2005
133,Spanglish,"$16,240,247",4087.46,67508453.02,Sony Pictures Entertainment (SPE),2005
134,Waiting...,"$16,124,543",2610.1600000000003,25476777.94,Lions Gate Films,2005
135,The Gospel,"$15,778,152",1553.14,24929480.16,Screen Gems,2005
136,The Greatest Game Ever Played,"$15,337,393",2859.8,24233080.94,Walt Disney Studios Motion Pictures,2005
137,The Cave,"$15,007,991",3468.1000000000004,23712625.78,Screen Gems,2005
138,Broken Flowers,"$13,744,960",684.14,21717036.8,Focus Features,2005
139,The Honeymooners,"$12,843,849",3020.96,20293281.42,Paramount Pictures,2005
140,The Life Aquatic with Steve Zissou,"$12,659,078",1745.9,37952236.74,Walt Disney Studios Motion Pictures,2005
141,The Incredibles,"$12,501,327",6214.14,413076925.36,Walt Disney Studios Motion Pictures,2005
142,The Weather Man,"$12,482,775",2385.8,19722784.5,Paramount Pictures,2005
143,Brokeback Mountain,"$12,427,578",3300.6200000000003,131209142.38000001,Focus Features,2005
144,Munich,"$12,275,660",2366.84,74897822.3,Universal Pictures,2005
145,Capote,"$11,732,609",1957.6200000000001,45425837.4,Sony Pictures Classics,2005
146,Lords of Dogtown,"$11,273,517",2946.7000000000003,17812156.86,Sony Pictures Entertainment (SPE),2005
147,The Polar Express,"$11,153,453",5767.0,257185065.64000002,Warner Bros.,2005
148,Wolf Creek,"$10,561,220",2782.38,25577324.400000002,Unkwon,2005
149,In the Mix,"$10,223,896",2540.6400000000003,16153755.680000002,Lions Gate Films,2005
150,Domino,"$10,168,709",3512.34,16067339.16,New Line Cinema,2005
151,The Great Raid,"$10,167,373",1453.6000000000001,16064449.34,Miramax,2005
152,Shopgirl,"$10,063,697",778.94,16249546.34,Walt Disney Studios Motion Pictures,2005
153,Cry Wolf,"$10,047,616",2826.6200000000003,15875324.92,Rogue Pictures,2005
154,The Polar Express2005 IMAX Release,"$9,643,722",104.28,17222943.26,Warner Bros.,2005
155,Darkness,"$9,292,014",2714.44,35018238.36,Dimension Films,2005
156,The Producers,"$9,263,542",1545.24,30649680.560000002,Universal Pictures,2005
157,The Ice Harvest,"$9,016,782",2456.9,14246515.56,Focus Features,2005
158,An Unfinished Life,"$8,584,261",1403.04,13566499.360000001,Miramax,2005
159,The Man,"$8,330,303",3223.2000000000003,13162537.600000001,New Line Cinema,2005
160,Closer,"$8,229,888",1734.8400000000001,53700656.06,Sony Pictures Entertainment (SPE),2005
161,Mad Hot Ballroom,"$8,046,040",319.16,12826378.38,Paramount Classics,2005
162,Aliens of the Deep,"$7,535,409",42.660000000000004,14170520.72,Walt Disney Studios Motion Pictures,2005
163,Proof,"$7,535,331",816.86,11905822.98,Miramax,2005
164,House of Flying Daggers,"$7,485,627",1878.6200000000001,17459148.52,Sony Pictures Classics,2005
165,Space Station 3D,"$7,483,064",101.12,147546645.74,IMAX,2005
166,Ladies in Lavender,"$6,765,081",188.02,10688827.98,IDP Distribution,2005
167,Bride & Prejudice,"$6,605,592",455.04,10436835.360000001,Miramax,2005
168,Millions,"$6,584,159",537.2,10402971.22,Unkwon,2005
169,Flight of the Phoenix,"$6,450,040",4114.320000000001,33194504.400000002,Twentieth Century Fox,2005
170,The Aristocrats,"$6,360,237",369.72,10076388.38,THINKFilm,2005
171,The Jacket,"$6,303,762",2102.98,9959943.96,Warner Independent Pictures (WIP),2005
172,Magnificent Desolation: Walking on the Moon,"$6,015,875",129.56,53937287.92,IMAX,2005
173,Underclassman,"$5,656,612",1788.5600000000002,8935625.22,Miramax,2005
174,Blade: Trinity,"$5,579,963",4600.96,82810811.48,New Line Cinema,2005
175,Downfall,"$5,509,040",274.92,8704283.200000001,Newmarket Films,2005
176,Beyond the Sea,"$5,307,776",605.14,9983560.22,Lions Gate Films,2005
177,Alone in the Dark,"$5,178,569",3355.92,8182139.0200000005,Lions Gate Films,2005
178,The Squid and the Whale,"$4,986,790",238.58,11648919.72,IDP Distribution,2005
179,Wild Safari - A South African Adventure,"$4,849,356",33.18,26262017.400000002,Unkwon,2005
180,Howl's Moving Castle,"$4,711,096",319.16,7443531.680000001,Walt Disney Studios Motion Pictures,2005
181,Ong-Bak: The Thai Warrior,"$4,563,167",611.46,7209803.86,Magnolia Pictures,2005
182,Mindhunters,"$4,480,469",1643.2,7079575.5200000005,Dimension Films,2005
183,A Very Long Engagement,"$4,396,424",346.02000000000004,10308534.620000001,Warner Independent Pictures (WIP),2005
184,The SpongeBob SquarePants Movie,"$4,311,650",5225.06,134960421.04,Paramount Pictures,2005
185,Being Julia,"$4,220,370",518.24,12227697.42,Sony Pictures Classics,2005
186,Kiss Kiss Bang Bang,"$4,205,036",357.08000000000004,6705134.48,Warner Bros.,2005
187,Enron: The Smartest Guys in the Room,"$4,071,700",238.58,6433286.0,Magnolia Pictures,2005
188,Ray,"$4,053,245",3908.92,119023928.0,Universal Pictures,2005
189,King's Ransom,"$4,008,193",2382.6400000000003,6333472.66,New Line Cinema,2005
190,Kinsey,"$3,928,716",929.0400000000001,16202866.82,Unkwon,2005
191,Me and You and Everyone We Know,"$3,885,134",252.8,6138511.720000001,IFC Films,2005
192,Melinda and Melinda,"$3,826,280",477.16,6045522.4,Unkwon,2005
193,The Merchant of Venice,"$3,719,849",169.06,5949624.3,Sony Pictures Classics,2005
194,High Tension,"$3,681,066",2090.34,5816084.28,Lions Gate Films,2005
195,Bad Education,"$3,675,806",167.48000000000002,8234710.36,Sony Pictures Classics,2005
196,Stay,"$3,626,883",2660.7200000000003,5730475.140000001,Twentieth Century Fox,2005
197,Born Into Brothels: Calcutta's Red Light Kids,"$3,468,989",200.66,5553796.38,THINKFilm,2005
198,Rize,"$3,336,391",556.1600000000001,5271497.78,Lions Gate Films,2005
199,Grizzly Man,"$3,178,403",165.9,5021876.74,Lions Gate Films,2005
200,Supercross,"$3,102,550",2561.1800000000003,4902029.0,Twentieth Century Fox,2005
